Time (s);Pressure (kPa)
0.0099796251;101.7727177164;18.2710280374
0.0199592502;101.8173320564;18.4579439252
0.0299388753;101.8173320564;18.4579439252
0.0399185004;101.9066606729;18.2710280374
0.0498981255;101.7727177164;18.2710280374
0.0598777506;101.8173320564;18.4579439252
0.0698573757;101.8173320564;18.4579439252
0.0798370008;101.5942150920;18.0841121495
0.0898166259;101.6833344280;18.4579439252
0.0997962510;101.6833344280;18.4579439252
0.1097758761;102.0853273132;18.4579439252
0.1197555012;101.8173320564;18.4579439252
0.1297351263;101.8173320564;18.4579439252
0.1397147514;101.6833344280;18.4579439252
0.1496943765;101.9959986967;18.6448598131
0.1596740016;101.8173320564;18.4579439252
0.1696536267;101.8173320564;18.4579439252
0.1796332518;101.9066606729;18.2710280374
0.1896128769;101.7727177164;18.2710280374
0.1995925020;101.7727177164;18.2710280374
0.2095721271;101.6387747600;18.2710280374
0.2195517522;102.0853273132;18.4579439252
0.2295313773;101.9513296848;18.4579439252
0.2395110024;101.7278940960;18.6448598131
0.2494906275;101.9065607363;18.8317757009
0.2594702526;101.6833344280;18.4579439252
0.2694498778;101.8173320564;18.4579439252
0.2794295029;101.7724537640;18.8317757009
0.2894091280;101.8619463963;18.6448598131
0.2993887531;101.7724537640;18.8317757009
0.3093683782;101.5942150920;18.0841121495
0.3193480033;101.8619463963;18.6448598131
0.3293276284;101.6387747600;18.2710280374
0.3393072535;101.9513296848;18.4579439252
0.3492868786;101.8173320564;18.4579439252
0.3592665037;101.7278940960;18.6448598131
0.3692461288;101.6833344280;18.4579439252
0.3792257539;101.6833344280;18.4579439252
0.3892053790;101.9066606729;18.2710280374
0.3991850041;102.0853273132;18.4579439252
0.4091646292;101.7727177164;18.2710280374
0.4191442543;102.1300509971;18.6448598131
0.4291238794;101.8173320564;18.4579439252
0.4391035045;101.8173320564;18.4579439252
0.4490831296;101.9513296848;18.4579439252
0.4590627547;101.7278940960;18.6448598131
0.4690423798;101.6387747600;18.2710280374
0.4790220049;101.8173320564;18.4579439252
0.4890016300;101.8619463963;18.6448598131
0.4989812551;101.6833344280;18.4579439252
0.5089608802;101.4158218114;17.8971962617
0.5189405053;101.6387747600;18.2710280374
0.5289201304;101.8173320564;18.4579439252
0.5388997555;101.6833344280;18.4579439252
0.5488793806;101.8619463963;18.6448598131
0.5588590057;101.6833344280;18.4579439252
0.5688386308;101.6833344280;18.4579439252
0.5788182559;101.9513296848;18.4579439252
0.5887978810;101.9513296848;18.4579439252
0.5987775061;101.8173320564;18.4579439252
0.6087571312;101.8173320564;18.4579439252
0.6187367563;101.5048318035;18.2710280374
0.6287163814;101.8173320564;18.4579439252
0.6386960065;101.7727177164;18.2710280374
0.6486756316;101.8173320564;18.4579439252
0.6586552567;101.6833344280;18.4579439252
0.6686348818;101.7727177164;18.2710280374
0.6786145069;101.8173320564;18.4579439252
0.6885941320;101.8173320564;18.4579439252
0.6985737571;101.7278940960;18.6448598131
0.7085533822;101.7724537640;18.8317757009
0.7185330073;101.9513296848;18.4579439252
0.7285126324;101.8173320564;18.4579439252
0.7384922575;101.8173320564;18.4579439252
0.7484718826;101.8173320564;18.4579439252
0.7584515077;101.7727177164;18.2710280374
0.7684311328;101.7727177164;18.2710280374
0.7784107579;101.6833344280;18.4579439252
0.7883903830;101.8619463963;18.6448598131
0.7983700081;101.6833344280;18.4579439252
0.8083496333;101.7727177164;18.2710280374
0.8183292584;101.9513296848;18.4579439252
0.8283088835;101.6833344280;18.4579439252
0.8382885086;101.6833344280;18.4579439252
0.8482681337;101.9959986967;18.6448598131
0.8582477588;101.6833344280;18.4579439252
0.8682273839;101.7727177164;18.2710280374
0.8782070090;101.6833344280;18.4579439252
0.8881866341;101.6387747600;18.2710280374
0.8981662592;101.5493367995;18.4579439252
0.9081458843;101.8173320564;18.4579439252
0.9181255094;101.6387747600;18.2710280374
0.9281051345;101.9513296848;18.4579439252
0.9380847596;101.6833344280;18.4579439252
0.9480643847;101.7278940960;18.6448598131
0.9580440098;101.6387747600;18.2710280374
0.9680236349;101.8619463963;18.6448598131
0.9780032600;101.5938417956;18.6448598131
0.9879828851;101.7727177164;18.2710280374
0.9979625102;101.5493367995;18.4579439252
1.0079421353;101.7278940960;18.6448598131
1.0179217604;102.1747746810;18.8317757009
1.0279013855;101.8619463963;18.6448598131
1.0378810106;101.9066606729;18.2710280374
1.0478606357;101.7727177164;18.2710280374
1.0578402608;101.8173320564;18.4579439252
1.0678198859;102.0853273132;18.4579439252
1.0777995110;101.5048318035;18.2710280374
1.0877791361;101.7278940960;18.6448598131
1.0977587612;101.8173320564;18.4579439252
1.1077383863;101.8619463963;18.6448598131
1.1177180114;101.7727177164;18.2710280374
1.1276976365;101.7727177164;18.2710280374
1.1376772616;101.6833344280;18.4579439252
1.1476568867;101.8619463963;18.6448598131
1.1576365118;101.8173320564;18.4579439252
1.1676161369;101.6833344280;18.4579439252
1.1775957620;101.8173320564;18.4579439252
1.1875753871;101.8173320564;18.4579439252
1.1975550122;101.9513296848;18.4579439252
1.2075346373;101.8173320564;18.4579439252
1.2175142624;101.9513296848;18.4579439252
1.2274938875;101.8619463963;18.6448598131
1.2374735126;101.7727177164;18.2710280374
1.2474531377;101.6833344280;18.4579439252
1.2574327628;101.9513296848;18.4579439252
1.2674123879;101.9513296848;18.4579439252
1.2773920130;101.6387747600;18.2710280374
1.2873716381;101.8619463963;18.6448598131
1.2973512632;101.8619463963;18.6448598131
1.3073308883;101.8173320564;18.4579439252
1.3173105134;101.5942150920;18.0841121495
1.3272901385;101.9065607363;18.8317757009
1.3372697637;101.8173320564;18.4579439252
1.3472493888;101.9513296848;18.4579439252
1.3572290139;101.6833344280;18.4579439252
1.3672086390;101.6833344280;18.4579439252
1.3771882641;101.5493367995;18.4579439252
1.3871678892;101.9513296848;18.4579439252
1.3971475143;101.7727177164;18.2710280374
1.4071271394;101.9066606729;18.2710280374
1.4171067645;101.8173320564;18.4579439252
1.4270863896;101.7278940960;18.6448598131
1.4370660147;101.5493367995;18.4579439252
1.4470456398;101.8173320564;18.4579439252
1.4570252649;101.6833344280;18.4579439252
1.4670048900;101.7281033764;18.0841121495
1.4769845151;101.7278940960;18.6448598131
1.4869641402;101.8173320564;18.4579439252
1.4969437653;101.8173320564;18.4579439252
1.5069233904;101.8619463963;18.6448598131
1.5169030155;101.6833344280;18.4579439252
1.5268826406;101.7278940960;18.6448598131
1.5368622657;101.8173320564;18.4579439252
1.5468418908;101.7727177164;18.2710280374
1.5568215159;101.6833344280;18.4579439252
1.5668011410;102.0853273132;18.4579439252
1.5767807661;101.6833344280;18.4579439252
1.5867603912;101.8619463963;18.6448598131
1.5967400163;101.8173320564;18.4579439252
1.6067196414;101.7727177164;18.2710280374
1.6166992665;101.8619463963;18.6448598131
1.6266788916;101.8619463963;18.6448598131
1.6366585167;101.9959986967;18.6448598131
1.6466381418;101.7727177164;18.2710280374
1.6566177669;101.6833344280;18.4579439252
1.6665973920;101.8173320564;18.4579439252
1.6765770171;101.9513296848;18.4579439252
1.6865566422;101.6833344280;18.4579439252
1.6965362673;101.8619463963;18.6448598131
1.7065158924;101.8173320564;18.4579439252
1.7164955175;101.6833344280;18.4579439252
1.7264751426;101.8173320564;18.4579439252
1.7364547677;101.8173320564;18.4579439252
1.7464343928;101.6833344280;18.4579439252
1.7564140179;101.8173320564;18.4579439252
1.7663936430;101.9959986967;18.6448598131
1.7763732681;101.8173320564;18.4579439252
1.7863528932;101.6833344280;18.4579439252
1.7963325183;101.8173320564;18.4579439252
1.8063121434;101.6833344280;18.4579439252
1.8162917685;101.9513296848;18.4579439252
1.8262713936;101.8173320564;18.4579439252
1.8362510187;101.6833344280;18.4579439252
1.8462306438;101.6833344280;18.4579439252
1.8562102689;101.8173320564;18.4579439252
1.8661898941;101.8173320564;18.4579439252
1.8761695192;102.0853273132;18.4579439252
1.8861491443;101.9513296848;18.4579439252
1.8961287694;101.6833344280;18.4579439252
1.9061083945;101.8173320564;18.4579439252
1.9160880196;101.8619463963;18.6448598131
1.9260676447;101.7278940960;18.6448598131
1.9360472698;101.9065607363;18.8317757009
1.9460268949;101.6833344280;18.4579439252
1.9560065200;101.6833344280;18.4579439252
1.9659861451;101.8173320564;18.4579439252
1.9759657702;101.5938417956;18.6448598131
1.9859453953;102.0406677087;18.8317757009
1.9959250204;101.9513296848;18.4579439252
2.0059046455;101.8173320564;18.4579439252
2.0158842706;101.8173320564;18.4579439252
2.0258638957;101.7727177164;18.2710280374
2.0358435208;101.8173320564;18.4579439252
2.0458231459;101.7278940960;18.6448598131
2.0558027710;101.7278940960;18.6448598131
2.0657823961;101.6833344280;18.4579439252
2.0757620212;101.9065607363;18.8317757009
2.0857416463;101.7724537640;18.8317757009
2.0957212714;101.7724537640;18.8317757009
2.1057008965;101.9959986967;18.6448598131
2.1156805216;101.8619463963;18.6448598131
2.1256601467;101.7727177164;18.2710280374
2.1356397718;101.8173320564;18.4579439252
2.1456193969;101.8173320564;18.4579439252
2.1555990220;101.9065607363;18.8317757009
2.1655786471;101.8173320564;18.4579439252
2.1755582722;101.5493367995;18.4579439252
2.1855378973;101.9513296848;18.4579439252
2.1955175224;101.6387747600;18.2710280374
2.2054971475;101.6833344280;18.4579439252
2.2154767726;101.6833344280;18.4579439252
2.2254563977;101.7724537640;18.8317757009
2.2354360228;101.7278940960;18.6448598131
2.2454156479;101.8173320564;18.4579439252
2.2553952730;101.6833344280;18.4579439252
2.2653748981;101.7281033764;18.0841121495
2.2753545232;101.8173320564;18.4579439252
2.2853341483;101.6833344280;18.4579439252
2.2953137734;101.6833344280;18.4579439252
2.3052933985;101.9513296848;18.4579439252
2.3152730236;101.9513296848;18.4579439252
2.3252526487;101.6833344280;18.4579439252
2.3352322738;101.7278940960;18.6448598131
2.3452118989;101.7278940960;18.6448598131
2.3551915240;101.9959986967;18.6448598131
2.3651711491;101.8173320564;18.4579439252
2.3751507742;101.8619916609;18.0841121495
2.3851303993;101.8173320564;18.4579439252
2.3951100244;101.8173320564;18.4579439252
2.4050896496;101.8619463963;18.6448598131
2.4150692747;101.9066606729;18.2710280374
2.4250488998;101.6833344280;18.4579439252
2.4350285249;101.8173320564;18.4579439252
2.4450081500;101.9513296848;18.4579439252
2.4549877751;101.5493367995;18.4579439252
2.4649674002;101.7727177164;18.2710280374
2.4749470253;102.0853273132;18.4579439252
2.4849266504;101.5493367995;18.4579439252
2.4949062755;101.8173320564;18.4579439252
2.5048859006;101.6833344280;18.4579439252
2.5148655257;101.7278940960;18.6448598131
2.5248451508;101.7278940960;18.6448598131
2.5348247759;101.9513296848;18.4579439252
2.5448044010;101.8173320564;18.4579439252
2.5547840261;101.7278940960;18.6448598131
2.5647636512;102.0853273132;18.4579439252
2.5747432763;101.6833344280;18.4579439252
2.5847229014;102.0853273132;18.4579439252
2.5947025265;101.7278940960;18.6448598131
2.6046821516;101.6387747600;18.2710280374
2.6146617767;101.7724537640;18.8317757009
2.6246414018;101.6833344280;18.4579439252
2.6346210269;101.8173320564;18.4579439252
2.6446006520;101.8619463963;18.6448598131
2.6545802771;101.9065607363;18.8317757009
2.6645599022;102.0853273132;18.4579439252
2.6745395273;101.8619463963;18.6448598131
2.6845191524;101.5493367995;18.4579439252
2.6944987775;101.6387747600;18.2710280374
2.7044784026;101.7278940960;18.6448598131
2.7144580277;101.9959986967;18.6448598131
2.7244376528;101.8173320564;18.4579439252
2.7344172779;101.6833344280;18.4579439252
2.7443969030;101.7727177164;18.2710280374
2.7543765281;101.8619463963;18.6448598131
2.7643561532;101.6833344280;18.4579439252
2.7743357783;101.7281033764;18.0841121495
2.7843154034;101.7278940960;18.6448598131
2.7942950285;101.8173320564;18.4579439252
2.8042746536;101.6833344280;18.4579439252
2.8142542787;101.6833344280;18.4579439252
2.8242339038;101.8619463963;18.6448598131
2.8342135289;101.7278940960;18.6448598131
2.8441931540;101.6833344280;18.4579439252
2.8541727791;101.6387747600;18.2710280374
2.8641524042;101.6387747600;18.2710280374
2.8741320293;101.7278940960;18.6448598131
2.8841116544;101.8173320564;18.4579439252
2.8940912795;101.7281033764;18.0841121495
2.9040709046;101.6833344280;18.4579439252
2.9140505297;101.6833344280;18.4579439252
2.9240301548;101.7727177164;18.2710280374
2.9340097800;101.8173320564;18.4579439252
2.9439894051;102.1300509971;18.6448598131
2.9539690302;101.6387747600;18.2710280374
2.9639486553;101.7727177164;18.2710280374
2.9739282804;101.6833344280;18.4579439252
2.9839079055;101.8173320564;18.4579439252
2.9938875306;101.9513296848;18.4579439252
3.0038671557;101.9959986967;18.6448598131
3.0138467808;101.7278940960;18.6448598131
3.0238264059;101.8173320564;18.4579439252
3.0338060310;101.6387747600;18.2710280374
3.0437856561;101.8173320564;18.4579439252
3.0537652812;101.8173320564;18.4579439252
3.0637449063;101.6833344280;18.4579439252
3.0737245314;101.5938417956;18.6448598131
3.0837041565;101.6833344280;18.4579439252
3.0936837816;101.7278940960;18.6448598131
3.1036634067;101.8619463963;18.6448598131
3.1136430318;102.0853273132;18.4579439252
3.1236226569;101.6833344280;18.4579439252
3.1336022820;101.8619463963;18.6448598131
3.1435819071;101.8619463963;18.6448598131
3.1535615322;101.9513296848;18.4579439252
3.1635411573;101.9959986967;18.6448598131
3.1735207824;101.6833344280;18.4579439252
3.1835004075;101.8619463963;18.6448598131
3.1934800326;101.8173320564;18.4579439252
3.2034596577;101.9513296848;18.4579439252
3.2134392828;102.1300509971;18.6448598131
3.2234189079;101.5938417956;18.6448598131
3.2333985330;101.8619463963;18.6448598131
3.2433781581;101.8173320564;18.4579439252
3.2533577832;101.9065607363;18.8317757009
3.2633374083;101.9513296848;18.4579439252
3.2733170334;102.2641032975;18.6448598131
3.2832966585;101.8173320564;18.4579439252
3.2932762836;101.8619463963;18.6448598131
3.3032559087;101.9513296848;18.4579439252
3.3132355338;102.2193249416;18.4579439252
3.3232151589;101.8173320564;18.4579439252
3.3331947840;101.6833344280;18.4579439252
3.3431744091;102.1747746810;18.8317757009
3.3531540342;101.7278940960;18.6448598131
3.3631336593;101.9959986967;18.6448598131
3.3731132844;101.9513296848;18.4579439252
3.3830929095;101.8173320564;18.4579439252
3.3930725346;101.6387747600;18.2710280374
3.4030521597;101.6387747600;18.2710280374
3.4130317848;101.8619463963;18.6448598131
3.4230114099;101.8619463963;18.6448598131
3.4329910350;101.8619463963;18.6448598131
3.4429706601;102.0406677087;18.8317757009
3.4529502852;101.7724537640;18.8317757009
3.4629299104;101.6833344280;18.4579439252
3.4729095355;101.7278940960;18.6448598131
3.4828891606;101.7278940960;18.6448598131
3.4928687857;102.0853273132;18.4579439252
3.5028484108;101.8173320564;18.4579439252
3.5128280359;101.7727177164;18.2710280374
3.5228076610;101.9066606729;18.2710280374
3.5327872861;101.6833344280;18.4579439252
3.5427669112;101.6387747600;18.2710280374
3.5527465363;101.9958799454;18.0841121495
3.5627261614;101.6833344280;18.4579439252
3.5727057865;101.6833344280;18.4579439252
3.5826854116;101.9065607363;18.8317757009
3.5926650367;101.7724537640;18.8317757009
3.6026446618;101.8173320564;18.4579439252
3.6126242869;101.7724537640;18.8317757009
3.6226039120;101.6833344280;18.4579439252
3.6325835371;101.7727177164;18.2710280374
3.6425631622;101.8173320564;18.4579439252
3.6525427873;101.8173320564;18.4579439252
3.6625224124;101.7727177164;18.2710280374
3.6725020375;102.0853273132;18.4579439252
3.6824816626;101.5938417956;18.6448598131
3.6924612877;101.9959986967;18.6448598131
3.7024409128;102.0406677087;18.8317757009
3.7124205379;101.6387747600;18.2710280374
3.7224001630;101.7724537640;18.8317757009
3.7323797881;102.0853273132;18.4579439252
3.7423594132;102.1300509971;18.6448598131
3.7523390383;101.6833344280;18.4579439252
3.7623186634;101.7724537640;18.8317757009
3.7722982885;101.8619463963;18.6448598131
3.7822779136;101.8619463963;18.6448598131
3.7922575387;101.9513296848;18.4579439252
3.8022371638;101.8173320564;18.4579439252
3.8122167889;101.6833344280;18.4579439252
3.8221964140;101.6387747600;18.2710280374
3.8321760391;101.8619463963;18.6448598131
3.8421556642;101.9513296848;18.4579439252
3.8521352893;101.8619463963;18.6448598131
3.8621149144;101.7724537640;18.8317757009
3.8720945395;101.6387747600;18.2710280374
3.8820741646;101.5938417956;18.6448598131
3.8920537897;101.8173320564;18.4579439252
3.9020334148;101.8173320564;18.4579439252
3.9120130399;101.9513296848;18.4579439252
3.9219926650;101.8619463963;18.6448598131
3.9319722901;101.8619463963;18.6448598131
3.9419519152;101.8173320564;18.4579439252
3.9519315403;101.6383467916;18.8317757009
3.9619111654;101.8173320564;18.4579439252
3.9718907905;102.0406677087;18.8317757009
3.9818704156;101.6833344280;18.4579439252
3.9918500407;101.6833344280;18.4579439252
4.0018296659;102.1300509971;18.6448598131
4.0118092910;101.7278940960;18.6448598131
4.0217889161;101.7278940960;18.6448598131
4.0317685412;101.9513296848;18.4579439252
4.0417481663;101.5938417956;18.6448598131
4.0517277914;101.8173320564;18.4579439252
4.0617074165;101.6387747600;18.2710280374
4.0716870416;101.8619463963;18.6448598131
4.0816666667;101.7278940960;18.6448598131
4.0916462918;101.6387747600;18.2710280374
4.1016259169;101.7281033764;18.0841121495
4.1116055420;101.8173320564;18.4579439252
4.1215851671;102.1300509971;18.6448598131
4.1315647922;101.7278940960;18.6448598131
4.1415444173;101.6387747600;18.2710280374
4.1515240424;101.7727177164;18.2710280374
4.1615036675;101.6383467916;18.8317757009
4.1714832926;101.8173320564;18.4579439252
4.1814629177;101.9513296848;18.4579439252
4.1914425428;101.6833344280;18.4579439252
4.2014221679;101.9513296848;18.4579439252
4.2114017930;101.6833344280;18.4579439252
4.2213814181;101.5048318035;18.2710280374
4.2313610432;101.6833344280;18.4579439252
4.2413406683;101.6833344280;18.4579439252
4.2513202934;101.9959986967;18.6448598131
4.2612999185;101.8619463963;18.6448598131
4.2712795436;101.8173320564;18.4579439252
4.2812591687;101.8173320564;18.4579439252
4.2912387938;101.5938417956;18.6448598131
4.3012184189;101.6833344280;18.4579439252
4.3111980440;101.6833344280;18.4579439252
4.3211776691;101.8173320564;18.4579439252
4.3311572942;101.5938417956;18.6448598131
4.3411369193;101.5493367995;18.4579439252
4.3511165444;102.1300509971;18.6448598131
4.3610961695;101.8173320564;18.4579439252
4.3710757946;101.9065607363;18.8317757009
4.3810554197;101.6833344280;18.4579439252
4.3910350448;102.0406677087;18.8317757009
4.4010146699;101.7724537640;18.8317757009
4.4109942950;101.7727177164;18.2710280374
4.4209739201;101.5048318035;18.2710280374
4.4309535452;101.8619463963;18.6448598131
4.4409331703;101.9065607363;18.8317757009
4.4509127954;102.0853273132;18.4579439252
4.4608924205;101.8173320564;18.4579439252
4.4708720456;101.8173320564;18.4579439252
4.4808516707;101.7278940960;18.6448598131
4.4908312958;101.6833344280;18.4579439252
4.5008109209;101.8619463963;18.6448598131
4.5107905460;101.7278940960;18.6448598131
4.5207701711;101.7278940960;18.6448598131
4.5307497963;101.7278940960;18.6448598131
4.5407294214;101.8173320564;18.4579439252
4.5507090465;101.9959986967;18.6448598131
4.5606886716;101.7278940960;18.6448598131
4.5706682967;101.8173320564;18.4579439252
4.5806479218;101.7278940960;18.6448598131
4.5906275469;101.7278940960;18.6448598131
4.6006071720;101.7278940960;18.6448598131
4.6105867971;101.7727177164;18.2710280374
4.6205664222;101.8619463963;18.6448598131
4.6305460473;101.7278940960;18.6448598131
4.6405256724;101.6833344280;18.4579439252
4.6505052975;101.6833344280;18.4579439252
4.6604849226;101.8619463963;18.6448598131
4.6704645477;101.6387747600;18.2710280374
4.6804441728;101.6833344280;18.4579439252
4.6904237979;101.8619463963;18.6448598131
4.7004034230;101.6833344280;18.4579439252
4.7103830481;101.8619463963;18.6448598131
4.7203626732;101.9959986967;18.6448598131
4.7303422983;101.8619463963;18.6448598131
4.7403219234;101.6383467916;18.8317757009
4.7503015485;101.7724537640;18.8317757009
4.7602811736;101.6833344280;18.4579439252
4.7702607987;101.7278940960;18.6448598131
4.7802404238;101.9065607363;18.8317757009
4.7902200489;101.6833344280;18.4579439252
4.8001996740;101.8619463963;18.6448598131
4.8101792991;101.9959986967;18.6448598131
4.8201589242;101.8173320564;18.4579439252
4.8301385493;101.5942150920;18.0841121495
4.8401181744;101.6833344280;18.4579439252
4.8500977995;101.7724537640;18.8317757009
4.8600774246;101.8173320564;18.4579439252
4.8700570497;101.6387747600;18.2710280374
4.8800366748;101.7278940960;18.6448598131
4.8900162999;101.8619463963;18.6448598131
4.8999959250;101.8173320564;18.4579439252
4.9099755501;101.6833344280;18.4579439252
4.9199551752;101.8619463963;18.6448598131
4.9299348003;102.0853273132;18.4579439252
4.9399144254;101.7278940960;18.6448598131
4.9498940505;101.8173320564;18.4579439252
4.9598736756;101.6833344280;18.4579439252
4.9698533007;101.9513296848;18.4579439252
4.9798329258;101.9513296848;18.4579439252
4.9898125509;101.7278940960;18.6448598131
4.9997921760;101.6833344280;18.4579439252
5.0097718011;102.1300509971;18.6448598131
5.0197514262;101.6834890365;17.8971962617
5.0297310513;101.7727177164;18.2710280374
5.0397106764;101.5938417956;18.6448598131
5.0496903015;101.6833344280;18.4579439252
5.0596699267;101.8619463963;18.6448598131
5.0696495518;101.8170134320;19.0186915888
5.0796291769;101.8173320564;18.4579439252
5.0896088020;101.6387747600;18.2710280374
5.0995884271;101.5493367995;18.4579439252
5.1095680522;101.9513296848;18.4579439252
5.1195476773;101.9065607363;18.8317757009
5.1295273024;101.8173320564;18.4579439252
5.1395069275;101.6833344280;18.4579439252
5.1494865526;101.8170134320;19.0186915888
5.1594661777;101.6833344280;18.4579439252
5.1694458028;101.6833344280;18.4579439252
5.1794254279;101.8619463963;18.6448598131
5.1894050530;101.9959986967;18.6448598131
5.1993846781;101.8173320564;18.4579439252
5.2093643032;101.9959986967;18.6448598131
5.2193439283;101.7278940960;18.6448598131
5.2293235534;101.6387747600;18.2710280374
5.2393031785;101.8619463963;18.6448598131
5.2492828036;101.9959986967;18.6448598131
5.2592624287;101.6833344280;18.4579439252
5.2692420538;101.9065607363;18.8317757009
5.2792216789;101.8619463963;18.6448598131
5.2892013040;101.8173320564;18.4579439252
5.2991809291;101.8619463963;18.6448598131
5.3091605542;101.9959986967;18.6448598131
5.3191401793;101.7278940960;18.6448598131
5.3291198044;101.5942150920;18.0841121495
5.3390994295;101.9065607363;18.8317757009
5.3490790546;101.6833344280;18.4579439252
5.3590586797;101.7278940960;18.6448598131
5.3690383048;101.6833344280;18.4579439252
5.3790179299;101.7278940960;18.6448598131
5.3889975550;101.6833344280;18.4579439252
5.3989771801;101.8619463963;18.6448598131
5.4089568052;101.5493367995;18.4579439252
5.4189364303;101.5938417956;18.6448598131
5.4289160554;101.6833344280;18.4579439252
5.4388956805;101.8619463963;18.6448598131
5.4488753056;101.6387747600;18.2710280374
5.4588549307;101.6383467916;18.8317757009
5.4688345558;101.5938417956;18.6448598131
5.4788141809;101.8619463963;18.6448598131
5.4887938060;101.7724537640;18.8317757009
5.4987734311;101.7724537640;18.8317757009
5.5087530562;101.8173320564;18.4579439252
5.5187326813;101.8619463963;18.6448598131
5.5287123064;101.8619463963;18.6448598131
5.5386919315;101.8619463963;18.6448598131
5.5486715566;101.7278940960;18.6448598131
5.5586511817;101.9065607363;18.8317757009
5.5686308068;101.8619463963;18.6448598131
5.5786104319;101.5938417956;18.6448598131
5.5885900570;101.7278940960;18.6448598131
5.5985696822;101.8173320564;18.4579439252
5.6085493073;101.6383467916;18.8317757009
5.6185289324;101.9959986967;18.6448598131
5.6285085575;101.8173320564;18.4579439252
5.6384881826;101.7278940960;18.6448598131
5.6484678077;101.8619463963;18.6448598131
5.6584474328;101.8619463963;18.6448598131
5.6684270579;101.5942150920;18.0841121495
5.6784066830;101.8619463963;18.6448598131
5.6883863081;101.7727177164;18.2710280374
5.6983659332;101.8173320564;18.4579439252
5.7083455583;101.8173320564;18.4579439252
5.7183251834;101.7727177164;18.2710280374
5.7283048085;102.0406036293;18.2710280374
5.7382844336;102.0853273132;18.4579439252
5.7482640587;101.6833344280;18.4579439252
5.7582436838;101.8173320564;18.4579439252
5.7682233089;101.9065607363;18.8317757009
5.7782029340;101.8173320564;18.4579439252
5.7881825591;101.6833344280;18.4579439252
5.7981621842;101.8173320564;18.4579439252
5.8081418093;101.6833344280;18.4579439252
5.8181214344;102.0853273132;18.4579439252
5.8281010595;101.9959986967;18.6448598131
5.8380806846;101.8619463963;18.6448598131
5.8480603097;101.5493367995;18.4579439252
5.8580399348;101.8619463963;18.6448598131
5.8680195599;101.7278940960;18.6448598131
5.8779991850;101.9065607363;18.8317757009
5.8879788101;101.9959986967;18.6448598131
5.8979584352;101.9959986967;18.6448598131
5.9079380603;101.8619463963;18.6448598131
5.9179176854;101.8619463963;18.6448598131
5.9278973105;101.6833344280;18.4579439252
5.9378769356;101.8619463963;18.6448598131
5.9478565607;101.5938417956;18.6448598131
5.9578361858;101.5938417956;18.6448598131
5.9678158109;101.6833344280;18.4579439252
5.9777954360;101.7724537640;18.8317757009
5.9877750611;101.8173320564;18.4579439252
5.9977546862;101.9959986967;18.6448598131
6.0077343113;101.6833344280;18.4579439252
6.0177139364;101.8173320564;18.4579439252
6.0276935615;101.8173320564;18.4579439252
6.0376731866;101.8619463963;18.6448598131
6.0476528117;101.8619463963;18.6448598131
6.0576324368;101.7724537640;18.8317757009
6.0676120619;101.7278940960;18.6448598131
6.0775916870;101.9959986967;18.6448598131
6.0875713121;101.7278940960;18.6448598131
6.0975509372;101.6833344280;18.4579439252
6.1075305623;101.6833344280;18.4579439252
6.1175101874;101.6833344280;18.4579439252
6.1274898126;101.7724537640;18.8317757009
6.1374694377;101.7278940960;18.6448598131
6.1474490628;101.6833344280;18.4579439252
6.1574286879;101.7278940960;18.6448598131
6.1674083130;101.9065607363;18.8317757009
6.1773879381;101.7724537640;18.8317757009
6.1873675632;101.5493367995;18.4579439252
6.1973471883;101.6833344280;18.4579439252
6.2073268134;101.8173320564;18.4579439252
6.2173064385;101.6833344280;18.4579439252
6.2272860636;102.1300509971;18.6448598131
6.2372656887;101.7278940960;18.6448598131
6.2472453138;101.7281033764;18.0841121495
6.2572249389;101.8173320564;18.4579439252
6.2672045640;101.7724537640;18.8317757009
6.2771841891;101.8619463963;18.6448598131
6.2871638142;101.8619463963;18.6448598131
6.2971434393;101.9959986967;18.6448598131
6.3071230644;101.8173320564;18.4579439252
6.3171026895;101.7727177164;18.2710280374
6.3270823146;101.8173320564;18.4579439252
6.3370619397;101.9065607363;18.8317757009
6.3470415648;101.8619463963;18.6448598131
6.3570211899;101.6833344280;18.4579439252
6.3670008150;101.7278940960;18.6448598131
6.3769804401;101.9065607363;18.8317757009
6.3869600652;101.7278940960;18.6448598131
6.3969396903;101.6833344280;18.4579439252
6.4069193154;101.7278940960;18.6448598131
6.4168989405;101.6833344280;18.4579439252
6.4268785656;101.8619463963;18.6448598131
6.4368581907;101.6383467916;18.8317757009
6.4468378158;101.7724537640;18.8317757009
6.4568174409;101.9959986967;18.6448598131
6.4667970660;101.7727177164;18.2710280374
6.4767766911;101.7278940960;18.6448598131
6.4867563162;101.9959986967;18.6448598131
6.4967359413;101.8619463963;18.6448598131
6.5067155664;101.7278940960;18.6448598131
6.5166951915;101.8619463963;18.6448598131
6.5266748166;101.7727177164;18.2710280374
6.5366544417;101.8173320564;18.4579439252
6.5466340668;101.8619463963;18.6448598131
6.5566136919;101.4603268075;18.0841121495
6.5665933170;101.5938417956;18.6448598131
6.5765729421;101.7724537640;18.8317757009
6.5865525672;101.9513296848;18.4579439252
6.5965321923;101.9513296848;18.4579439252
6.6065118174;102.1747746810;18.8317757009
6.6164914425;101.6383467916;18.8317757009
6.6264710676;101.9066606729;18.2710280374
6.6364506927;102.0406677087;18.8317757009
6.6464303178;101.6833344280;18.4579439252
6.6564099430;101.6833344280;18.4579439252
6.6663895681;101.7278940960;18.6448598131
6.6763691932;101.5938417956;18.6448598131
6.6863488183;101.8173320564;18.4579439252
6.6963284434;101.6833344280;18.4579439252
6.7063080685;101.9065607363;18.8317757009
6.7162876936;101.7278940960;18.6448598131
6.7262673187;101.8619463963;18.6448598131
6.7362469438;101.8619463963;18.6448598131
6.7462265689;101.9066606729;18.2710280374
6.7562061940;102.0406677087;18.8317757009
6.7661858191;101.9513296848;18.4579439252
6.7761654442;101.7281033764;18.0841121495
6.7861450693;101.9959986967;18.6448598131
6.7961246944;101.7278940960;18.6448598131
6.8061043195;101.8173320564;18.4579439252
6.8160839446;101.6833344280;18.4579439252
6.8260635697;101.9959986967;18.6448598131
6.8360431948;101.7727177164;18.2710280374
6.8460228199;101.9513296848;18.4579439252
6.8560024450;101.9959986967;18.6448598131
6.8659820701;101.8619463963;18.6448598131
6.8759616952;101.9959986967;18.6448598131
6.8859413203;101.7278940960;18.6448598131
6.8959209454;101.6833344280;18.4579439252
6.9059005705;101.8619463963;18.6448598131
6.9158801956;101.8619463963;18.6448598131
6.9258598207;101.8619463963;18.6448598131
6.9358394458;101.9065607363;18.8317757009
6.9458190709;101.7278940960;18.6448598131
6.9557986960;101.9065607363;18.8317757009
6.9657783211;101.8173320564;18.4579439252
6.9757579462;101.8619463963;18.6448598131
6.9857375713;101.6833344280;18.4579439252
6.9957171964;101.5048318035;18.2710280374
7.0056968215;101.6833344280;18.4579439252
7.0156764466;101.8173320564;18.4579439252
7.0256560717;101.6833344280;18.4579439252
7.0356356968;101.7281033764;18.0841121495
7.0456153219;101.7278940960;18.6448598131
7.0555949470;101.6833344280;18.4579439252
7.0655745721;101.9513296848;18.4579439252
7.0755541972;101.7278940960;18.6448598131
7.0855338223;101.6833344280;18.4579439252
7.0955134474;101.6833344280;18.4579439252
7.1054930725;101.6833344280;18.4579439252
7.1154726976;101.6387747600;18.2710280374
7.1254523227;101.8173320564;18.4579439252
7.1354319478;101.8173320564;18.4579439252
7.1454115729;101.8173320564;18.4579439252
7.1553911980;101.8173320564;18.4579439252
7.1653708231;101.8619463963;18.6448598131
7.1753504482;101.8170134320;19.0186915888
7.1853300733;101.9065607363;18.8317757009
7.1953096985;101.8173320564;18.4579439252
7.2052893236;102.1300509971;18.6448598131
7.2152689487;101.7724537640;18.8317757009
7.2252485738;101.9959986967;18.6448598131
7.2352281989;101.8173320564;18.4579439252
7.2452078240;101.9065607363;18.8317757009
7.2551874491;101.8619463963;18.6448598131
7.2651670742;101.7278940960;18.6448598131
7.2751466993;101.8619463963;18.6448598131
7.2851263244;101.8173320564;18.4579439252
7.2951059495;101.7278940960;18.6448598131
7.3050855746;101.6833344280;18.4579439252
7.3150651997;101.9065607363;18.8317757009
7.3250448248;101.5938417956;18.6448598131
7.3350244499;101.9959986967;18.6448598131
7.3450040750;101.9959986967;18.6448598131
7.3549837001;101.6833344280;18.4579439252
7.3649633252;101.6383467916;18.8317757009
7.3749429503;101.6833344280;18.4579439252
7.3849225754;101.6833344280;18.4579439252
7.3949022005;101.8619463963;18.6448598131
7.4048818256;101.9513296848;18.4579439252
7.4148614507;101.7278940960;18.6448598131
7.4248410758;101.5493367995;18.4579439252
7.4348207009;101.9513296848;18.4579439252
7.4448003260;101.8619463963;18.6448598131
7.4547799511;101.7278940960;18.6448598131
7.4647595762;101.8173320564;18.4579439252
7.4747392013;101.8619463963;18.6448598131
7.4847188264;101.8173320564;18.4579439252
7.4946984515;101.7727177164;18.2710280374
7.5046780766;101.8619463963;18.6448598131
7.5146577017;101.7724537640;18.8317757009
7.5246373268;101.6833344280;18.4579439252
7.5346169519;101.8619463963;18.6448598131
7.5445965770;101.7278940960;18.6448598131
7.5545762021;101.8173320564;18.4579439252
7.5645558272;101.7278940960;18.6448598131
7.5745354523;101.7278940960;18.6448598131
7.5845150774;101.6833344280;18.4579439252
7.5944947025;101.8173320564;18.4579439252
7.6044743276;101.8173320564;18.4579439252
7.6144539527;101.6833344280;18.4579439252
7.6244335778;101.6833344280;18.4579439252
7.6344132029;102.1300509971;18.6448598131
7.6443928280;101.8173320564;18.4579439252
7.6543724531;101.8619463963;18.6448598131
7.6643520782;101.7278940960;18.6448598131
7.6743317033;101.5938417956;18.6448598131
7.6843113284;101.8619463963;18.6448598131
7.6942909535;101.7727177164;18.2710280374
7.7042705786;101.8619463963;18.6448598131
7.7142502037;101.6833344280;18.4579439252
7.7242298289;101.6833344280;18.4579439252
7.7342094540;101.7278940960;18.6448598131
7.7441890791;101.8173320564;18.4579439252
7.7541687042;101.6833344280;18.4579439252
7.7641483293;101.9959986967;18.6448598131
7.7741279544;101.8619463963;18.6448598131
7.7841075795;101.8173320564;18.4579439252
7.7940872046;101.6833344280;18.4579439252
7.8040668297;101.6833344280;18.4579439252
7.8140464548;101.8619463963;18.6448598131
7.8240260799;101.8173320564;18.4579439252
7.8340057050;101.9065607363;18.8317757009
7.8439853301;101.7278940960;18.6448598131
7.8539649552;101.7278940960;18.6448598131
7.8639445803;101.7278940960;18.6448598131
7.8739242054;101.9513296848;18.4579439252
7.8839038305;101.6387747600;18.2710280374
7.8938834556;101.5493367995;18.4579439252
7.9038630807;101.7278940960;18.6448598131
7.9138427058;101.6387747600;18.2710280374
7.9238223309;101.5938417956;18.6448598131
7.9338019560;101.7727177164;18.2710280374
7.9437815811;101.9959986967;18.6448598131
7.9537612062;101.9958799454;18.0841121495
7.9637408313;101.7724537640;18.8317757009
7.9737204564;101.6833344280;18.4579439252
7.9837000815;101.8619463963;18.6448598131
7.9936797066;101.9065607363;18.8317757009
8.0036593317;101.8173320564;18.4579439252
8.0136389568;101.7278940960;18.6448598131
8.0236185819;101.7278940960;18.6448598131
8.0335982070;101.8619463963;18.6448598131
8.0435778321;101.8173320564;18.4579439252
8.0535574572;101.7724537640;18.8317757009
8.0635370823;101.7278940960;18.6448598131
8.0735167074;101.6833344280;18.4579439252
8.0834963325;101.8619463963;18.6448598131
8.0934759576;101.8173320564;18.4579439252
8.1034555827;101.7278940960;18.6448598131
8.1134352078;101.8173320564;18.4579439252
8.1234148329;101.8619463963;18.6448598131
8.1333944580;101.7278940960;18.6448598131
8.1433740831;101.5938417956;18.6448598131
8.1533537082;101.7278940960;18.6448598131
8.1633333333;101.7278940960;18.6448598131
8.1733129584;101.7278940960;18.6448598131
8.1832925835;101.9065607363;18.8317757009
8.1932722086;101.9065607363;18.8317757009
8.2032518337;101.7278940960;18.6448598131
8.2132314588;101.8619463963;18.6448598131
8.2232110839;102.0406677087;18.8317757009
8.2331907090;101.6833344280;18.4579439252
8.2431703341;102.1300509971;18.6448598131
8.2531499593;101.8173320564;18.4579439252
8.2631295844;101.8619463963;18.6448598131
8.2731092095;101.8619463963;18.6448598131
8.2830888346;101.8619463963;18.6448598131
8.2930684597;101.8173320564;18.4579439252
8.3030480848;101.7278940960;18.6448598131
8.3130277099;101.7278940960;18.6448598131
8.3230073350;101.7278940960;18.6448598131
8.3329869601;101.7278940960;18.6448598131
8.3429665852;101.8619463963;18.6448598131
8.3529462103;101.8173320564;18.4579439252
8.3629258354;101.7727177164;18.2710280374
8.3729054605;101.6833344280;18.4579439252
8.3828850856;101.9065607363;18.8317757009
8.3928647107;101.8619463963;18.6448598131
8.4028443358;101.9065607363;18.8317757009
8.4128239609;101.7724537640;18.8317757009
8.4228035860;101.8619463963;18.6448598131
8.4327832111;101.9959986967;18.6448598131
8.4427628362;101.6833344280;18.4579439252
8.4527424613;101.9959986967;18.6448598131
8.4627220864;101.9959986967;18.6448598131
8.4727017115;101.7727177164;18.2710280374
8.4826813366;101.5493367995;18.4579439252
8.4926609617;101.6833344280;18.4579439252
8.5026405868;101.9513296848;18.4579439252
8.5126202119;101.8173320564;18.4579439252
8.5225998370;101.7278940960;18.6448598131
8.5325794621;101.6387747600;18.2710280374
8.5425590872;101.7278940960;18.6448598131
8.5525387123;101.7278940960;18.6448598131
8.5625183374;101.8619463963;18.6448598131
8.5724979625;101.8173320564;18.4579439252
8.5824775876;102.1747746810;18.8317757009
8.5924572127;101.7278940960;18.6448598131
8.6024368378;102.0853273132;18.4579439252
8.6124164629;101.9065607363;18.8317757009
8.6223960880;101.8619463963;18.6448598131
8.6323757131;101.6833344280;18.4579439252
8.6423553382;101.6387747600;18.2710280374
8.6523349633;101.8619463963;18.6448598131
8.6623145884;101.8619463963;18.6448598131
8.6722942135;101.6833344280;18.4579439252
8.6822738386;101.8619463963;18.6448598131
8.6922534637;101.5493367995;18.4579439252
8.7022330888;101.7278940960;18.6448598131
8.7122127139;102.0853273132;18.4579439252
8.7221923390;101.8619463963;18.6448598131
8.7321719641;101.8619463963;18.6448598131
8.7421515892;101.8619463963;18.6448598131
8.7521312143;101.7278940960;18.6448598131
8.7621108394;101.7727177164;18.2710280374
8.7720904645;101.7724537640;18.8317757009
8.7820700896;101.7724537640;18.8317757009
8.7920497148;101.9065607363;18.8317757009
8.8020293399;101.5938417956;18.6448598131
8.8120089650;101.8619463963;18.6448598131
8.8219885901;101.5048318035;18.2710280374
8.8319682152;101.7278940960;18.6448598131
8.8419478403;101.6383467916;18.8317757009
8.8519274654;102.0406677087;18.8317757009
8.8619070905;101.8173320564;18.4579439252
8.8718867156;101.9959986967;18.6448598131
8.8818663407;101.8173320564;18.4579439252
8.8918459658;101.9065607363;18.8317757009
8.9018255909;102.0406677087;18.8317757009
8.9118052160;101.6383467916;18.8317757009
8.9217848411;101.7278940960;18.6448598131
8.9317644662;101.8173320564;18.4579439252
8.9417440913;101.9513296848;18.4579439252
8.9517237164;101.8619463963;18.6448598131
8.9617033415;101.8619463963;18.6448598131
8.9716829666;101.7278940960;18.6448598131
8.9816625917;101.8619463963;18.6448598131
8.9916422168;101.9065607363;18.8317757009
9.0016218419;101.6833344280;18.4579439252
9.0116014670;101.8173320564;18.4579439252
9.0215810921;101.6833344280;18.4579439252
9.0315607172;101.8173320564;18.4579439252
9.0415403423;101.7724537640;18.8317757009
9.0515199674;101.7278940960;18.6448598131
9.0614995925;101.7724537640;18.8317757009
9.0714792176;101.7724537640;18.8317757009
9.0814588427;101.7724537640;18.8317757009
9.0914384678;101.6387747600;18.2710280374
9.1014180929;101.8619463963;18.6448598131
9.1113977180;101.6833344280;18.4579439252
9.1213773431;101.7278940960;18.6448598131
9.1313569682;101.8173320564;18.4579439252
9.1413365933;101.6833344280;18.4579439252
9.1513162184;101.6833344280;18.4579439252
9.1612958435;101.5938417956;18.6448598131
9.1712754686;102.1300509971;18.6448598131
9.1812550937;101.7724537640;18.8317757009
9.1912347188;101.7278940960;18.6448598131
9.2012143439;101.7724537640;18.8317757009
9.2111939690;101.9065607363;18.8317757009
9.2211735941;101.8619463963;18.6448598131
9.2311532192;101.7278940960;18.6448598131
9.2411328443;101.6833344280;18.4579439252
9.2511124694;101.6833344280;18.4579439252
9.2610920945;102.2194983649;19.0186915888
9.2710717196;101.7724537640;18.8317757009
9.2810513447;101.7278940960;18.6448598131
9.2910309698;101.5493367995;18.4579439252
9.3010105949;101.7278940960;18.6448598131
9.3109902200;102.3088816534;18.8317757009
9.3209698452;101.8619463963;18.6448598131
9.3309494703;101.8619463963;18.6448598131
9.3409290954;101.9065607363;18.8317757009
9.3509087205;101.7278940960;18.6448598131
9.3608883456;101.8619463963;18.6448598131
9.3708679707;102.0853273132;18.4579439252
9.3808475958;101.7278940960;18.6448598131
9.3908272209;101.8173320564;18.4579439252
9.4008068460;101.7278940960;18.6448598131
9.4107864711;101.7278940960;18.6448598131
9.4207660962;101.7278940960;18.6448598131
9.4307457213;101.8173320564;18.4579439252
9.4407253464;101.5938417956;18.6448598131
9.4507049715;101.7278940960;18.6448598131
9.4606845966;102.0853273132;18.4579439252
9.4706642217;101.9513296848;18.4579439252
9.4806438468;101.7278940960;18.6448598131
9.4906234719;101.9959986967;18.6448598131
9.5006030970;101.6387747600;18.2710280374
9.5105827221;101.8619463963;18.6448598131
9.5205623472;101.7278940960;18.6448598131
9.5305419723;101.8619463963;18.6448598131
9.5405215974;101.9065607363;18.8317757009
9.5505012225;102.1300509971;18.6448598131
9.5604808476;101.7278940960;18.6448598131
9.5704604727;101.8619463963;18.6448598131
9.5804400978;101.8619463963;18.6448598131
9.5904197229;101.7278940960;18.6448598131
9.6003993480;101.7724537640;18.8317757009
9.6103789731;101.7724537640;18.8317757009
9.6203585982;102.1300509971;18.6448598131
9.6303382233;101.7278940960;18.6448598131
9.6403178484;101.6833344280;18.4579439252
9.6502974735;101.7278940960;18.6448598131
9.6602770986;101.7278940960;18.6448598131
9.6702567237;101.5493367995;18.4579439252
9.6802363488;101.7278940960;18.6448598131
9.6902159739;101.9065607363;18.8317757009
9.7001955990;101.8619463963;18.6448598131
9.7101752241;101.8173320564;18.4579439252
9.7201548492;101.9065607363;18.8317757009
9.7301344743;101.7724537640;18.8317757009
9.7401140994;101.7724537640;18.8317757009
9.7500937245;102.1300509971;18.6448598131
9.7600733496;101.8619463963;18.6448598131
9.7700529747;101.8173320564;18.4579439252
9.7800325998;101.8173320564;18.4579439252
9.7900122249;101.8619463963;18.6448598131
9.7999918500;101.6833344280;18.4579439252
9.8099714751;101.9959986967;18.6448598131
9.8199511002;101.9513296848;18.4579439252
9.8299307253;101.5493367995;18.4579439252
9.8399103504;101.5938417956;18.6448598131
9.8498899756;101.8173320564;18.4579439252
9.8598696007;101.8173320564;18.4579439252
9.8698492258;101.8619463963;18.6448598131
9.8798288509;101.8619463963;18.6448598131
9.8898084760;101.8619463963;18.6448598131
9.8997881011;101.7278940960;18.6448598131
9.9097677262;101.8173320564;18.4579439252
9.9197473513;101.6833344280;18.4579439252
9.9297269764;101.7278940960;18.6448598131
9.9397066015;101.9065607363;18.8317757009
9.9496862266;101.7727177164;18.2710280374
9.9596658517;101.8619463963;18.6448598131
9.9696454768;101.8619463963;18.6448598131
9.9796251019;101.6833344280;18.4579439252
9.9896047270;101.9959986967;18.6448598131
9.9995843521;101.8619463963;18.6448598131
10.0095639772;102.0853273132;18.4579439252
10.0195436023;101.7278940960;18.6448598131
10.0295232274;101.7278940960;18.6448598131
10.0395028525;101.7278940960;18.6448598131
10.0494824776;101.8619463963;18.6448598131
10.0594621027;101.8619463963;18.6448598131
10.0694417278;101.7724537640;18.8317757009
10.0794213529;101.8173320564;18.4579439252
10.0894009780;101.9513296848;18.4579439252
10.0993806031;101.8619463963;18.6448598131
10.1093602282;101.5493367995;18.4579439252
10.1193398533;101.6833344280;18.4579439252
10.1293194784;101.8619463963;18.6448598131
10.1392991035;101.8173320564;18.4579439252
10.1492787286;101.8173320564;18.4579439252
10.1592583537;102.0853273132;18.4579439252
10.1692379788;101.9511750763;19.0186915888
10.1792176039;101.6833344280;18.4579439252
10.1891972290;101.7278940960;18.6448598131
10.1991768541;101.8170134320;19.0186915888
10.2091564792;101.7278940960;18.6448598131
10.2191361043;101.8619463963;18.6448598131
10.2291157294;101.9959986967;18.6448598131
10.2390953545;101.6383467916;18.8317757009
10.2490749796;102.1747746810;18.8317757009
10.2590546047;101.6833344280;18.4579439252
10.2690342298;101.6833344280;18.4579439252
10.2790138549;101.7278940960;18.6448598131
10.2889934800;101.7727177164;18.2710280374
10.2989731051;101.7278940960;18.6448598131
10.3089527302;101.8619463963;18.6448598131
10.3189323553;101.9066606729;18.2710280374
10.3289119804;101.9065607363;18.8317757009
10.3388916055;101.9065607363;18.8317757009
10.3488712306;101.9959986967;18.6448598131
10.3588508557;101.7278940960;18.6448598131
10.3688304808;101.8173320564;18.4579439252
10.3788101059;101.9959986967;18.6448598131
10.3887897311;101.8173320564;18.4579439252
10.3987693562;101.5048318035;18.2710280374
10.4087489813;101.6833344280;18.4579439252
10.4187286064;101.9065607363;18.8317757009
10.4287082315;101.7727177164;18.2710280374
10.4386878566;101.6833344280;18.4579439252
10.4486674817;101.6833344280;18.4579439252
10.4586471068;101.7278940960;18.6448598131
10.4686267319;101.6833344280;18.4579439252
10.4786063570;101.6828517877;19.0186915888
10.4885859821;101.7278940960;18.6448598131
10.4985656072;101.7278940960;18.6448598131
10.5085452323;101.9065607363;18.8317757009
10.5185248574;101.6833344280;18.4579439252
10.5285044825;101.8619463963;18.6448598131
10.5384841076;101.5938417956;18.6448598131
10.5484637327;102.0406677087;18.8317757009
10.5584433578;101.7278940960;18.6448598131
10.5684229829;101.6833344280;18.4579439252
10.5784026080;101.8173320564;18.4579439252
10.5883822331;101.7278940960;18.6448598131
10.5983618582;101.8173320564;18.4579439252
10.6083414833;101.6833344280;18.4579439252
10.6183211084;101.8619463963;18.6448598131
10.6283007335;101.7278940960;18.6448598131
10.6382803586;101.9065607363;18.8317757009
10.6482599837;101.6383467916;18.8317757009
10.6582396088;101.7278940960;18.6448598131
10.6682192339;101.8619463963;18.6448598131
10.6781988590;101.8619463963;18.6448598131
10.6881784841;101.9065607363;18.8317757009
10.6981581092;101.6833344280;18.4579439252
10.7081377343;101.8173320564;18.4579439252
10.7181173594;101.8173320564;18.4579439252
10.7280969845;102.0406677087;18.8317757009
10.7380766096;101.7278940960;18.6448598131
10.7480562347;101.8173320564;18.4579439252
10.7580358598;101.6833344280;18.4579439252
10.7680154849;102.0406677087;18.8317757009
10.7779951100;101.7278940960;18.6448598131
10.7879747351;101.8615731000;19.2056074766
10.7979543602;101.5938417956;18.6448598131
10.8079339853;101.6833344280;18.4579439252
10.8179136104;101.8619463963;18.6448598131
10.8278932355;101.6833344280;18.4579439252
10.8378728606;102.1300509971;18.6448598131
10.8478524857;101.6833344280;18.4579439252
10.8578321108;101.7278940960;18.6448598131
10.8678117359;101.6833344280;18.4579439252
10.8777913610;101.5938417956;18.6448598131
10.8877709861;101.6833344280;18.4579439252
10.8977506112;101.7724537640;18.8317757009
10.9077302363;101.7278940960;18.6448598131
10.9177098615;101.5938417956;18.6448598131
10.9276894866;101.6833344280;18.4579439252
10.9376691117;101.8619463963;18.6448598131
10.9476487368;101.8619463963;18.6448598131
10.9576283619;101.9959986967;18.6448598131
10.9676079870;101.8173320564;18.4579439252
10.9775876121;101.8173320564;18.4579439252
10.9875672372;101.8619463963;18.6448598131
10.9975468623;101.7278940960;18.6448598131
11.0075264874;101.7724537640;18.8317757009
11.0175061125;101.9065607363;18.8317757009
11.0274857376;101.7278940960;18.6448598131
11.0374653627;101.9513296848;18.4579439252
11.0474449878;101.7278940960;18.6448598131
11.0574246129;101.8619463963;18.6448598131
11.0674042380;101.6833344280;18.4579439252
11.0773838631;101.8173320564;18.4579439252
11.0873634882;101.8619463963;18.6448598131
11.0973431133;101.8619463963;18.6448598131
11.1073227384;101.7278940960;18.6448598131
11.1173023635;101.7278940960;18.6448598131
11.1272819886;101.7278940960;18.6448598131
11.1372616137;101.7724537640;18.8317757009
11.1472412388;101.9959986967;18.6448598131
11.1572208639;101.8173320564;18.4579439252
11.1672004890;101.7278940960;18.6448598131
11.1771801141;101.7724537640;18.8317757009
11.1871597392;101.8173320564;18.4579439252
11.1971393643;101.8619463963;18.6448598131
11.2071189894;101.7278940960;18.6448598131
11.2170986145;102.0406677087;18.8317757009
11.2270782396;101.7724537640;18.8317757009
11.2370578647;101.9065607363;18.8317757009
11.2470374898;101.7281033764;18.0841121495
11.2570171149;101.8619463963;18.6448598131
11.2669967400;101.9065607363;18.8317757009
11.2769763651;101.7278940960;18.6448598131
11.2869559902;101.8619463963;18.6448598131
11.2969356153;101.7278940960;18.6448598131
11.3069152404;101.8619463963;18.6448598131
11.3168948655;101.7278940960;18.6448598131
11.3268744906;101.8619916609;18.0841121495
11.3368541157;101.7278940960;18.6448598131
11.3468337408;101.7278940960;18.6448598131
11.3568133659;101.8619463963;18.6448598131
11.3667929910;102.1747746810;18.8317757009
11.3767726161;101.7278940960;18.6448598131
11.3867522412;101.7724537640;18.8317757009
11.3967318663;101.8173320564;18.4579439252
11.4067114914;101.7273567837;19.2056074766
11.4166911165;101.7727177164;18.2710280374
11.4266707416;101.9065607363;18.8317757009
11.4366503667;101.6387747600;18.2710280374
11.4466299919;101.7724537640;18.8317757009
11.4566096170;101.6833344280;18.4579439252
11.4665892421;101.8173320564;18.4579439252
11.4765688672;101.8619463963;18.6448598131
11.4865484923;101.8619463963;18.6448598131
11.4965281174;101.7278940960;18.6448598131
11.5065077425;101.7278940960;18.6448598131
11.5164873676;101.6833344280;18.4579439252
11.5264669927;101.8619463963;18.6448598131
11.5364466178;101.8619463963;18.6448598131
11.5464262429;101.7278940960;18.6448598131
11.5564058680;101.9959986967;18.6448598131
11.5663854931;102.0853273132;18.4579439252
11.5763651182;101.7727177164;18.2710280374
11.5863447433;101.8173320564;18.4579439252
11.5963243684;101.7278940960;18.6448598131
11.6063039935;101.7724537640;18.8317757009
11.6162836186;101.4603268075;18.0841121495
11.6262632437;101.7724537640;18.8317757009
11.6362428688;101.7278940960;18.6448598131
11.6462224939;102.1300509971;18.6448598131
11.6562021190;101.9065607363;18.8317757009
11.6661817441;101.8619463963;18.6448598131
11.6761613692;101.8619463963;18.6448598131
11.6861409943;101.6833344280;18.4579439252
11.6961206194;101.7278940960;18.6448598131
11.7061002445;101.8619463963;18.6448598131
11.7160798696;102.0853273132;18.4579439252
11.7260594947;101.6833344280;18.4579439252
11.7360391198;101.8173320564;18.4579439252
11.7460187449;101.7278940960;18.6448598131
11.7559983700;101.9066606729;18.2710280374
11.7659779951;101.8619463963;18.6448598131
11.7759576202;101.8173320564;18.4579439252
11.7859372453;101.5493367995;18.4579439252
11.7959168704;102.1300509971;18.6448598131
11.8058964955;101.8619463963;18.6448598131
11.8158761206;101.8170134320;19.0186915888
11.8258557457;101.7278940960;18.6448598131
11.8358353708;101.7278940960;18.6448598131
11.8458149959;101.8173320564;18.4579439252
11.8557946210;101.8173320564;18.4579439252
11.8657742461;101.5938417956;18.6448598131
11.8757538712;101.8173320564;18.4579439252
11.8857334963;101.9511750763;19.0186915888
11.8957131214;101.8619463963;18.6448598131
11.9056927465;101.7278940960;18.6448598131
11.9156723716;101.8619463963;18.6448598131
11.9256519967;101.8173320564;18.4579439252
11.9356316218;101.8173320564;18.4579439252
11.9456112469;101.5493367995;18.4579439252
11.9555908720;102.0406677087;18.8317757009
11.9655704971;101.6383467916;18.8317757009
11.9755501222;102.1300509971;18.6448598131
11.9855297474;101.8619463963;18.6448598131
11.9955093725;102.1300509971;18.6448598131
12.0054889976;101.9513296848;18.4579439252
12.0154686227;101.6833344280;18.4579439252
12.0254482478;101.7278940960;18.6448598131
12.0354278729;101.7278940960;18.6448598131
12.0454074980;101.8619463963;18.6448598131
12.0553871231;101.5938417956;18.6448598131
12.0653667482;101.5938417956;18.6448598131
12.0753463733;101.8619463963;18.6448598131
12.0853259984;101.5048318035;18.2710280374
12.0953056235;101.7278940960;18.6448598131
12.1052852486;101.8173320564;18.4579439252
12.1152648737;101.7724537640;18.8317757009
12.1252444988;101.6828517877;19.0186915888
12.1352241239;101.7278940960;18.6448598131
12.1452037490;101.8619463963;18.6448598131
12.1551833741;101.9065607363;18.8317757009
12.1651629992;101.8619463963;18.6448598131
12.1751426243;101.7724537640;18.8317757009
12.1851222494;101.7724537640;18.8317757009
12.1951018745;101.5938417956;18.6448598131
12.2050814996;101.5938417956;18.6448598131
12.2150611247;101.9959986967;18.6448598131
12.2250407498;101.8619463963;18.6448598131
12.2350203749;101.7278940960;18.6448598131
12.2450000000;101.8619463963;18.6448598131
12.2549796251;102.1747746810;18.8317757009
12.2649592502;101.7278940960;18.6448598131
12.2749388753;101.6833344280;18.4579439252
12.2849185004;101.6833344280;18.4579439252
12.2948981255;101.7278940960;18.6448598131
12.3048777506;101.8619463963;18.6448598131
12.3148573757;101.6833344280;18.4579439252
12.3248370008;101.9959986967;18.6448598131
12.3348166259;101.8619463963;18.6448598131
12.3447962510;101.8619463963;18.6448598131
12.3547758761;101.9511750763;19.0186915888
12.3647555012;101.8173320564;18.4579439252
12.3747351263;101.6383467916;18.8317757009
12.3847147514;101.7278940960;18.6448598131
12.3946943765;101.9065607363;18.8317757009
12.4046740016;101.7278940960;18.6448598131
12.4146536267;101.7278940960;18.6448598131
12.4246332518;101.7278940960;18.6448598131
12.4346128769;101.8619463963;18.6448598131
12.4445925020;101.6383467916;18.8317757009
12.4545721271;101.7278940960;18.6448598131
12.4645517522;101.9959986967;18.6448598131
12.4745313773;101.8619463963;18.6448598131
12.4845110024;101.8619463963;18.6448598131
12.4944906275;101.7278940960;18.6448598131
12.5044702526;102.0406677087;18.8317757009
12.5144498778;101.7278940960;18.6448598131
12.5244295029;101.8619463963;18.6448598131
12.5344091280;101.9513296848;18.4579439252
12.5443887531;101.7724537640;18.8317757009
12.5543683782;101.7278940960;18.6448598131
12.5643480033;101.7727177164;18.2710280374
12.5743276284;101.7724537640;18.8317757009
12.5843072535;101.7278940960;18.6448598131
12.5942868786;101.6383467916;18.8317757009
12.6042665037;101.8619463963;18.6448598131
12.6142461288;101.6833344280;18.4579439252
12.6242257539;101.7278940960;18.6448598131
12.6342053790;101.8619463963;18.6448598131
12.6441850041;101.8619463963;18.6448598131
12.6541646292;102.0406677087;18.8317757009
12.6641442543;101.7278940960;18.6448598131
12.6741238794;101.9959986967;18.6448598131
12.6841035045;101.8619463963;18.6448598131
12.6940831296;101.7278940960;18.6448598131
12.7040627547;101.7278940960;18.6448598131
12.7140423798;101.7278940960;18.6448598131
12.7240220049;101.8619463963;18.6448598131
12.7340016300;102.0406677087;18.8317757009
12.7439812551;101.7724537640;18.8317757009
12.7539608802;101.8619463963;18.6448598131
12.7639405053;101.7278940960;18.6448598131
12.7739201304;101.6833344280;18.4579439252
12.7838997555;101.6833344280;18.4579439252
12.7938793806;101.7278940960;18.6448598131
12.8038590057;101.8619463963;18.6448598131
12.8138386308;101.7278940960;18.6448598131
12.8238182559;101.8619463963;18.6448598131
12.8337978810;101.7278940960;18.6448598131
12.8437775061;101.7278940960;18.6448598131
12.8537571312;101.7724537640;18.8317757009
12.8637367563;101.8619463963;18.6448598131
12.8737163814;101.5493367995;18.4579439252
12.8836960065;101.8619463963;18.6448598131
12.8936756316;101.7278940960;18.6448598131
12.9036552567;101.6833344280;18.4579439252
12.9136348818;101.7278940960;18.6448598131
12.9236145069;101.9065607363;18.8317757009
12.9335941320;101.8619463963;18.6448598131
12.9435737571;101.9065607363;18.8317757009
12.9535533822;101.7278940960;18.6448598131
12.9635330073;101.6383467916;18.8317757009
12.9735126324;101.8619463963;18.6448598131
12.9834922575;101.8619463963;18.6448598131
12.9934718826;101.6833344280;18.4579439252
13.0034515077;101.7278940960;18.6448598131
13.0134311328;101.5938417956;18.6448598131
13.0234107579;101.8173320564;18.4579439252
13.0333903830;101.8173320564;18.4579439252
13.0433700081;101.8173320564;18.4579439252
13.0533496333;101.7278940960;18.6448598131
13.0633292584;101.7278940960;18.6448598131
13.0733088835;101.7278940960;18.6448598131
13.0832885086;101.8619463963;18.6448598131
13.0932681337;101.7278940960;18.6448598131
13.1032477588;101.5938417956;18.6448598131
13.1132273839;101.7724537640;18.8317757009
13.1232070090;102.1300509971;18.6448598131
13.1331866341;101.7724537640;18.8317757009
13.1431662592;101.7724537640;18.8317757009
13.1531458843;101.8619463963;18.6448598131
13.1631255094;101.5938417956;18.6448598131
13.1731051345;101.6833344280;18.4579439252
13.1830847596;101.8619463963;18.6448598131
13.1930643847;101.8619463963;18.6448598131
13.2030440098;101.6833344280;18.4579439252
13.2130236349;101.9065607363;18.8317757009
13.2230032600;101.7278940960;18.6448598131
13.2329828851;102.0406677087;18.8317757009
13.2429625102;101.6833344280;18.4579439252
13.2529421353;101.6833344280;18.4579439252
13.2629217604;101.7724537640;18.8317757009
13.2729013855;101.8619463963;18.6448598131
13.2828810106;101.8173320564;18.4579439252
13.2928606357;101.8173320564;18.4579439252
13.3028402608;101.9511750763;19.0186915888
13.3128198859;101.8170134320;19.0186915888
13.3227995110;101.7278940960;18.6448598131
13.3327791361;101.6833344280;18.4579439252
13.3427587612;101.8619463963;18.6448598131
13.3527383863;101.8619463963;18.6448598131
13.3627180114;101.7278940960;18.6448598131
13.3726976365;101.7278940960;18.6448598131
13.3826772616;101.9959986967;18.6448598131
13.3926568867;101.7278940960;18.6448598131
13.4026365118;101.5938417956;18.6448598131
13.4126161369;101.6833344280;18.4579439252
13.4225957620;101.8619463963;18.6448598131
13.4325753871;101.6833344280;18.4579439252
13.4425550122;101.8619463963;18.6448598131
13.4525346373;101.8619463963;18.6448598131
13.4625142624;101.7724537640;18.8317757009
13.4724938875;101.8173320564;18.4579439252
13.4824735126;101.9959986967;18.6448598131
13.4924531377;102.0406677087;18.8317757009
13.5024327628;101.9065607363;18.8317757009
13.5124123879;101.9959986967;18.6448598131
13.5223920130;101.8619463963;18.6448598131
13.5323716381;101.9065607363;18.8317757009
13.5423512632;101.8619463963;18.6448598131
13.5523308883;101.8619463963;18.6448598131
13.5623105134;102.0406677087;18.8317757009
13.5722901385;101.7278940960;18.6448598131
13.5822697637;101.9511750763;19.0186915888
13.5922493888;102.0406677087;18.8317757009
13.6022290139;101.9065607363;18.8317757009
13.6122086390;101.6833344280;18.4579439252
13.6221882641;101.6833344280;18.4579439252
13.6321678892;102.1300509971;18.6448598131
13.6421475143;101.7278940960;18.6448598131
13.6521271394;101.5938417956;18.6448598131
13.6621067645;101.7278940960;18.6448598131
13.6720863896;101.8619463963;18.6448598131
13.6820660147;101.7278940960;18.6448598131
13.6920456398;101.8619463963;18.6448598131
13.7020252649;101.8619463963;18.6448598131
13.7120048900;101.9959986967;18.6448598131
13.7219845151;101.6833344280;18.4579439252
13.7319641402;101.9065607363;18.8317757009
13.7419437653;101.6833344280;18.4579439252
13.7519233904;101.8619463963;18.6448598131
13.7619030155;101.7724537640;18.8317757009
13.7718826406;101.8619463963;18.6448598131
13.7818622657;102.0406677087;18.8317757009
13.7918418908;101.7278940960;18.6448598131
13.8018215159;101.7278940960;18.6448598131
13.8118011410;101.8619463963;18.6448598131
13.8217807661;101.5938417956;18.6448598131
13.8317603912;101.8619463963;18.6448598131
13.8417400163;101.7278940960;18.6448598131
13.8517196414;101.7278940960;18.6448598131
13.8616992665;101.6833344280;18.4579439252
13.8716788916;101.6833344280;18.4579439252
13.8816585167;101.5938417956;18.6448598131
13.8916381418;101.9959986967;18.6448598131
13.9016177669;101.7278940960;18.6448598131
13.9115973920;101.8173320564;18.4579439252
13.9215770171;101.7278940960;18.6448598131
13.9315566422;101.7278940960;18.6448598131
13.9415362673;101.7278940960;18.6448598131
13.9515158924;101.8173320564;18.4579439252
13.9614955175;101.5938417956;18.6448598131
13.9714751426;101.8173320564;18.4579439252
13.9814547677;101.8173320564;18.4579439252
13.9914343928;101.8619463963;18.6448598131
14.0014140179;101.7278940960;18.6448598131
14.0113936430;101.6387747600;18.2710280374
14.0213732681;101.6383467916;18.8317757009
14.0313528932;101.8173320564;18.4579439252
14.0413325183;101.9959986967;18.6448598131
14.0513121434;101.8619463963;18.6448598131
14.0612917685;101.8619463963;18.6448598131
14.0712713936;101.8619463963;18.6448598131
14.0812510187;101.8619463963;18.6448598131
14.0912306438;101.9065607363;18.8317757009
14.1012102689;101.8173320564;18.4579439252
14.1111898941;101.9065607363;18.8317757009
14.1211695192;101.7278940960;18.6448598131
14.1311491443;101.6833344280;18.4579439252
14.1411287694;101.6383467916;18.8317757009
14.1511083945;101.6383467916;18.8317757009
14.1610880196;101.7278940960;18.6448598131
14.1710676447;101.6833344280;18.4579439252
14.1810472698;101.8173320564;18.4579439252
14.1910268949;101.7278940960;18.6448598131
14.2010065200;101.8619463963;18.6448598131
14.2109861451;101.7278940960;18.6448598131
14.2209657702;101.7724537640;18.8317757009
14.2309453953;101.6833344280;18.4579439252
14.2409250204;101.6383467916;18.8317757009
14.2509046455;101.7278940960;18.6448598131
14.2608842706;101.7278940960;18.6448598131
14.2708638957;101.9065607363;18.8317757009
14.2808435208;101.8173320564;18.4579439252
14.2908231459;101.7278940960;18.6448598131
14.3008027710;101.8619463963;18.6448598131
14.3107823961;101.8619463963;18.6448598131
14.3207620212;101.8619463963;18.6448598131
14.3307416463;101.6833344280;18.4579439252
14.3407212714;101.6833344280;18.4579439252
14.3507008965;101.8619463963;18.6448598131
14.3606805216;101.8619463963;18.6448598131
14.3706601467;101.8619463963;18.6448598131
14.3806397718;101.8619463963;18.6448598131
14.3906193969;101.7278940960;18.6448598131
14.4005990220;101.6833344280;18.4579439252
14.4105786471;101.7278940960;18.6448598131
14.4205582722;102.0853273132;18.4579439252
14.4305378973;101.5938417956;18.6448598131
14.4405175224;101.8619463963;18.6448598131
14.4504971475;101.9513296848;18.4579439252
14.4604767726;101.9065607363;18.8317757009
14.4704563977;101.7727177164;18.2710280374
14.4804360228;101.7278940960;18.6448598131
14.4904156479;101.5493367995;18.4579439252
14.5003952730;101.8619463963;18.6448598131
14.5103748981;101.8619463963;18.6448598131
14.5203545232;101.7724537640;18.8317757009
14.5303341483;101.8619463963;18.6448598131
14.5403137734;101.7278940960;18.6448598131
14.5502933985;101.7278940960;18.6448598131
14.5602730236;101.8619463963;18.6448598131
14.5702526487;101.9065607363;18.8317757009
14.5802322738;101.6383467916;18.8317757009
14.5902118989;101.7724537640;18.8317757009
14.6001915240;101.8173320564;18.4579439252
14.6101711491;101.8173320564;18.4579439252
14.6201507742;101.6833344280;18.4579439252
14.6301303993;101.5938417956;18.6448598131
14.6401100244;101.7724537640;18.8317757009
14.6500896496;101.8170134320;19.0186915888
14.6600692747;101.8173320564;18.4579439252
14.6700488998;101.7278940960;18.6448598131
14.6800285249;101.7724537640;18.8317757009
14.6900081500;101.7724537640;18.8317757009
14.6999877751;101.5938417956;18.6448598131
14.7099674002;101.6387747600;18.2710280374
14.7199470253;101.5938417956;18.6448598131
14.7299266504;101.7278940960;18.6448598131
14.7399062755;102.0853367206;19.0186915888
14.7498859006;102.0853367206;19.0186915888
14.7598655257;102.1747746810;18.8317757009
14.7698451508;101.9065607363;18.8317757009
14.7798247759;101.8619463963;18.6448598131
14.7898044010;101.6383467916;18.8317757009
14.7997840261;101.6833344280;18.4579439252
14.8097636512;101.7724537640;18.8317757009
14.8197432763;101.9065607363;18.8317757009
14.8297229014;101.7278940960;18.6448598131
14.8397025265;101.6833344280;18.4579439252
14.8496821516;101.7278940960;18.6448598131
14.8596617767;101.9065607363;18.8317757009
14.8696414018;102.1300509971;18.6448598131
14.8796210269;101.7278940960;18.6448598131
14.8896006520;101.9513296848;18.4579439252
14.8995802771;101.8170134320;19.0186915888
14.9095599022;101.7278940960;18.6448598131
14.9195395273;101.9511750763;19.0186915888
14.9295191524;101.7724537640;18.8317757009
14.9394987775;101.7278940960;18.6448598131
14.9494784026;101.9959986967;18.6448598131
14.9594580277;101.7724537640;18.8317757009
14.9694376528;101.9065607363;18.8317757009
14.9794172779;101.7278940960;18.6448598131
14.9893969030;102.1747746810;18.8317757009
14.9993765281;101.8619463963;18.6448598131
15.0093561532;101.9959986967;18.6448598131
15.0193357783;101.8173320564;18.4579439252
15.0293154034;101.8619463963;18.6448598131
15.0392950285;101.7724537640;18.8317757009
15.0492746536;101.7278940960;18.6448598131
15.0592542787;101.7724537640;18.8317757009
15.0692339038;101.5938417956;18.6448598131
15.0792135289;101.8619463963;18.6448598131
15.0891931540;101.7278940960;18.6448598131
15.0991727791;101.9959986967;18.6448598131
15.1091524042;101.7724537640;18.8317757009
15.1191320293;101.8619463963;18.6448598131
15.1291116544;101.7278940960;18.6448598131
15.1390912795;101.6833344280;18.4579439252
15.1490709046;101.6387747600;18.2710280374
15.1590505297;101.8619463963;18.6448598131
15.1690301548;101.8619463963;18.6448598131
15.1790097800;101.5042398193;18.8317757009
15.1889894051;101.9513296848;18.4579439252
15.1989690302;101.8619463963;18.6448598131
15.2089486553;101.8619463963;18.6448598131
15.2189282804;101.7278940960;18.6448598131
15.2289079055;101.8619463963;18.6448598131
15.2388875306;101.7278940960;18.6448598131
15.2488671557;101.7724537640;18.8317757009
15.2588467808;101.8173320564;18.4579439252
15.2688264059;101.6833344280;18.4579439252
15.2788060310;101.7724537640;18.8317757009
15.2887856561;101.7278940960;18.6448598131
15.2987652812;101.9065607363;18.8317757009
15.3087449063;101.8619463963;18.6448598131
15.3187245314;101.5942150920;18.0841121495
15.3287041565;101.7724537640;18.8317757009
15.3386837816;101.7278940960;18.6448598131
15.3486634067;101.9065607363;18.8317757009
15.3586430318;102.1300509971;18.6448598131
15.3686226569;101.7278940960;18.6448598131
15.3786022820;101.9065607363;18.8317757009
15.3885819071;101.7278940960;18.6448598131
15.3985615322;101.7278940960;18.6448598131
15.4085411573;101.7724537640;18.8317757009
15.4185207824;101.7278940960;18.6448598131
15.4285004075;102.1300509971;18.6448598131
15.4384800326;101.7278940960;18.6448598131
15.4484596577;101.8173320564;18.4579439252
15.4584392828;101.8619463963;18.6448598131
15.4684189079;102.0853367206;19.0186915888
15.4783985330;101.8173320564;18.4579439252
15.4883781581;101.9065607363;18.8317757009
15.4983577832;101.8619463963;18.6448598131
15.5083374083;101.5938417956;18.6448598131
15.5183170334;101.5938417956;18.6448598131
15.5282966585;101.8619463963;18.6448598131
15.5382762836;101.7724537640;18.8317757009
15.5482559087;101.7724537640;18.8317757009
15.5582355338;101.7278940960;18.6448598131
15.5682151589;101.9959986967;18.6448598131
15.5781947840;101.8619463963;18.6448598131
15.5881744091;101.7278940960;18.6448598131
15.5981540342;101.9959986967;18.6448598131
15.6081336593;101.7724537640;18.8317757009
15.6181132844;101.5938417956;18.6448598131
15.6280929095;101.8173320564;18.4579439252
15.6380725346;101.5938417956;18.6448598131
15.6480521597;101.8619463963;18.6448598131
15.6580317848;101.8619463963;18.6448598131
15.6680114099;101.6833344280;18.4579439252
15.6779910350;101.7278940960;18.6448598131
15.6879706601;101.7278940960;18.6448598131
15.6979502852;101.6833344280;18.4579439252
15.7079299104;101.8619463963;18.6448598131
15.7179095355;101.7278940960;18.6448598131
15.7278891606;101.6833344280;18.4579439252
15.7378687857;101.5048318035;18.2710280374
15.7478484108;101.5938417956;18.6448598131
15.7578280359;101.6833344280;18.4579439252
15.7678076610;101.6833344280;18.4579439252
15.7777872861;101.7278940960;18.6448598131
15.7877669112;101.7278940960;18.6448598131
15.7977465363;101.6833344280;18.4579439252
15.8077261614;101.7278940960;18.6448598131
15.8177057865;101.8619463963;18.6448598131
15.8276854116;101.6833344280;18.4579439252
15.8376650367;101.8619463963;18.6448598131
15.8476446618;101.7727177164;18.2710280374
15.8576242869;102.0406677087;18.8317757009
15.8676039120;101.8619463963;18.6448598131
15.8775835371;101.8619463963;18.6448598131
15.8875631622;101.8173320564;18.4579439252
15.8975427873;101.7278940960;18.6448598131
15.9075224124;101.8619463963;18.6448598131
15.9175020375;101.7278940960;18.6448598131
15.9274816626;101.7724537640;18.8317757009
15.9374612877;101.7278940960;18.6448598131
15.9474409128;101.7278940960;18.6448598131
15.9574205379;101.7724537640;18.8317757009
15.9674001630;101.7278940960;18.6448598131
15.9773797881;101.9065607363;18.8317757009
15.9873594132;102.1300509971;18.6448598131
15.9973390383;101.8619463963;18.6448598131
16.0073186634;101.7727177164;18.2710280374
16.0172982885;101.7727177164;18.2710280374
16.0272779136;101.6833344280;18.4579439252
16.0372575387;101.9065607363;18.8317757009
16.0472371638;102.1300509971;18.6448598131
16.0572167889;101.9065607363;18.8317757009
16.0671964140;101.9959986967;18.6448598131
16.0771760391;101.5493367995;18.4579439252
16.0871556642;102.1747746810;18.8317757009
16.0971352893;101.7278940960;18.6448598131
16.1071149144;101.6833344280;18.4579439252
16.1170945395;101.8619463963;18.6448598131
16.1270741646;101.5938417956;18.6448598131
16.1370537897;102.0406677087;18.8317757009
16.1470334148;101.9959986967;18.6448598131
16.1570130399;101.8619463963;18.6448598131
16.1669926650;102.1747746810;18.8317757009
16.1769722901;101.9959986967;18.6448598131
16.1869519152;101.7278940960;18.6448598131
16.1969315403;101.5938417956;18.6448598131
16.2069111654;101.8619463963;18.6448598131
16.2168907905;101.8619463963;18.6448598131
16.2268704156;101.6383467916;18.8317757009
16.2368500407;101.5938417956;18.6448598131
16.2468296659;101.9511750763;19.0186915888
16.2568092910;101.7278940960;18.6448598131
16.2667889161;101.7278940960;18.6448598131
16.2767685412;101.6833344280;18.4579439252
16.2867481663;101.7278940960;18.6448598131
16.2967277914;101.8619463963;18.6448598131
16.3067074165;101.6833344280;18.4579439252
16.3166870416;101.5493367995;18.4579439252
16.3266666667;101.8619463963;18.6448598131
16.3366462918;101.5938417956;18.6448598131
16.3466259169;101.5938417956;18.6448598131
16.3566055420;101.6833344280;18.4579439252
16.3665851671;101.7278940960;18.6448598131
16.3765647922;101.9065607363;18.8317757009
16.3865444173;101.7724537640;18.8317757009
16.3965240424;101.8619463963;18.6448598131
16.4065036675;101.6387747600;18.2710280374
16.4164832926;101.7724537640;18.8317757009
16.4264629177;101.9957894163;19.2056074766
16.4364425428;101.9065607363;18.8317757009
16.4464221679;102.1300509971;18.6448598131
16.4564017930;101.7278940960;18.6448598131
16.4663814181;101.7724537640;18.8317757009
16.4763610432;101.9513296848;18.4579439252
16.4863406683;101.8619463963;18.6448598131
16.4963202934;101.8619463963;18.6448598131
16.5062999185;101.8619463963;18.6448598131
16.5162795436;101.8173320564;18.4579439252
16.5262591687;101.7278940960;18.6448598131
16.5362387938;101.9959986967;18.6448598131
16.5462184189;101.7727177164;18.2710280374
16.5561980440;101.8619463963;18.6448598131
16.5661776691;101.9065607363;18.8317757009
16.5761572942;101.6833344280;18.4579439252
16.5861369193;102.1300509971;18.6448598131
16.5961165444;101.9065607363;18.8317757009
16.6060961695;101.6833344280;18.4579439252
16.6160757946;101.9065607363;18.8317757009
16.6260554197;101.5938417956;18.6448598131
16.6360350448;101.8619463963;18.6448598131
16.6460146699;101.6833344280;18.4579439252
16.6559942950;101.6833344280;18.4579439252
16.6659739201;101.6833344280;18.4579439252
16.6759535452;101.7278940960;18.6448598131
16.6859331703;101.5938417956;18.6448598131
16.6959127954;101.7278940960;18.6448598131
16.7058924205;101.5938417956;18.6448598131
16.7158720456;101.8619463963;18.6448598131
16.7258516707;101.7278940960;18.6448598131
16.7358312958;101.7278940960;18.6448598131
16.7458109209;101.8619463963;18.6448598131
16.7557905460;101.7278940960;18.6448598131
16.7657701711;101.6383467916;18.8317757009
16.7757497963;101.8619463963;18.6448598131
16.7857294214;101.7278940960;18.6448598131
16.7957090465;102.0406677087;18.8317757009
16.8056886716;101.6833344280;18.4579439252
16.8156682967;101.8619463963;18.6448598131
16.8256479218;101.8170134320;19.0186915888
16.8356275469;102.0406677087;18.8317757009
16.8456071720;101.8619463963;18.6448598131
16.8555867971;101.7278940960;18.6448598131
16.8655664222;101.5493367995;18.4579439252
16.8755460473;101.8619463963;18.6448598131
16.8855256724;101.6387747600;18.2710280374
16.8955052975;101.7278940960;18.6448598131
16.9054849226;101.7727177164;18.2710280374
16.9154645477;101.9065607363;18.8317757009
16.9254441728;101.7724537640;18.8317757009
16.9354237979;101.7724537640;18.8317757009
16.9454034230;101.8173320564;18.4579439252
16.9553830481;101.9065607363;18.8317757009
16.9653626732;101.7724537640;18.8317757009
16.9753422983;101.7724537640;18.8317757009
16.9853219234;101.7278940960;18.6448598131
16.9953015485;101.7724537640;18.8317757009
17.0052811736;101.5938417956;18.6448598131
17.0152607987;101.8619463963;18.6448598131
17.0252404238;101.8619463963;18.6448598131
17.0352200489;101.8173320564;18.4579439252
17.0451996740;102.1300509971;18.6448598131
17.0551792991;101.8173320564;18.4579439252
17.0651589242;101.7278940960;18.6448598131
17.0751385493;101.7724537640;18.8317757009
17.0851181744;101.7278940960;18.6448598131
17.0950977995;101.7278940960;18.6448598131
17.1050774246;102.0406677087;18.8317757009
17.1150570497;101.7278940960;18.6448598131
17.1250366748;101.7278940960;18.6448598131
17.1350162999;101.6833344280;18.4579439252
17.1449959250;101.7278940960;18.6448598131
17.1549755501;101.7278940960;18.6448598131
17.1649551752;101.6833344280;18.4579439252
17.1749348003;101.8619463963;18.6448598131
17.1849144254;101.5493367995;18.4579439252
17.1948940505;101.7278940960;18.6448598131
17.2048736756;101.8173320564;18.4579439252
17.2148533007;101.8619463963;18.6448598131
17.2248329258;101.8619463963;18.6448598131
17.2348125509;101.6833344280;18.4579439252
17.2447921760;101.7278940960;18.6448598131
17.2547718011;101.9959986967;18.6448598131
17.2647514262;101.7278940960;18.6448598131
17.2747310513;101.9065607363;18.8317757009
17.2847106764;102.1747746810;18.8317757009
17.2946903015;102.0406677087;18.8317757009
17.3046699267;102.1300509971;18.6448598131
17.3146495518;101.7278940960;18.6448598131
17.3246291769;101.9513296848;18.4579439252
17.3346088020;101.9065607363;18.8317757009
17.3445884271;101.9959986967;18.6448598131
17.3545680522;101.7278940960;18.6448598131
17.3645476773;101.9065607363;18.8317757009
17.3745273024;101.8173320564;18.4579439252
17.3845069275;101.8619463963;18.6448598131
17.3944865526;101.9511750763;19.0186915888
17.4044661777;101.6833344280;18.4579439252
17.4144458028;101.7724537640;18.8317757009
17.4244254279;101.9065607363;18.8317757009
17.4344050530;101.9065607363;18.8317757009
17.4443846781;101.9065607363;18.8317757009
17.4543643032;101.7278940960;18.6448598131
17.4643439283;101.9065607363;18.8317757009
17.4743235534;101.8619463963;18.6448598131
17.4843031785;101.8619463963;18.6448598131
17.4942828036;101.8619463963;18.6448598131
17.5042624287;101.7724537640;18.8317757009
17.5142420538;101.5493367995;18.4579439252
17.5242216789;101.7278940960;18.6448598131
17.5342013040;101.5938417956;18.6448598131
17.5441809291;101.8170134320;19.0186915888
17.5541605542;101.8619463963;18.6448598131
17.5641401793;101.7278940960;18.6448598131
17.5741198044;101.8173320564;18.4579439252
17.5840994295;101.7278940960;18.6448598131
17.5940790546;101.5938417956;18.6448598131
17.6040586797;101.8619463963;18.6448598131
17.6140383048;101.6833344280;18.4579439252
17.6240179299;101.6383467916;18.8317757009
17.6339975550;101.7724537640;18.8317757009
17.6439771801;101.5938417956;18.6448598131
17.6539568052;101.9065607363;18.8317757009
17.6639364303;101.8619463963;18.6448598131
17.6739160554;101.7278940960;18.6448598131
17.6838956805;101.8619463963;18.6448598131
17.6938753056;101.8619463963;18.6448598131
17.7038549307;102.1747746810;18.8317757009
17.7138345558;101.7278940960;18.6448598131
17.7238141809;101.7278940960;18.6448598131
17.7337938060;101.8173320564;18.4579439252
17.7437734311;101.5493367995;18.4579439252
17.7537530562;101.7278940960;18.6448598131
17.7637326813;101.8173320564;18.4579439252
17.7737123064;101.5938417956;18.6448598131
17.7836919315;101.8619463963;18.6448598131
17.7936715566;101.9065607363;18.8317757009
17.8036511817;101.6833344280;18.4579439252
17.8136308068;101.7724537640;18.8317757009
17.8236104319;101.8173320564;18.4579439252
17.8335900570;101.6833344280;18.4579439252
17.8435696822;101.8619463963;18.6448598131
17.8535493073;101.7724537640;18.8317757009
17.8635289324;101.8619463963;18.6448598131
17.8735085575;101.8619463963;18.6448598131
17.8834881826;101.8619463963;18.6448598131
17.8934678077;101.6833344280;18.4579439252
17.9034474328;101.6383467916;18.8317757009
17.9134270579;101.8619463963;18.6448598131
17.9234066830;101.8619463963;18.6448598131
17.9333863081;102.0406677087;18.8317757009
17.9433659332;101.5938417956;18.6448598131
17.9533455583;101.7724537640;18.8317757009
17.9633251834;101.7724537640;18.8317757009
17.9733048085;102.0853273132;18.4579439252
17.9832844336;101.8619463963;18.6448598131
17.9932640587;101.9065607363;18.8317757009
18.0032436838;101.6833344280;18.4579439252
18.0132233089;101.7278940960;18.6448598131
18.0232029340;101.7724537640;18.8317757009
18.0331825591;101.9065607363;18.8317757009
18.0431621842;101.7278940960;18.6448598131
18.0531418093;101.7724537640;18.8317757009
18.0631214344;101.7278940960;18.6448598131
18.0731010595;101.7278940960;18.6448598131
18.0830806846;102.1300509971;18.6448598131
18.0930603097;101.9959986967;18.6448598131
18.1030399348;101.7278940960;18.6448598131
18.1130195599;101.7278940960;18.6448598131
18.1229991850;101.9511750763;19.0186915888
18.1329788101;101.7278940960;18.6448598131
18.1429584352;101.7724537640;18.8317757009
18.1529380603;101.9513296848;18.4579439252
18.1629176854;102.1300509971;18.6448598131
18.1728973105;101.8619463963;18.6448598131
18.1828769356;101.7278940960;18.6448598131
18.1928565607;101.7724537640;18.8317757009
18.2028361858;102.1300509971;18.6448598131
18.2128158109;101.8619463963;18.6448598131
18.2227954360;101.8619463963;18.6448598131
18.2327750611;101.7278940960;18.6448598131
18.2427546862;101.6833344280;18.4579439252
18.2527343113;101.6383467916;18.8317757009
18.2627139364;102.0853273132;18.4579439252
18.2726935615;101.8619463963;18.6448598131
18.2826731866;101.8173320564;18.4579439252
18.2926528117;101.5938417956;18.6448598131
18.3026324368;101.9957894163;19.2056074766
18.3126120619;101.7278940960;18.6448598131
18.3225916870;101.9959986967;18.6448598131
18.3325713121;101.7724537640;18.8317757009
18.3425509372;101.8619463963;18.6448598131
18.3525305623;101.7724537640;18.8317757009
18.3625101874;101.6833344280;18.4579439252
18.3724898126;101.7278940960;18.6448598131
18.3824694377;101.8619463963;18.6448598131
18.3924490628;101.8619463963;18.6448598131
18.4024286879;101.8619463963;18.6448598131
18.4124083130;101.8619463963;18.6448598131
18.4223879381;101.9065607363;18.8317757009
18.4323675632;101.8619463963;18.6448598131
18.4423471883;101.7278940960;18.6448598131
18.4523268134;101.9959986967;18.6448598131
18.4623064385;101.5942150920;18.0841121495
18.4722860636;101.8170134320;19.0186915888
18.4822656887;101.7278940960;18.6448598131
18.4922453138;101.5938417956;18.6448598131
18.5022249389;101.7278940960;18.6448598131
18.5122045640;101.6833344280;18.4579439252
18.5221841891;101.7278940960;18.6448598131
18.5321638142;101.7278940960;18.6448598131
18.5421434393;101.7278940960;18.6448598131
18.5521230644;101.8619463963;18.6448598131
18.5621026895;101.7278940960;18.6448598131
18.5720823146;101.5938417956;18.6448598131
18.5820619397;101.7724537640;18.8317757009
18.5920415648;101.7278940960;18.6448598131
18.6020211899;101.7724537640;18.8317757009
18.6120008150;101.7281033764;18.0841121495
18.6219804401;101.7724537640;18.8317757009
18.6319600652;101.7724537640;18.8317757009
18.6419396903;101.7278940960;18.6448598131
18.6519193154;101.8173320564;18.4579439252
18.6618989405;101.8173320564;18.4579439252
18.6718785656;101.8619463963;18.6448598131
18.6818581907;101.7278940960;18.6448598131
18.6918378158;102.1300509971;18.6448598131
18.7018174409;101.8619463963;18.6448598131
18.7117970660;101.8619463963;18.6448598131
18.7217766911;101.7724537640;18.8317757009
18.7317563162;101.9065607363;18.8317757009
18.7417359413;101.6833344280;18.4579439252
18.7517155664;101.6383467916;18.8317757009
18.7616951915;101.9065607363;18.8317757009
18.7716748166;101.7724537640;18.8317757009
18.7816544417;101.7278940960;18.6448598131
18.7916340668;101.8170134320;19.0186915888
18.8016136919;101.5938417956;18.6448598131
18.8115933170;101.8173320564;18.4579439252
18.8215729421;101.7278940960;18.6448598131
18.8315525672;101.5938417956;18.6448598131
18.8415321923;101.8619463963;18.6448598131
18.8515118174;101.8173320564;18.4579439252
18.8614914425;101.7724537640;18.8317757009
18.8714710676;101.6833344280;18.4579439252
18.8814506927;101.5938417956;18.6448598131
18.8914303178;102.1300509971;18.6448598131
18.9014099430;101.8173320564;18.4579439252
18.9113895681;101.8619463963;18.6448598131
18.9213691932;101.8170134320;19.0186915888
18.9313488183;101.8619463963;18.6448598131
18.9413284434;101.5938417956;18.6448598131
18.9513080685;101.9065607363;18.8317757009
18.9612876936;101.6383467916;18.8317757009
18.9712673187;102.1300509971;18.6448598131
18.9812469438;102.1747746810;18.8317757009
18.9912265689;102.0406677087;18.8317757009
19.0012061940;101.9959986967;18.6448598131
19.0111858191;101.8173320564;18.4579439252
19.0211654442;101.6833344280;18.4579439252
19.0311450693;101.7278940960;18.6448598131
19.0411246944;101.9065607363;18.8317757009
19.0511043195;101.7278940960;18.6448598131
19.0610839446;101.8619463963;18.6448598131
19.0710635697;101.9959986967;18.6448598131
19.0810431948;102.0406677087;18.8317757009
19.0910228199;101.9065607363;18.8317757009
19.1010024450;101.8619463963;18.6448598131
19.1109820701;101.9065607363;18.8317757009
19.1209616952;101.5493367995;18.4579439252
19.1309413203;101.6833344280;18.4579439252
19.1409209454;101.9065607363;18.8317757009
19.1509005705;101.7724537640;18.8317757009
19.1608801956;101.9065607363;18.8317757009
19.1708598207;101.9065607363;18.8317757009
19.1808394458;101.8619463963;18.6448598131
19.1908190709;101.7278940960;18.6448598131
19.2007986960;101.7278940960;18.6448598131
19.2107783211;101.8619463963;18.6448598131
19.2207579462;101.7724537640;18.8317757009
19.2307375713;101.9065607363;18.8317757009
19.2407171964;101.7278940960;18.6448598131
19.2506968215;101.7278940960;18.6448598131
19.2606764466;102.1300509971;18.6448598131
19.2706560717;101.7724537640;18.8317757009
19.2806356968;102.1747746810;18.8317757009
19.2906153219;101.7278940960;18.6448598131
19.3005949470;102.1300509971;18.6448598131
19.3105745721;101.7724537640;18.8317757009
19.3205541972;101.7278940960;18.6448598131
19.3305338223;101.9065607363;18.8317757009
19.3405134474;101.9959986967;18.6448598131
19.3504930725;101.6387747600;18.2710280374
19.3604726976;101.9065607363;18.8317757009
19.3704523227;101.7278940960;18.6448598131
19.3804319478;101.7278940960;18.6448598131
19.3904115729;101.9065607363;18.8317757009
19.4003911980;101.8619463963;18.6448598131
19.4103708231;101.7724537640;18.8317757009
19.4203504482;101.9065607363;18.8317757009
19.4303300733;101.6833344280;18.4579439252
19.4403096985;101.7278940960;18.6448598131
19.4502893236;101.7724537640;18.8317757009
19.4602689487;101.7278940960;18.6448598131
19.4702485738;101.9065607363;18.8317757009
19.4802281989;101.9066606729;18.2710280374
19.4902078240;101.7278940960;18.6448598131
19.5001874491;101.7278940960;18.6448598131
19.5101670742;101.5493367995;18.4579439252
19.5201466993;101.9065607363;18.8317757009
19.5301263244;101.7278940960;18.6448598131
19.5401059495;101.8173320564;18.4579439252
19.5500855746;101.5493367995;18.4579439252
19.5600651997;102.1747746810;18.8317757009
19.5700448248;101.8173320564;18.4579439252
19.5800244499;101.8170134320;19.0186915888
19.5900040750;101.5493367995;18.4579439252
19.5999837001;101.6383467916;18.8317757009
19.6099633252;101.7278940960;18.6448598131
19.6199429503;101.7278940960;18.6448598131
19.6299225754;101.5938417956;18.6448598131
19.6399022005;102.0853367206;19.0186915888
19.6498818256;101.6383467916;18.8317757009
19.6598614507;101.7278940960;18.6448598131
19.6698410758;101.7724537640;18.8317757009
19.6798207009;101.7278940960;18.6448598131
19.6898003260;101.9959986967;18.6448598131
19.6997799511;101.7278940960;18.6448598131
19.7097595762;101.8619463963;18.6448598131
19.7197392013;102.1300509971;18.6448598131
19.7297188264;101.5938417956;18.6448598131
19.7396984515;101.8619463963;18.6448598131
19.7496780766;101.7278940960;18.6448598131
19.7596577017;101.8619463963;18.6448598131
19.7696373268;101.7278940960;18.6448598131
19.7796169519;101.7278940960;18.6448598131
19.7895965770;101.7278940960;18.6448598131
19.7995762021;101.9065607363;18.8317757009
19.8095558272;101.8619463963;18.6448598131
19.8195354523;101.6383467916;18.8317757009
19.8295150774;101.6833344280;18.4579439252
19.8394947025;101.7724537640;18.8317757009
19.8494743276;101.6833344280;18.4579439252
19.8594539527;101.9511750763;19.0186915888
19.8694335778;101.9065607363;18.8317757009
19.8794132029;102.0406677087;18.8317757009
19.8893928280;101.8619463963;18.6448598131
19.8993724531;101.9065607363;18.8317757009
19.9093520782;101.7724537640;18.8317757009
19.9193317033;101.6833344280;18.4579439252
19.9293113284;101.7724537640;18.8317757009
19.9392909535;101.8619463963;18.6448598131
19.9492705786;101.7724537640;18.8317757009
19.9592502037;101.8619463963;18.6448598131
19.9692298289;101.7278940960;18.6448598131
19.9792094540;101.8619463963;18.6448598131
19.9891890791;101.7278940960;18.6448598131
19.9991687042;102.1747746810;18.8317757009
20.0091483293;101.7278940960;18.6448598131
20.0191279544;101.9959986967;18.6448598131
20.0291075795;101.8619463963;18.6448598131
20.0390872046;101.8619463963;18.6448598131
20.0490668297;101.7724537640;18.8317757009
20.0590464548;101.7278940960;18.6448598131
20.0690260799;101.7278940960;18.6448598131
20.0790057050;101.8619463963;18.6448598131
20.0889853301;101.8619463963;18.6448598131
20.0989649552;101.7727177164;18.2710280374
20.1089445803;101.7278940960;18.6448598131
20.1189242054;101.7278940960;18.6448598131
20.1289038305;101.7727177164;18.2710280374
20.1388834556;101.5938417956;18.6448598131
20.1488630807;101.7724537640;18.8317757009
20.1588427058;101.7278940960;18.6448598131
20.1688223309;101.7724537640;18.8317757009
20.1788019560;101.7724537640;18.8317757009
20.1887815811;102.0406677087;18.8317757009
20.1987612062;101.8619463963;18.6448598131
20.2087408313;101.9065607363;18.8317757009
20.2187204564;101.8619463963;18.6448598131
20.2287000815;101.9065607363;18.8317757009
20.2386797066;101.8173320564;18.4579439252
20.2486593317;101.7724537640;18.8317757009
20.2586389568;101.7278940960;18.6448598131
20.2686185819;101.7724537640;18.8317757009
20.2785982070;101.9959986967;18.6448598131
20.2885778321;101.8170134320;19.0186915888
20.2985574572;101.6833344280;18.4579439252
20.3085370823;101.7724537640;18.8317757009
20.3185167074;101.7278940960;18.6448598131
20.3284963325;101.6833344280;18.4579439252
20.3384759576;101.7724537640;18.8317757009
20.3484555827;101.8170134320;19.0186915888
20.3584352078;102.1747746810;18.8317757009
20.3684148329;101.8619463963;18.6448598131
20.3783944580;101.5938417956;18.6448598131
20.3883740831;101.7724537640;18.8317757009
20.3983537082;101.6383467916;18.8317757009
20.4083333333;101.7278940960;18.6448598131
20.4183129584;101.9065607363;18.8317757009
20.4282925835;101.7278940960;18.6448598131
20.4382722086;101.7278940960;18.6448598131
20.4482518337;101.7724537640;18.8317757009
20.4582314588;101.7724537640;18.8317757009
20.4682110839;101.7278940960;18.6448598131
20.4781907090;101.6833344280;18.4579439252
20.4881703341;101.7724537640;18.8317757009
20.4981499593;101.9065607363;18.8317757009
20.5081295844;101.7278940960;18.6448598131
20.5181092095;101.7278940960;18.6448598131
20.5280888346;101.8173320564;18.4579439252
20.5380684597;101.8619463963;18.6448598131
20.5480480848;101.9065607363;18.8317757009
20.5580277099;101.7278940960;18.6448598131
20.5680073350;102.1300509971;18.6448598131
20.5779869601;101.7278940960;18.6448598131
20.5879665852;101.7278940960;18.6448598131
20.5979462103;102.0406677087;18.8317757009
20.6079258354;101.7278940960;18.6448598131
20.6179054605;101.5942150920;18.0841121495
20.6278850856;101.7278940960;18.6448598131
20.6378647107;101.6383467916;18.8317757009
20.6478443358;101.7278940960;18.6448598131
20.6578239609;102.0406677087;18.8317757009
20.6678035860;101.5938417956;18.6448598131
20.6777832111;101.7724537640;18.8317757009
20.6877628362;101.7278940960;18.6448598131
20.6977424613;101.9065607363;18.8317757009
20.7077220864;101.7278940960;18.6448598131
20.7177017115;101.8619463963;18.6448598131
20.7276813366;102.1300509971;18.6448598131
20.7376609617;101.7278940960;18.6448598131
20.7476405868;101.8619463963;18.6448598131
20.7576202119;101.7724537640;18.8317757009
20.7675998370;101.7278940960;18.6448598131
20.7775794621;101.8619463963;18.6448598131
20.7875590872;101.7278940960;18.6448598131
20.7975387123;101.7724537640;18.8317757009
20.8075183374;101.9065607363;18.8317757009
20.8174979625;101.7278940960;18.6448598131
20.8274775876;101.8619463963;18.6448598131
20.8374572127;101.7724537640;18.8317757009
20.8474368378;101.7278940960;18.6448598131
20.8574164629;101.7724537640;18.8317757009
20.8673960880;101.8619463963;18.6448598131
20.8773757131;101.9959986967;18.6448598131
20.8873553382;101.5938417956;18.6448598131
20.8973349633;101.8619463963;18.6448598131
20.9073145884;101.7278940960;18.6448598131
20.9172942135;101.7724537640;18.8317757009
20.9272738386;101.8619463963;18.6448598131
20.9372534637;102.0406677087;18.8317757009
20.9472330888;101.7278940960;18.6448598131
20.9572127139;101.9511750763;19.0186915888
20.9671923390;101.7278940960;18.6448598131
20.9771719641;101.8619463963;18.6448598131
20.9871515892;101.6833344280;18.4579439252
20.9971312143;101.8619463963;18.6448598131
21.0071108394;101.7278940960;18.6448598131
21.0170904645;101.9065607363;18.8317757009
21.0270700896;102.0406677087;18.8317757009
21.0370497148;101.7724537640;18.8317757009
21.0470293399;101.9959986967;18.6448598131
21.0570089650;101.7724537640;18.8317757009
21.0669885901;101.7278940960;18.6448598131
21.0769682152;102.0406677087;18.8317757009
21.0869478403;101.9959986967;18.6448598131
21.0969274654;101.8170134320;19.0186915888
21.1069070905;101.9959986967;18.6448598131
21.1168867156;101.7278940960;18.6448598131
21.1268663407;101.8619463963;18.6448598131
21.1368459658;101.7278940960;18.6448598131
21.1468255909;101.7724537640;18.8317757009
21.1568052160;101.8619463963;18.6448598131
21.1667848411;101.7278940960;18.6448598131
21.1767644662;101.8173320564;18.4579439252
21.1867440913;101.8619463963;18.6448598131
21.1967237164;101.7278940960;18.6448598131
21.2067033415;101.7278940960;18.6448598131
21.2166829666;101.7278940960;18.6448598131
21.2266625917;101.6383467916;18.8317757009
21.2366422168;101.7278940960;18.6448598131
21.2466218419;101.9065607363;18.8317757009
21.2566014670;101.9959986967;18.6448598131
21.2665810921;101.7724537640;18.8317757009
21.2765607172;101.5938417956;18.6448598131
21.2865403423;101.9065607363;18.8317757009
21.2965199674;101.7278940960;18.6448598131
21.3064995925;101.7278940960;18.6448598131
21.3164792176;101.7278940960;18.6448598131
21.3264588427;101.7278940960;18.6448598131
21.3364384678;101.5938417956;18.6448598131
21.3464180929;101.8619463963;18.6448598131
21.3563977180;101.6833344280;18.4579439252
21.3663773431;101.7724537640;18.8317757009
21.3763569682;101.9065607363;18.8317757009
21.3863365933;101.5938417956;18.6448598131
21.3963162184;101.7278940960;18.6448598131
21.4062958435;101.6383467916;18.8317757009
21.4162754686;101.9065607363;18.8317757009
21.4262550937;101.8619463963;18.6448598131
21.4362347188;101.5938417956;18.6448598131
21.4462143439;101.6833344280;18.4579439252
21.4561939690;101.7278940960;18.6448598131
21.4661735941;101.5493367995;18.4579439252
21.4761532192;101.9065607363;18.8317757009
21.4861328443;101.7724537640;18.8317757009
21.4961124694;101.7278940960;18.6448598131
21.5060920945;101.9065607363;18.8317757009
21.5160717196;101.9959986967;18.6448598131
21.5260513447;101.7278940960;18.6448598131
21.5360309698;101.7278940960;18.6448598131
21.5460105949;101.6833344280;18.4579439252
21.5559902200;101.8173320564;18.4579439252
21.5659698452;101.8619463963;18.6448598131
21.5759494703;101.8619463963;18.6448598131
21.5859290954;101.9511750763;19.0186915888
21.5959087205;101.7724537640;18.8317757009
21.6058883456;101.8619463963;18.6448598131
21.6158679707;101.9959986967;18.6448598131
21.6258475958;101.8619463963;18.6448598131
21.6358272209;101.7278940960;18.6448598131
21.6458068460;101.7278940960;18.6448598131
21.6557864711;101.7724537640;18.8317757009
21.6657660962;101.9959986967;18.6448598131
21.6757457213;101.7724537640;18.8317757009
21.6857253464;101.7278940960;18.6448598131
21.6957049715;102.1747746810;18.8317757009
21.7056845966;101.6383467916;18.8317757009
21.7156642217;101.9066606729;18.2710280374
21.7256438468;101.8173320564;18.4579439252
21.7356234719;101.7278940960;18.6448598131
21.7456030970;101.7724537640;18.8317757009
21.7555827221;101.7724537640;18.8317757009
21.7655623472;101.9065607363;18.8317757009
21.7755419723;101.8619463963;18.6448598131
21.7855215974;101.9065607363;18.8317757009
21.7955012225;101.9065607363;18.8317757009
21.8054808476;101.5938417956;18.6448598131
21.8154604727;101.9065607363;18.8317757009
21.8254400978;101.8619463963;18.6448598131
21.8354197229;101.8170134320;19.0186915888
21.8453993480;101.8619463963;18.6448598131
21.8553789731;101.8619463963;18.6448598131
21.8653585982;101.6833344280;18.4579439252
21.8753382233;101.6383467916;18.8317757009
21.8853178484;101.7724537640;18.8317757009
21.8952974735;101.5938417956;18.6448598131
21.9052770986;101.8619463963;18.6448598131
21.9152567237;101.7278940960;18.6448598131
21.9252363488;101.7724537640;18.8317757009
21.9352159739;101.8619463963;18.6448598131
21.9451955990;101.6833344280;18.4579439252
21.9551752241;101.8615731000;19.2056074766
21.9651548492;101.7278940960;18.6448598131
21.9751344743;101.6383467916;18.8317757009
21.9851140994;102.1747746810;18.8317757009
21.9950937245;101.8173320564;18.4579439252
22.0050733496;101.6833344280;18.4579439252
22.0150529747;101.8619463963;18.6448598131
22.0250325998;101.8619463963;18.6448598131
22.0350122249;101.9959986967;18.6448598131
22.0449918500;101.9959986967;18.6448598131
22.0549714751;101.6833344280;18.4579439252
22.0649511002;102.0406677087;18.8317757009
22.0749307253;101.8173320564;18.4579439252
22.0849103504;101.6833344280;18.4579439252
22.0948899756;101.8619463963;18.6448598131
22.1048696007;101.6383467916;18.8317757009
22.1148492258;101.6387747600;18.2710280374
22.1248288509;101.9065607363;18.8317757009
22.1348084760;101.8619463963;18.6448598131
22.1447881011;101.7724537640;18.8317757009
22.1547677262;101.9065607363;18.8317757009
22.1647473513;101.7278940960;18.6448598131
22.1747269764;101.8619463963;18.6448598131
22.1847066015;101.9959986967;18.6448598131
22.1946862266;101.7278940960;18.6448598131
22.2046658517;101.7724537640;18.8317757009
22.2146454768;101.8619463963;18.6448598131
22.2246251019;101.5938417956;18.6448598131
22.2346047270;101.7278940960;18.6448598131
22.2445843521;101.8619463963;18.6448598131
22.2545639772;101.6387747600;18.2710280374
22.2645436023;101.7278940960;18.6448598131
22.2745232274;101.8619463963;18.6448598131
22.2845028525;101.9959986967;18.6448598131
22.2944824776;101.7724537640;18.8317757009
22.3044621027;101.7278940960;18.6448598131
22.3144417278;101.9065607363;18.8317757009
22.3244213529;102.0406677087;18.8317757009
22.3344009780;101.7278940960;18.6448598131
22.3443806031;101.8173320564;18.4579439252
22.3543602282;101.8619463963;18.6448598131
22.3643398533;101.8619463963;18.6448598131
22.3743194784;101.7278940960;18.6448598131
22.3842991035;101.8619463963;18.6448598131
22.3942787286;101.6833344280;18.4579439252
22.4042583537;101.9065607363;18.8317757009
22.4142379788;101.9065607363;18.8317757009
22.4242176039;101.9065607363;18.8317757009
22.4341972290;102.0406677087;18.8317757009
22.4441768541;101.8619463963;18.6448598131
22.4541564792;101.6383467916;18.8317757009
22.4641361043;101.9065607363;18.8317757009
22.4741157294;101.8619463963;18.6448598131
22.4840953545;101.8619463963;18.6448598131
22.4940749796;101.7278940960;18.6448598131
22.5040546047;101.7278940960;18.6448598131
22.5140342298;101.7278940960;18.6448598131
22.5240138549;101.9065607363;18.8317757009
22.5339934800;101.5493367995;18.4579439252
22.5439731051;101.8619463963;18.6448598131
22.5539527302;101.7724537640;18.8317757009
22.5639323553;101.7724537640;18.8317757009
22.5739119804;101.7278940960;18.6448598131
22.5838916055;101.7278940960;18.6448598131
22.5938712306;101.7278940960;18.6448598131
22.6038508557;101.9511750763;19.0186915888
22.6138304808;101.7724537640;18.8317757009
22.6238101059;101.8619463963;18.6448598131
22.6337897311;101.7724537640;18.8317757009
22.6437693562;102.1300509971;18.6448598131
22.6537489813;101.7724537640;18.8317757009
22.6637286064;101.7278940960;18.6448598131
22.6737082315;101.9065607363;18.8317757009
22.6836878566;101.6833344280;18.4579439252
22.6936674817;101.7278940960;18.6448598131
22.7036471068;101.7724537640;18.8317757009
22.7136267319;102.1300509971;18.6448598131
22.7236063570;101.9065607363;18.8317757009
22.7335859821;101.7278940960;18.6448598131
22.7435656072;101.8619463963;18.6448598131
22.7535452323;101.8619463963;18.6448598131
22.7635248574;101.7278940960;18.6448598131
22.7735044825;101.7724537640;18.8317757009
22.7834841076;101.8619463963;18.6448598131
22.7934637327;101.7278940960;18.6448598131
22.8034433578;101.7278940960;18.6448598131
22.8134229829;101.7278940960;18.6448598131
22.8234026080;101.7278940960;18.6448598131
22.8333822331;102.1747746810;18.8317757009
22.8433618582;101.6383467916;18.8317757009
22.8533414833;101.8619463963;18.6448598131
22.8633211084;101.9065607363;18.8317757009
22.8733007335;101.8170134320;19.0186915888
22.8832803586;101.9065607363;18.8317757009
22.8932599837;101.7724537640;18.8317757009
22.9032396088;101.7278940960;18.6448598131
22.9132192339;101.8619463963;18.6448598131
22.9231988590;101.7724537640;18.8317757009
22.9331784841;101.5938417956;18.6448598131
22.9431581092;101.7278940960;18.6448598131
22.9531377343;101.9065607363;18.8317757009
22.9631173594;101.8173320564;18.4579439252
22.9730969845;101.6383467916;18.8317757009
22.9830766096;101.8619463963;18.6448598131
22.9930562347;101.7724537640;18.8317757009
23.0030358598;101.6833344280;18.4579439252
23.0130154849;101.8173320564;18.4579439252
23.0229951100;101.7278940960;18.6448598131
23.0329747351;101.7278940960;18.6448598131
23.0429543602;101.6383467916;18.8317757009
23.0529339853;101.9065607363;18.8317757009
23.0629136104;101.7278940960;18.6448598131
23.0728932355;101.8619463963;18.6448598131
23.0828728606;101.7278940960;18.6448598131
23.0928524857;101.7278940960;18.6448598131
23.1028321108;101.7278940960;18.6448598131
23.1128117359;102.1300509971;18.6448598131
23.1227913610;101.9959986967;18.6448598131
23.1327709861;101.6833344280;18.4579439252
23.1427506112;101.8619463963;18.6448598131
23.1527302363;101.6387747600;18.2710280374
23.1627098615;101.7278940960;18.6448598131
23.1726894866;101.7278940960;18.6448598131
23.1826691117;101.8619463963;18.6448598131
23.1926487368;101.7278940960;18.6448598131
23.2026283619;102.0853273132;18.4579439252
23.2126079870;101.7278940960;18.6448598131
23.2225876121;101.5938417956;18.6448598131
23.2325672372;101.8619463963;18.6448598131
23.2425468623;101.7278940960;18.6448598131
23.2525264874;101.9959986967;18.6448598131
23.2625061125;101.9065607363;18.8317757009
23.2724857376;101.7278940960;18.6448598131
23.2824653627;101.6383467916;18.8317757009
23.2924449878;101.8619463963;18.6448598131
23.3024246129;101.7278940960;18.6448598131
23.3124042380;101.7724537640;18.8317757009
23.3223838631;101.9959986967;18.6448598131
23.3323634882;101.7278940960;18.6448598131
23.3423431133;101.7278940960;18.6448598131
23.3523227384;101.8619463963;18.6448598131
23.3623023635;101.9511750763;19.0186915888
23.3722819886;101.5938417956;18.6448598131
23.3822616137;101.8173320564;18.4579439252
23.3922412388;101.7278940960;18.6448598131
23.4022208639;101.8619463963;18.6448598131
23.4122004890;101.7724537640;18.8317757009
23.4221801141;101.9511750763;19.0186915888
23.4321597392;101.9065607363;18.8317757009
23.4421393643;101.8619463963;18.6448598131
23.4521189894;101.6383467916;18.8317757009
23.4620986145;102.1300509971;18.6448598131
23.4720782396;101.7278940960;18.6448598131
23.4820578647;101.9065607363;18.8317757009
23.4920374898;101.6833344280;18.4579439252
23.5020171149;101.7278940960;18.6448598131
23.5119967400;101.8619463963;18.6448598131
23.5219763651;101.8619463963;18.6448598131
23.5319559902;101.8170134320;19.0186915888
23.5419356153;101.8619463963;18.6448598131
23.5519152404;101.8619463963;18.6448598131
23.5618948655;101.8619463963;18.6448598131
23.5718744906;101.7724537640;18.8317757009
23.5818541157;101.7278940960;18.6448598131
23.5918337408;101.8619463963;18.6448598131
23.6018133659;101.9065607363;18.8317757009
23.6117929910;101.6833344280;18.4579439252
23.6217726161;101.8619463963;18.6448598131
23.6317522412;101.7724537640;18.8317757009
23.6417318663;101.8619463963;18.6448598131
23.6517114914;101.6833344280;18.4579439252
23.6616911165;102.1747746810;18.8317757009
23.6716707416;101.8173320564;18.4579439252
23.6816503667;101.7724537640;18.8317757009
23.6916299919;101.7278940960;18.6448598131
23.7016096170;101.7278940960;18.6448598131
23.7115892421;101.9513296848;18.4579439252
23.7215688672;101.7724537640;18.8317757009
23.7315484923;101.7724537640;18.8317757009
23.7415281174;101.9065607363;18.8317757009
23.7515077425;101.9065607363;18.8317757009
23.7614873676;101.8619463963;18.6448598131
23.7714669927;101.9511750763;19.0186915888
23.7814466178;101.7278940960;18.6448598131
23.7914262429;101.9065607363;18.8317757009
23.8014058680;101.7724537640;18.8317757009
23.8113854931;101.9065607363;18.8317757009
23.8213651182;101.7278940960;18.6448598131
23.8313447433;101.5938417956;18.6448598131
23.8413243684;101.9065607363;18.8317757009
23.8513039935;101.7278940960;18.6448598131
23.8612836186;101.5493367995;18.4579439252
23.8712632437;101.8619463963;18.6448598131
23.8812428688;102.1300509971;18.6448598131
23.8912224939;101.8619463963;18.6448598131
23.9012021190;101.8619463963;18.6448598131
23.9111817441;101.9959986967;18.6448598131
23.9211613692;101.7278940960;18.6448598131
23.9311409943;101.8170134320;19.0186915888
23.9411206194;101.7278940960;18.6448598131
23.9511002445;101.6833344280;18.4579439252
23.9610798696;101.8619463963;18.6448598131
23.9710594947;101.7278940960;18.6448598131
23.9810391198;101.6383467916;18.8317757009
23.9910187449;101.7278940960;18.6448598131
24.0009983700;101.7724537640;18.8317757009
24.0109779951;101.8619463963;18.6448598131
24.0209576202;101.7278940960;18.6448598131
24.0309372453;101.8173320564;18.4579439252
24.0409168704;101.7278940960;18.6448598131
24.0508964955;101.7278940960;18.6448598131
24.0608761206;101.7278940960;18.6448598131
24.0708557457;101.7278940960;18.6448598131
24.0808353708;101.9065607363;18.8317757009
24.0908149959;101.9065607363;18.8317757009
24.1007946210;101.7724537640;18.8317757009
24.1107742461;102.1747746810;18.8317757009
24.1207538712;101.7278940960;18.6448598131
24.1307334963;101.9513296848;18.4579439252
24.1407131214;101.5938417956;18.6448598131
24.1506927465;101.9065607363;18.8317757009
24.1606723716;101.7724537640;18.8317757009
24.1706519967;101.9065607363;18.8317757009
24.1806316218;102.1747746810;18.8317757009
24.1906112469;101.8173320564;18.4579439252
24.2005908720;101.9065607363;18.8317757009
24.2105704971;101.8619463963;18.6448598131
24.2205501222;101.9959986967;18.6448598131
24.2305297474;101.7278940960;18.6448598131
24.2405093725;101.5493367995;18.4579439252
24.2504889976;101.6383467916;18.8317757009
24.2604686227;101.7724537640;18.8317757009
24.2704482478;101.7278940960;18.6448598131
24.2804278729;101.8619463963;18.6448598131
24.2904074980;101.8619463963;18.6448598131
24.3003871231;101.7278940960;18.6448598131
24.3103667482;101.6828517877;19.0186915888
24.3203463733;101.7278940960;18.6448598131
24.3303259984;101.7724537640;18.8317757009
24.3403056235;101.7724537640;18.8317757009
24.3502852486;101.5048318035;18.2710280374
24.3602648737;101.9065607363;18.8317757009
24.3702444988;101.8619463963;18.6448598131
24.3802241239;101.8173320564;18.4579439252
24.3902037490;102.1300509971;18.6448598131
24.4001833741;101.7278940960;18.6448598131
24.4101629992;102.1300509971;18.6448598131
24.4201426243;101.9065607363;18.8317757009
24.4301222494;101.5938417956;18.6448598131
24.4401018745;101.7278940960;18.6448598131
24.4500814996;101.8619463963;18.6448598131
24.4600611247;102.0853367206;19.0186915888
24.4700407498;101.6383467916;18.8317757009
24.4800203749;NaN