Time (s);Ax (m/s²);Ay (m/s²);Az (m/s²)
0.0099189955;0.2439273533;9.0671616238;3.7237715456
0.0198379911;0.2727019942;9.0865068821;3.7045468177
0.0297569866;0.2439273533;9.0671616238;3.7237715456
0.0396759822;0.3014766352;8.9946169054;3.8727631872
0.0495949777;0.3398428230;9.0429800510;3.9256311890
0.0595139733;0.3254555026;8.9897805908;3.9064064611
0.0694329688;0.3206597291;8.9607627034;3.9064064611
0.0793519644;0.2966808617;8.9752716471;3.8583446412
0.0892709599;0.2966808617;9.0429800510;3.7814457295
0.0991899554;0.2103569389;9.0768342529;3.6660973618
0.1091089510;0.1623992041;9.1058521403;3.5891984500
0.1190279465;0.0856668283;9.0816705675;3.5074933563
0.1289469421;-0.0150444149;9.0139621636;3.4450129905
0.1388659376;-0.0438190558;9.0381437364;3.4450129905
0.1487849332;-0.1061641111;9.0429800510;3.4113697166
0.1587039287;-0.1685091664;8.9897805908;3.4402068085
0.1686229243;-0.2164669012;9.0091258491;3.4546253545
0.1785419198;-0.2308542217;8.9801079617;3.5074933563
0.1884609154;-0.2260584482;9.0139621636;3.5555551762
0.1983799109;-0.2068753543;9.0139621636;3.6420664519
0.2082989064;-0.1349387520;8.9607627034;3.7285777276
0.2182179020;-0.0917767906;8.9946169054;3.7814457295
0.2281368975;-0.0054528679;9.0187984782;3.8391199133
0.2380558931;0.0952583753;9.0236347927;3.9304373710
0.2479748886;0.2007653920;9.0091258491;3.9640806449
0.2578938842;0.3062724086;9.0139621636;3.9784991909
0.2678128797;0.3925963314;9.0091258491;3.9400497350
0.2777318753;0.4549413867;9.0187984782;3.9112126431
0.2876508708;0.5124906685;9.0333074219;3.8823755512
0.2975698663;0.5268779890;8.9801079617;3.8247013673
0.3074888619;0.5364695359;8.9607627034;3.8102828214
0.3174078574;0.4837160276;8.9994532199;3.7526086376
0.3273268530;0.4693287071;9.0574889947;3.7381900916
0.3372458485;0.4117794253;9.0719979384;3.7189653637
0.3471648441;0.3110681821;9.0381437364;3.6757097258
0.3570838396;0.2487231268;9.0719979384;3.6468726339
0.3670028352;0.1623992041;9.1445426568;3.6228417239
0.3769218307;0.1048499223;9.1155247694;3.5988108140
0.3868408262;0.0281175465;9.0187984782;3.6132293600
0.3967598218;-0.0534106027;8.9849442762;3.6276479059
0.4066788173;-0.0965725641;8.9849442762;3.5891984500
0.4165978129;-0.1397345255;9.0091258491;3.6180355420
0.4265168084;-0.1541218459;8.9365811306;3.6420664519
0.4364358040;-0.1253472050;8.9559263889;3.6757097258
0.4463547995;-0.0821852437;9.0333074219;3.7141591817
0.4562737951;-0.0677979232;9.0236347927;3.7189653637
0.4661927906;-0.0390232823;9.0139621636;3.7526086376
0.4761117861;-0.0150444149;9.0429800510;3.7189653637
0.4860307817;0.0664837344;9.0236347927;3.7766395475
0.4959497772;0.1192372427;8.9994532199;3.7478024556
0.5058687728;0.1671949776;9.0236347927;3.7574148195
0.5157877683;0.2439273533;9.0429800510;3.7285777276
0.5257067639;0.3158639556;9.0284711073;3.7237715456
0.5356257594;0.3590259170;8.9897805908;3.7093529997
0.5455447550;0.3973921049;9.0236347927;3.6997406357
0.5554637505;0.4309625193;9.0961795112;3.6901282717
0.5653827461;0.4453498397;9.0961795112;3.7189653637
0.5753017416;0.4357582927;9.0429800510;3.7285777276
0.5852207371;0.3925963314;9.0913431966;3.7141591817
0.5951397327;0.3686174639;9.0961795112;3.6997406357
0.6050587282;0.3014766352;9.0816705675;3.7045468177
0.6149777238;0.2295400329;9.0236347927;3.6901282717
0.6248967193;0.1767865245;9.0284711073;3.6853220898
0.6348157149;0.1048499223;9.0478163656;3.6757097258
0.6447347104;0.0520964139;9.0139621636;3.7141591817
0.6546537060;0.0089344526;8.9849442762;3.7285777276
0.6645727015;-0.0246359618;9.0284711073;3.7574148195
0.6744916970;-0.0390232823;9.0478163656;3.7862519115
0.6844106926;-0.0534106027;9.0623253092;3.7910580934
0.6943296881;-0.0773894702;9.0671616238;3.7622210015
0.7042486837;-0.0773894702;9.0187984782;3.7478024556
0.7141676792;-0.0773894702;9.0042895345;3.7285777276
0.7240866748;-0.0582063762;8.9946169054;3.7141591817
0.7340056703;-0.0294317353;8.9414174452;3.7285777276
0.7439246659;0.0233217730;8.9559263889;3.6997406357
0.7538436614;0.0473006404;8.9897805908;3.6901282717
0.7637626569;0.1048499223;8.9655990180;3.6372602699
0.7736816525;0.1623992041;8.9946169054;3.6276479059
0.7836006480;0.2103569389;9.0236347927;3.6180355420
0.7935196436;0.2295400329;9.0381437364;3.6468726339
0.8034386391;0.2391315798;9.0187984782;3.6757097258
0.8133576347;0.2583146738;9.0236347927;3.7141591817
0.8232766302;0.2631104473;9.0429800510;3.7478024556
0.8331956258;0.2583146738;9.0623253092;3.7622210015
0.8431146213;0.2631104473;9.0478163656;3.7478024556
0.8530336168;0.2295400329;9.1010158257;3.7526086376
0.8629526124;0.2103569389;9.1832331733;3.7574148195
0.8728716079;0.1671949776;9.1155247694;3.7237715456
0.8827906035;0.1336245632;9.0429800510;3.7237715456
0.8927095990;0.0760752814;9.0429800510;3.6949344537
0.9026285946;0.0568921874;9.0671616238;3.6853220898
0.9125475901;0.0425048670;8.9897805908;3.6612911798
0.9224665857;-0.0054528679;8.9172358724;3.6901282717
0.9323855812;-0.0102486414;9.0042895345;3.7045468177
0.9423045768;0.0041386791;9.0429800510;3.7189653637
0.9522235723;0.0041386791;9.0139621636;3.7141591817
0.9621425678;0.0089344526;8.9897805908;3.7381900916
0.9720615634;0.0473006404;9.0574889947;3.7574148195
0.9819805589;0.0712795079;9.0526526801;3.7814457295
0.9918995545;0.1144414692;9.0139621636;3.7622210015
1.0018185500;0.1528076571;8.9946169054;3.7381900916
1.0117375456;0.1719907511;9.0091258491;3.7381900916
1.0216565411;0.1815822980;9.0381437364;3.7237715456
1.0315755367;0.2103569389;9.0719979384;3.7429962736
1.0414945322;0.2055611655;9.0333074219;3.6997406357
1.0514135277;0.2055611655;9.0333074219;3.6949344537
1.0613325233;0.1815822980;9.0816705675;3.6949344537
1.0712515188;0.1719907511;9.0961795112;3.7045468177
1.0811705144;0.1623992041;9.0671616238;3.6757097258
1.0910895099;0.1336245632;9.0574889947;3.6660973618
1.1010085055;0.1048499223;9.0671616238;3.6709035438
1.1109275010;0.0760752814;9.0333074219;3.6468726339
1.1208464966;0.0568921874;9.0091258491;3.7141591817
1.1307654921;0.0137302260;8.9897805908;3.6709035438
1.1406844876;-0.0198401884;9.0091258491;3.6901282717
1.1506034832;-0.0246359618;9.0284711073;3.6901282717
1.1605224787;-0.0150444149;9.0042895345;3.7189653637
1.1704414743;-0.0198401884;8.9607627034;3.7429962736
1.1803604698;-0.0054528679;9.0284711073;3.7237715456
1.1902794654;-0.0054528679;9.0574889947;3.7381900916
1.2001984609;0.0233217730;8.9946169054;3.7333839096
1.2101174565;0.0329133200;8.9752716471;3.7478024556
1.2200364520;0.0760752814;9.0574889947;3.7670271835
1.2299554475;0.1144414692;9.0478163656;3.7910580934
1.2398744431;0.1240330162;9.0284711073;3.7526086376
1.2497934386;0.1480118836;9.0381437364;3.7285777276
1.2597124342;0.1528076571;9.0623253092;3.7381900916
1.2696314297;0.1623992041;9.0526526801;3.7093529997
1.2795504253;0.1863780715;9.0865068821;3.7093529997
1.2894694208;0.1815822980;9.0719979384;3.6757097258
1.2993884164;0.1911738450;9.0139621636;3.6612911798
1.3093074119;0.2055611655;9.0236347927;3.6757097258
1.3192264075;0.1767865245;8.9801079617;3.6901282717
1.3291454030;0.1815822980;8.9849442762;3.6901282717
1.3390643985;0.1767865245;9.0526526801;3.7189653637
1.3489833941;0.1671949776;9.0574889947;3.7526086376
1.3589023896;0.1623992041;9.0091258491;3.7766395475
1.3688213852;0.1336245632;9.0381437364;3.7958642754
1.3787403807;0.1048499223;9.0478163656;3.7862519115
1.3886593763;0.0856668283;9.0623253092;3.7670271835
1.3985783718;0.0760752814;9.0042895345;3.7718333655
1.4084973674;0.0185259995;8.9655990180;3.7814457295
1.4184163629;0.0089344526;9.0429800510;3.7766395475
1.4283353584;0.0137302260;9.0719979384;3.7574148195
1.4382543540;0.0041386791;8.9946169054;3.7381900916
1.4481733495;-0.0006570944;9.0042895345;3.6853220898
1.4580923451;0.0137302260;9.0574889947;3.6084231780
1.4680113406;-0.0150444149;9.0961795112;3.5507489942
1.4779303362;-0.0054528679;9.0429800510;3.5411366302
1.4878493317;0.0041386791;8.9607627034;3.5411366302
1.4977683273;0.0233217730;8.9559263889;3.5699737221
1.5076873228;0.0520964139;9.0333074219;3.6132293600
1.5176063183;0.0808710548;9.0042895345;3.6709035438
1.5275253139;0.1240330162;8.9704353325;3.7141591817
1.5374443094;0.1480118836;9.0091258491;3.7429962736
1.5473633050;0.1767865245;9.0768342529;3.7958642754
1.5572823005;0.2055611655;9.1010158257;3.8247013673
1.5672012961;0.2199484859;9.0236347927;3.8535384593
1.5771202916;0.2199484859;8.9462537597;3.8967940971
1.5870392872;0.2295400329;9.0187984782;3.8871817332
1.5969582827;0.2487231268;9.0961795112;3.8919879151
1.6068772783;0.2391315798;9.0042895345;3.8727631872
1.6167962738;0.2103569389;8.9801079617;3.8150890034
1.6267152693;0.1671949776;9.1058521403;3.7574148195
1.6366342649;0.1384203367;9.2122510607;3.7045468177
1.6465532604;0.0808710548;9.1203610840;3.6276479059
1.6564722560;0.0041386791;9.0284711073;3.5555551762
1.6663912515;-0.0390232823;9.0719979384;3.4594315364
1.6763102471;-0.0917767906;9.1010158257;3.3681140787
1.6862292426;-0.1445302990;9.0865068821;3.2816028030
1.6961482382;-0.1397345255;9.1590516005;3.1422235254
1.7060672337;-0.1589176194;9.2364326335;3.0412937037
1.7159862292;-0.1349387520;9.3621768121;2.9836195199
1.7259052248;-0.1253472050;9.6088288548;2.8971082441
1.7358242203;-0.1253472050;10.0586061092;2.7625351485
1.7457432159;-0.0917767906;9.6717009442;2.2819169500
1.7556622114;0.1000541488;9.9715524471;1.5417649242
1.7655812070;0.1863780715;9.7394093480;0.5661099811
1.7755002025;0.0712795079;7.7855382646;1.1813012753
1.7854191981;0.0329133200;7.1229631695;1.3591300088
1.7953381936;0.0856668283;7.9306277015;1.4168041926
1.8052571891;0.0856668283;9.0139621636;1.5609896522
1.8151761847;0.0664837344;9.4975936199;1.5129278323
1.8250951802;0.0377090935;9.2461052626;1.2726187330
1.8350141758;0.0089344526;9.4975936199;1.0178910878
1.8449331713;-0.0246359618;10.3584576121;0.8304499903
1.8548521669;-0.0630021497;11.1467768858;0.5228543433
1.8647711624;-0.0582063762;10.9920148198;0.1431659664
1.8746901580;-0.0725936967;9.9328619306;-0.1836544086
1.8846091535;-0.0677979232;9.0478163656;-0.3951264160
1.8945281490;-0.0630021497;8.9752716471;-0.6498540612
1.9044471446;-0.0821852437;9.4782483617;-0.8324889766
1.9143661401;-0.0773894702;9.8844987849;-0.9238064344
1.9242851357;-0.1349387520;10.0586061092;-0.7892333388
1.9342041312;-0.1541218459;10.3874754995;-0.9286126164
1.9441231268;-0.1733049399;11.0016874490;-0.7892333388
1.9540421223;-0.2308542217;11.6062267693;-0.5873736954
1.9639611179;-0.1781007134;11.6497536004;-0.2941965943
1.9738801134;-0.1589176194;11.0016874490;-0.0010194931
1.9837991090;-0.1157556581;10.3536212975;0.3065761539
1.9937181045;-0.0773894702;10.0489334801;0.5757223451
2.0036371000;-0.0486148293;10.0972966257;0.8064190804
2.0135560956;-0.0294317353;10.1118055694;1.0323096337
2.0234750911;-0.0150444149;10.1214781985;1.1957198213
2.0333940867;-0.0198401884;10.2085318606;1.3110681889
2.0433130822;-0.0150444149;10.5857643966;1.3302929168
2.0532320778;-0.0150444149;10.9097974723;1.2726187330
2.0631510733;0.0041386791;10.9823421907;1.0467281797
2.0730700689;0.0137302260;10.7695443499;0.7295201687
2.0829890644;0.0233217730;10.4938744199;0.3642503378
2.0929080599;0.0520964139;10.2810765791;-0.0106318571
2.1028270555;0.0616879609;10.1456597713;-0.3855140520
2.1127460510;0.0568921874;10.0295882218;-0.7123344270
2.1226650466;0.0425048670;9.9570435034;-0.9670620722
2.1325840421;0.0089344526;10.0102429636;-1.2121773535
2.1425030377;-0.0006570944;10.1359871422;-1.3996184509
2.1524220332;-0.0438190558;10.0876239966;-1.4957420907
2.1623410288;-0.0438190558;9.8796624704;-1.5630286384
2.1722600243;-0.0438190558;10.4890381053;-1.6062842763
2.1821790198;-0.0438190558;10.8033985519;-1.5918657304
2.1920980154;-0.0390232823;10.2520586917;-1.3611689951
2.2020170109;-0.0438190558;9.4057036432;-1.0199300741
2.2119360065;-0.0390232823;9.2944684083;-0.7652024288
2.2218550020;-0.0582063762;9.8119540665;-0.4672191457
2.2317739976;-0.0773894702;9.9570435034;-0.1836544086
2.2416929931;-0.0965725641;9.4153762723;0.1191350565
2.2516119887;-0.0869810171;9.0429800510;0.3546379738
2.2615309842;-0.0869810171;9.1010158257;0.5709161631
2.2714499797;-0.0869810171;9.5459567655;0.7102954407
2.2813689753;-0.0630021497;9.8603172121;0.7631634426
2.2912879708;-0.0438190558;9.5604657092;0.7391325326
2.3012069664;-0.0342275088;9.0671616238;0.6526212569
2.3111259619;-0.0054528679;9.0139621636;0.5084357973
2.3210449575;0.0233217730;9.2702868354;0.3594441558
2.3309639530;0.0233217730;9.4153762723;0.1431659664
2.3408829486;0.0233217730;9.2364326335;-0.1500111347
2.3508019441;0.0425048670;9.1203610840;-0.3951264160
2.3607209397;0.0760752814;9.4008673286;-0.6931096991
2.3706399352;0.0952583753;9.8264630102;-1.0391548020
2.3805589307;0.1192372427;9.9763887616;-1.3131071752
2.3904779263;0.1528076571;9.8506445830;-1.4669049987
2.4003969218;0.1528076571;9.6523556859;-1.6110904583
2.4103159174;0.1528076571;9.7587546063;-1.6591522782
2.4202349129;0.1480118836;9.8796624704;-1.6447337322
2.4301539085;0.1384203367;9.8119540665;-1.5341915465
2.4400729040;0.1288287897;9.6813735733;-1.3659751770
2.4499918996;0.0712795079;9.7394093480;-1.1737278976
2.4599108951;0.0568921874;10.0440971655;-0.9286126164
2.4698298906;0.0568921874;10.2472223771;-0.6354355152
2.4797488862;0.0137302260;10.2327134335;-0.3278398682
2.4896678817;-0.0054528679;10.1359871422;-0.0202442211
2.4995868773;-0.0438190558;10.1553324005;0.3306070639
2.5095058728;-0.0725936967;10.2133681752;0.5949470731
2.5194248684;-0.1157556581;10.2085318606;0.8496747183
2.5293438639;-0.1445302990;10.1504960859;1.0082787238
2.5392628595;-0.1589176194;10.1408234568;1.1092085455
2.5491818550;-0.1637133929;10.2955855228;1.1140147275
2.5591008505;-0.1733049399;10.4890381053;1.0419219977
2.5690198461;-0.1397345255;10.6196185985;0.8737056282
2.5789388416;-0.1157556581;10.6147822839;0.6526212569
2.5888578372;-0.0773894702;10.5422375655;0.3546379738
2.5987768327;-0.0486148293;10.6147822839;0.0037866888
2.6086958283;-0.0438190558;10.7018359461;-0.2509409564
2.6186148238;-0.0102486414;10.7840532936;-0.5537304215
2.6285338194;0.0329133200;10.8517616975;-0.7748147928
2.6384528149;0.0473006404;10.9049611577;-0.9478373443
2.6483718104;0.0568921874;10.9678332470;-1.0583795300
2.6582908060;0.1096456957;10.9001248431;-1.0776042579
2.6682098015;0.1192372427;10.6631454296;-1.0391548020
2.6781287971;0.1240330162;10.3729665558;-0.9238064344
2.6880477926;0.1288287897;10.1504960859;-0.7219467910
2.6979667882;0.0856668283;10.0344245364;-0.4479944178
2.7078857837;0.0520964139;9.9715524471;-0.2124915005
2.7178047793;0.0233217730;10.0150792781;0.1239412385
2.7277237748;-0.0390232823;10.0827876820;0.4844048874
2.7376427704;-0.1013683376;10.1940229170;0.8064190804
2.7475617659;-0.1637133929;10.1940229170;1.1092085455
2.7574807614;-0.2260584482;9.9328619306;1.3495176448
2.7673997570;-0.2452415422;9.6571920005;1.4600598305
2.7773187525;-0.2979950505;9.4202125869;1.5273463783
2.7872377481;-0.3363612384;9.1251973986;1.4840907404
2.7971567436;-0.3171781444;8.8350185248;1.4312227385
2.8070757392;-0.3699316528;8.8543637830;1.3158743709
2.8169947347;-0.3987062937;9.0478163656;1.1957198213
2.8269137303;-0.4082978407;9.2654505209;1.0419219977
2.8368327258;-0.4130936141;9.5653020238;0.8160314444
2.8467517213;-0.4035020672;9.8603172121;0.6141718010
2.8566707169;-0.3699316528;9.8941714141;0.3594441558
2.8665897124;-0.2836077300;9.6958825170;0.0710732366
2.8765087080;-0.2164669012;9.3089773520;-0.1740420446
2.8864277035;-0.1685091664;9.1929058024;-0.3470645961
2.8963466991;-0.1013683376;9.1251973986;-0.4528005998
2.9062656946;-0.0534106027;8.9849442762;-0.5393118755
2.9161846902;-0.0342275088;8.8398548394;-0.5152809656
2.9261036857;0.0089344526;9.0333074219;-0.4864438737
2.9360226812;0.0233217730;9.5266115073;-0.3662893240
2.9459416768;0.0185259995;9.9376982451;-0.2413285924
2.9558606723;0.0041386791;10.0295882218;-0.0779184049
2.9657796679;-0.0006570944;9.8699898412;0.1768092403
2.9756986634;-0.0294317353;9.6910462024;0.4363430675
2.9856176590;-0.0534106027;9.6233377985;0.6910707128
2.9955366545;-0.0869810171;9.4589031034;0.8881241742
3.0054556501;-0.1397345255;9.1880694879;1.0755652716
3.0153746456;-0.1733049399;9.1058521403;1.2582001871
3.0252936412;-0.2356499952;9.2654505209;1.3927732827
3.0352126367;-0.3171781444;9.5943199112;1.4937031044
3.0451316322;-0.3795231997;9.8312993247;1.4985092863
3.0550506278;-0.4466640285;9.9425345597;1.4504474665
3.0649696233;-0.4754386694;10.0054066490;1.2726187330
3.0748886189;-0.4850302164;10.0634424238;1.0371158157
3.0848076144;-0.4466640285;10.0586061092;0.7727758065
3.0947266100;-0.3939105202;10.0054066490;0.4411492495
3.1046456055;-0.3219739179;9.9473708743;0.0999103285
3.1145646011;-0.2596288626;9.9715524471;-0.2172976825
3.1244835966;-0.1972838073;10.1553324005;-0.4912500557
3.1344025921;-0.1301429785;10.3729665558;-0.7219467910
3.1443215877;-0.0534106027;10.5906007111;-0.9141940704
3.1542405832;-0.0006570944;10.7308538334;-1.0583795300
3.1641595788;0.0664837344;10.8469253829;-1.0968289859
3.1740785743;0.1384203367;10.8759432703;-1.0679918939
3.1839975699;0.1959696185;10.8614343266;-0.9574497083
3.1939165654;0.2391315798;10.7501990917;-0.7603962469
3.2038355610;0.2822935412;10.7405264626;-0.5200871476
3.2137545565;0.2918850882;10.6099459694;-0.2653595024
3.2236735520;0.2870893147;10.6099459694;-0.0010194931
3.2335925476;0.2583146738;10.6196185985;0.3113823359
3.2435115431;0.2055611655;10.6099459694;0.5564976172
3.2534305387;0.1576034306;10.5035470490;0.7391325326
3.2633495342;0.1000541488;10.4068207577;0.8785118102
3.2732685298;0.0329133200;10.3149307810;0.9217674481
3.2831875253;-0.0198401884;10.2085318606;0.9217674481
3.2931065209;-0.0486148293;10.1166418840;0.8400623543
3.3030255164;-0.0869810171;9.9908977053;0.6910707128
3.3129445119;-0.1109598846;9.9183529869;0.5084357973
3.3228635075;-0.1253472050;9.8264630102;0.2440957881
3.3327825030;-0.1349387520;9.7103914607;-0.0346627670
3.3427014986;-0.1349387520;9.8119540665;-0.2893904123
3.3526204941;-0.1109598846;9.9473708743;-0.5633427855
3.3625394897;-0.0773894702;9.8699898412;-0.8469075226
3.3724584852;-0.0198401884;9.6475193714;-1.0007053461
3.3823774808;0.0473006404;9.6330104277;-1.2169835355
3.3922964763;0.1576034306;9.8844987849;-1.3755875410
3.4022154719;0.2103569389;9.9570435034;-1.4332617248
3.4121344674;0.2727019942;9.7394093480;-1.3803937230
3.4220534629;0.3494343700;9.4298852160;-1.3034948112
3.4319724585;0.4165751988;9.3138136665;-1.1545031697
3.4418914540;0.4741244806;9.6717009442;-0.9862868002
3.4518104496;0.5316737624;9.9280256160;-0.8132642487
3.4617294451;0.5220822155;9.6233377985;-0.5633427855
3.4716484407;0.5172864420;9.2364326335;-0.3182275042
3.4815674362;0.5124906685;9.3283226102;-0.0971431329
3.4914864318;0.5220822155;9.7345730335;0.1383597844
3.5014054273;0.4933075746;9.8119540665;0.3113823359
3.5113244228;0.4021878783;9.4782483617;0.4699863414
3.5212434184;0.3302512761;9.1977421170;0.5853347091
3.5311624139;0.2679062208;9.2896320937;0.6237841650
3.5410814095;0.2055611655;9.5749746529;0.6382027109
3.5510004050;0.1432161101;9.5411204510;0.5613037992
3.5609194006;0.0712795079;9.3573404976;0.4123121576
3.5708383961;0.0377090935;9.4008673286;0.2585143341
3.5807573917;-0.0150444149;9.7635909209;0.0085928708
3.5906763872;-0.0294317353;10.0102429636;-0.1980729546
3.6005953827;-0.0534106027;10.0005703344;-0.4576067818
3.6105143783;-0.0486148293;9.9038440432;-0.6450478792
3.6204333738;-0.0438190558;9.9715524471;-0.8709384325
3.6303523694;-0.0294317353;10.1650050296;-1.0631857120
3.6402713649;-0.0054528679;10.2907492082;-1.2025649895
3.6501903605;0.0425048670;10.2182044898;-1.2265958995
3.6601093560;0.0856668283;10.1601687150;-1.2458206274
3.6700283516;0.1623992041;10.3100944665;-1.1496969877
3.6799473471;0.2199484859;10.4503475888;-1.0391548020
3.6898663426;0.2822935412;10.4842017907;-0.8853569785
3.6997853382;0.3302512761;10.5035470490;-0.6258231513
3.7097043337;0.3734132374;10.6099459694;-0.3566769601
3.7196233293;0.3542301435;10.6824906878;-0.1019493148
3.7295423248;0.3590259170;10.5809280820;0.2104525142
3.7394613204;0.3014766352;10.4842017907;0.5084357973
3.7493803159;0.2583146738;10.5615828237;0.7199078047
3.7592993115;0.1911738450;10.6776543732;0.9121550841
3.7692183070;0.1480118836;10.5277286218;1.0467281797
3.7791373026;0.0473006404;10.2472223771;1.0755652716
3.7890562981;-0.0054528679;10.1601687150;1.0419219977
3.7989752936;-0.1061641111;10.3052581519;0.9265736301
3.8088942892;-0.1876922603;10.4019844432;0.7968067165
3.8188132847;-0.2692204096;10.3246034102;0.6237841650
3.8287322803;-0.3267696914;10.2423860626;0.3642503378
3.8386512758;-0.3939105202;10.4310023305;0.0758794186
3.8485702714;-0.4562555755;10.6824906878;-0.1644296807
3.8584892669;-0.4754386694;10.6244549131;-0.3903202340
3.8684082625;-0.4706428960;10.2278771189;-0.5441180575
3.8783272580;-0.4370724816;9.9763887616;-0.6546602432
3.8882462535;-0.4178893876;9.9715524471;-0.7507838829
3.8981652491;-0.3795231997;10.0247519073;-0.7844271568
3.9080842446;-0.3123823709;9.8844987849;-0.7315591550
3.9180032402;-0.2884035035;9.7007188315;-0.5921798774
3.9279222357;-0.2500373156;9.6813735733;-0.4768315097
3.9378412313;-0.2356499952;9.7974451228;-0.2941965943
3.9477602268;-0.2212626747;9.9376982451;-0.0779184049
3.9576792224;-0.2116711278;10.0199155927;0.1960339683
3.9675982179;-0.1924880338;9.8651535267;0.4411492495
3.9775172134;-0.1876922603;9.5701383383;0.6766521668
3.9874362090;-0.2020795808;9.2702868354;0.8544809003
3.9973552045;-0.2260584482;9.0478163656;1.0082787238
4.0072742001;-0.2500373156;8.9075632432;1.1380456374
4.0171931956;-0.2979950505;8.9897805908;1.2245569132
4.0271121912;-0.3555443323;9.1251973986;1.2582001871
4.0370311867;-0.4370724816;9.0284711073;1.2293630951
4.0469501823;-0.4898259899;9.0139621636;1.0659529076
4.0568691778;-0.5329879513;9.2074147461;0.9650230859
4.0667881733;-0.5857414596;9.4202125869;0.7968067165
4.0767071689;-0.6097203270;9.4298852160;0.6045594370
4.0866261644;-0.6241076475;9.2412689481;0.3450256098
4.0965451600;-0.6193118740;9.0913431966;0.0999103285
4.1064641555;-0.6145161005;9.1445426568;-0.1307864068
4.1163831511;-0.6097203270;9.2412689481;-0.3182275042
4.1263021466;-0.5665583657;9.2461052626;-0.4479944178
4.1362211422;-0.5329879513;9.2219236898;-0.5585366035
4.1461401377;-0.5090090838;9.3718494413;-0.6594664252
4.1560591333;-0.4898259899;9.6910462024;-0.7123344270
4.1659781288;-0.4418682550;9.9038440432;-0.6786911531
4.1758971243;-0.3987062937;9.9038440432;-0.6017922413
4.1858161199;-0.3363612384;9.8603172121;-0.4383820538
4.1957351154;-0.2931992770;9.9038440432;-0.2413285924
4.2056541110;-0.2452415422;9.9763887616;-0.0106318571
4.2155731065;-0.2260584482;9.9280256160;0.2489019701
4.2254921021;-0.1828964868;9.8554808976;0.4747925234
4.2354110976;-0.1781007134;9.8651535267;0.6910707128
4.2453300932;-0.1541218459;10.0005703344;0.8737056282
4.2552490887;-0.1589176194;10.1456597713;1.0371158157
4.2651680842;-0.1781007134;10.2327134335;1.1332394554
4.2750870798;-0.1637133929;10.2327134335;1.1188209095
4.2850060753;-0.1589176194;10.3052581519;1.0947899996
4.2949250709;-0.1493260725;10.3536212975;0.9842478139
4.3048440664;-0.1397345255;10.3632939267;0.8064190804
4.3147630620;-0.1493260725;10.3197670956;0.6093656190
4.3246820575;-0.1349387520;10.3100944665;0.3498317918
4.3346010531;-0.1205514315;10.3632939267;0.0662670546
4.3445200486;-0.1013683376;10.4406749597;-0.2172976825
4.3544390441;-0.0965725641;10.5228923072;-0.4624129638
4.3643580397;-0.0486148293;10.6147822839;-0.6883035171
4.3742770352;0.0041386791;10.6486364859;-0.8469075226
4.3841960308;0.0473006404;10.6776543732;-0.9766744362
4.3941150263;0.0712795079;10.6969996315;-1.0343486200
4.4040340219;0.1240330162;10.6486364859;-0.9766744362
4.4139530174;0.1767865245;10.5760917674;-0.8949693425
4.4238720130;0.2103569389;10.4648565325;-0.7267529730
4.4337910085;0.2391315798;10.4358386451;-0.5296995116
4.4437100041;0.2631104473;10.3681302412;-0.2893904123
4.4536289996;0.3062724086;10.3197670956;-0.0779184049
4.4635479951;0.3254555026;10.2617313208;0.1479721484
4.4734669907;0.3254555026;10.1795139733;0.3930874297
4.4833859862;0.3398428230;10.1359871422;0.6093656190
4.4933049818;0.3398428230;10.0537697946;0.7439387146
4.5032239773;0.3446385965;9.9715524471;0.8448685363
4.5131429729;0.3254555026;9.8409719539;0.8929303562
4.5230619684;0.3398428230;9.6717009442;0.8592870823
4.5329809640;0.3302512761;9.6475193714;0.8064190804
4.5428999595;0.3158639556;9.7539182917;0.6910707128
4.5528189550;0.3110681821;9.7297367189;0.5420790712
4.5627379506;0.3254555026;9.5314478218;0.3113823359
4.5726569461;0.3254555026;9.3766857558;0.1191350565
4.5825759417;0.3590259170;9.4395578451;-0.1163678608
4.5924949372;0.3973921049;9.8361356393;-0.3326460502
4.6024139328;0.4261667458;9.9618798179;-0.5345056935
4.6123329283;0.4357582927;9.6765372587;-0.6883035171
4.6222519239;0.4405540662;9.3476678685;-0.7748147928
4.6321709194;0.4693287071;9.4250489015;-0.8709384325
4.6420899149;0.4981033480;9.6813735733;-0.9382249803
4.6520089105;0.5316737624;9.7152277752;-0.9093878884
4.6619279060;0.5268779890;9.4202125869;-0.7940395208
4.6718469016;0.5316737624;9.3428315539;-0.7027220630
4.6817658971;0.5508568564;9.5701383383;-0.5777613314
4.6916848927;0.5508568564;9.8119540665;-0.3855140520
4.7016038882;0.5604484034;9.7974451228;-0.1740420446
4.7115228838;0.5172864420;9.6281741131;0.0758794186
4.7214418793;0.4837160276;9.6185014840;0.2777390620
4.7313608748;0.4597371602;9.7684272354;0.4940172514
4.7412798704;0.4117794253;9.7974451228;0.6670398028
4.7511988659;0.3542301435;9.6475193714;0.7727758065
4.7611178615;0.3254555026;9.5314478218;0.8496747183
4.7710368570;0.2774977677;9.6523556859;0.8881241742
4.7809558526;0.2247442594;9.8409719539;0.8640932642
4.7908748481;0.2055611655;9.9328619306;0.8016128984
4.8007938437;0.1767865245;9.9376982451;0.6862645308
4.8107128392;0.1671949776;10.0102429636;0.4940172514
4.8206318348;0.1576034306;10.1843502878;0.3161885179
4.8305508303;0.1480118836;10.3536212975;0.0710732366
4.8404698258;0.1480118836;10.3971481286;-0.1788482266
4.8503888214;0.1288287897;10.3584576121;-0.3807078700
4.8603078169;0.1528076571;10.4068207577;-0.5537304215
4.8702268125;0.1528076571;10.4890381053;-0.7411715189
4.8801458080;0.1671949776;10.5906007111;-0.8565198866
4.8900648036;0.1623992041;10.5712554529;-0.8853569785
4.8999837991;0.1767865245;10.5035470490;-0.8805507965
4.9099027947;0.1863780715;10.5567465092;-0.8180704307
4.9198217902;0.1863780715;10.6389638567;-0.6690787891
4.9297407857;0.1671949776;10.6679817441;-0.5056686016
4.9396597813;0.1432161101;10.6534728004;-0.2893904123
4.9495787768;0.1000541488;10.5906007111;-0.0971431329
4.9594977724;0.0473006404;10.5615828237;0.1720030583
4.9694167679;-0.0006570944;10.5374012509;0.3738627017
4.9793357635;-0.0534106027;10.4213297014;0.5613037992
4.9892547590;-0.1205514315;10.2907492082;0.7343263506
4.9991737546;-0.1924880338;10.1166418840;0.8112252624
5.0090927501;-0.2548330891;10.0440971655;0.8640932642
5.0190117456;-0.3123823709;10.0102429636;0.8640932642
5.0289307412;-0.3939105202;9.9522071888;0.7823881705
5.0388497367;-0.4562555755;9.9328619306;0.6574274389
5.0487687323;-0.4994175369;9.9280256160;0.4892110694
5.0586877278;-0.5138048573;9.9328619306;0.3017699719
5.0686067234;-0.5281921778;9.9473708743;0.0470423267
5.0785257189;-0.5329879513;9.9038440432;-0.1692358626
5.0884447145;-0.5281921778;9.8361356393;-0.3470645961
5.0983637100;-0.4994175369;9.7297367189;-0.5345056935
5.1082827055;-0.4562555755;9.6088288548;-0.7123344270
5.1182017011;-0.4322767081;9.5121025636;-0.8276827947
5.1281206966;-0.4178893876;9.5701383383;-0.8757446145
5.1380396922;-0.3891147467;9.6765372587;-0.8997755244
5.1479586877;-0.3603401058;9.6136651694;-0.8901631605
5.1578776833;-0.3027908240;9.4492304743;-0.7844271568
5.1677966788;-0.2979950505;9.3573404976;-0.6690787891
5.1777156744;-0.3075865975;9.4105399578;-0.5441180575
5.1876346699;-0.3315654649;9.6668646296;-0.3759016880
5.1975536655;-0.3459527853;9.6185014840;-0.1932667726
5.2074726610;-0.3699316528;9.2219236898;0.0037866888
5.2173916565;-0.3843189732;9.0042895345;0.2104525142
5.2273106521;-0.4370724816;9.1493789714;0.3738627017
5.2372296476;-0.4850302164;9.3476678685;0.5084357973
5.2471486432;-0.5377837248;9.3041410374;0.6141718010
5.2570676387;-0.5473752717;9.0913431966;0.6285903470
5.2669866343;-0.5905372331;9.0671616238;0.6622336209
5.2769056298;-0.6336991945;9.2751231500;0.6430088929
5.2868246254;-0.6576780619;9.4202125869;0.5372728892
5.2967436209;-0.6432907414;9.3670131267;0.4075059756
5.3066626164;-0.6384949679;9.2702868354;0.2489019701
5.3165816120;-0.6289034210;9.3621768121;0.0422361447
5.3265006075;-0.6145161005;9.6088288548;-0.1307864068
5.3364196031;-0.5665583657;9.7345730335;-0.3230336862
5.3463385986;-0.5281921778;9.7200640898;-0.4912500557
5.3562575942;-0.4562555755;9.7152277752;-0.6498540612
5.3661765897;-0.4035020672;9.9038440432;-0.7892333388
5.3760955853;-0.3411570119;10.0972966257;-0.8997755244
5.3860145808;-0.2596288626;10.1456597713;-0.9190002524
5.3959335763;-0.1972838073;10.1166418840;-0.8901631605
5.4058525719;-0.1253472050;10.1069692548;-0.8421013406
5.4157715674;-0.0869810171;10.2423860626;-0.6786911531
5.4256905630;-0.0390232823;10.3681302412;-0.5056686016
5.4356095585;-0.0102486414;10.3826391849;-0.3182275042
5.4455285541;0.0137302260;10.3294397247;-0.1115616788
5.4554475496;0.0137302260;10.3778028703;0.1335536024
5.4653665452;0.0281175465;10.4551839034;0.3306070639
5.4752855407;0.0089344526;10.5422375655;0.5468852532
5.4852045362;-0.0054528679;10.5035470490;0.6910707128
5.4951235318;-0.0438190558;10.4164933868;0.8064190804
5.5050425273;-0.0582063762;10.3874754995;0.8448685363
5.5149615229;-0.0965725641;10.4116570723;0.8496747183
5.5248805184;-0.1301429785;10.4310023305;0.7968067165
5.5347995140;-0.1493260725;10.4116570723;0.6910707128
5.5447185095;-0.1541218459;10.4068207577;0.5613037992
5.5546375051;-0.1541218459;10.4310023305;0.3834750657
5.5645565006;-0.1397345255;10.4745291616;0.1960339683
5.5744754962;-0.1013683376;10.4793654762;-0.0298565851
5.5843944917;-0.0773894702;10.4358386451;-0.2269100465
5.5943134872;-0.0294317353;10.4068207577;-0.3518707781
5.6042324828;0.0041386791;10.3729665558;-0.4864438737
5.6141514783;0.0712795079;10.3391123538;-0.5537304215
5.6240704739;0.1432161101;10.2762402645;-0.5777613314
5.6339894694;0.2151527124;10.2327134335;-0.5585366035
5.6439084650;0.2583146738;10.1746776587;-0.4912500557
5.6538274605;0.3302512761;10.1214781985;-0.3759016880
5.6637464561;0.3782090109;10.0586061092;-0.2317162285
5.6736654516;0.4261667458;9.9618798179;-0.0683060409
5.6835844471;0.4549413867;9.8312993247;0.1671968763
5.6935034427;0.4789202541;9.8119540665;0.3642503378
5.7034224382;0.4981033480;9.8312993247;0.5661099811
5.7133414338;0.4837160276;9.7926088082;0.7535510786
5.7232604293;0.4645329336;9.6185014840;0.8881241742
5.7331794249;0.4069836518;9.4927573053;0.9890539959
5.7430984204;0.3734132374;9.4540667888;1.0611467257
5.7530174160;0.3446385965;9.4008673286;1.0803714536
5.7629364115;0.2918850882;9.3670131267;1.0419219977
5.7728554070;0.2583146738;9.4782483617;0.9986663598
5.7827744026;0.2103569389;9.4782483617;0.8785118102
5.7926933981;0.1719907511;9.2702868354;0.7295201687
5.8026123937;0.1480118836;9.2170873753;0.5757223451
5.8125313892;0.1288287897;9.3089773520;0.4026997936
5.8224503848;0.1288287897;9.4975936199;0.2296772422
5.8323693803;0.1096456957;9.4927573053;0.0230114168
5.8422883759;0.1288287897;9.4153762723;-0.1211740428
5.8522073714;0.1384203367;9.4540667888;-0.2653595024
5.8621263670;0.1623992041;9.6426830568;-0.3422584141
5.8720453625;0.1767865245;9.7442456626;-0.3807078700
5.8819643580;0.2151527124;9.6571920005;-0.3999325979
5.8918833536;0.2583146738;9.5991562257;-0.3759016880
5.9018023491;0.2918850882;9.7297367189;-0.2701656843
5.9117213447;0.3398428230;9.8651535267;-0.1836544086
5.9216403402;0.3686174639;9.9086803577;-0.0202442211
5.9315593358;0.4021878783;9.8699898412;0.1239412385
5.9414783313;0.4117794253;9.9086803577;0.3306070639
5.9513973269;0.4213709723;10.0392608509;0.4988234333
5.9613163224;0.3925963314;10.1311508276;0.6862645308
5.9712353179;0.3686174639;10.1118055694;0.8064190804
5.9811543135;0.3206597291;10.0827876820;0.9217674481
5.9910733090;0.2679062208;10.0876239966;0.9361859940
6.0009923046;0.2151527124;10.1069692548;0.9890539959
6.0109113001;0.1576034306;10.1069692548;0.9361859940
6.0208302957;0.0856668283;10.0972966257;0.8352561723
6.0307492912;0.0233217730;10.0924603111;0.7151016227
6.0406682868;-0.0294317353;10.1988592315;0.5468852532
6.0505872823;-0.0821852437;10.2955855228;0.3258008819
6.0605062778;-0.1349387520;10.4164933868;0.1239412385
6.0704252734;-0.1637133929;10.4696928470;-0.1307864068
6.0803442689;-0.1924880338;10.4987107344;-0.3326460502
6.0902632645;-0.2116711278;10.5035470490;-0.4960562377
6.1001822600;-0.2068753543;10.5325649364;-0.6450478792
6.1101012556;-0.2068753543;10.4938744199;-0.7459777009
6.1200202511;-0.1876922603;10.4455112742;-0.8084580667
6.1299392467;-0.1637133929;10.4164933868;-0.7940395208
6.1398582422;-0.1397345255;10.4164933868;-0.7363653369
6.1497772377;-0.1157556581;10.4600202179;-0.6114046053
6.1596962333;-0.0869810171;10.4696928470;-0.4864438737
6.1696152288;-0.0677979232;10.4551839034;-0.3470645961
6.1795342244;-0.0294317353;10.4310023305;-0.1932667726
6.1894532199;-0.0054528679;10.3681302412;-0.0058256751
6.1993722155;-0.0150444149;10.2955855228;0.1720030583
6.2092912110;-0.0198401884;10.1795139733;0.3065761539
6.2192102066;-0.0342275088;10.0247519073;0.4459554315
6.2291292021;-0.0438190558;9.8796624704;0.5036296153
6.2390481977;-0.0725936967;9.7877724937;0.5036296153
6.2489671932;-0.1109598846;9.7539182917;0.4603739775
6.2588861887;-0.1541218459;9.7200640898;0.3978936117
6.2688051843;-0.2020795808;9.6813735733;0.2873514260
6.2787241798;-0.2452415422;9.6185014840;0.1335536024
6.2886431754;-0.2788119566;9.6813735733;-0.0586936770
6.2985621709;-0.3075865975;9.7926088082;-0.2076853185
6.3084811665;-0.3363612384;9.6765372587;-0.4287696899
6.3184001620;-0.3795231997;9.4153762723;-0.5825675134
6.3283191576;-0.4082978407;9.3138136665;-0.7555900649
6.3382381531;-0.4274809346;9.3815220704;-0.8805507965
6.3481571486;-0.4178893876;9.4395578451;-1.0007053461
6.3580761442;-0.4322767081;9.3573404976;-1.0439609840
6.3679951397;-0.4082978407;9.2847957791;-1.0631857120
6.3779141353;-0.3939105202;9.2751231500;-1.0487671660
6.3878331308;-0.3843189732;9.4589031034;-1.0199300741
6.3977521264;-0.3843189732;9.5266115073;-0.9334187983
6.4076711219;-0.3219739179;9.4492304743;-0.8132642487
6.4175901175;-0.2836077300;9.3573404976;-0.6402416972
6.4275091130;-0.2788119566;9.4153762723;-0.4479944178
6.4374281085;-0.2500373156;9.5169388782;-0.2990027763
6.4473471041;-0.2164669012;9.5266115073;-0.1307864068
6.4572660996;-0.1972838073;9.3863583850;0.0374299627
6.4671850952;-0.1637133929;9.3911946995;0.2200648782
6.4771040907;-0.1445302990;9.5556293947;0.3258008819
6.4870230863;-0.1541218459;9.7103914607;0.3882812477
6.4969420818;-0.1397345255;9.7249004044;0.4267307036
6.5068610774;-0.1397345255;9.7007188315;0.3834750657
6.5167800729;-0.1253472050;9.7877724937;0.3498317918
6.5266990684;-0.1397345255;9.9280256160;0.2537081521
6.5366180640;-0.1589176194;10.0247519073;0.1239412385
6.5465370595;-0.1637133929;10.0005703344;-0.0298565851
6.5564560551;-0.1924880338;10.1843502878;-0.3518707781
6.5663750506;-0.1924880338;10.1843502878;-0.3518707781
6.5762940462;-0.2020795808;10.3052581519;-0.5345056935
6.5862130417;-0.2164669012;10.3149307810;-0.6786911531
6.5961320373;-0.2116711278;10.3391123538;-0.7892333388
6.6060510328;-0.2020795808;10.3729665558;-0.8372951586
6.6159700284;-0.2164669012;10.4503475888;-0.8757446145
6.6258890239;-0.1828964868;10.4745291616;-0.8372951586
6.6358080194;-0.1781007134;10.4793654762;-0.7267529730
6.6457270150;-0.1876922603;10.4261660160;-0.6114046053
6.6556460105;-0.1541218459;10.4310023305;-0.4431882358
6.6655650061;-0.1397345255;10.4406749597;-0.2557471384
6.6754840016;-0.1205514315;10.4358386451;-0.0586936770
6.6854029972;-0.0869810171;10.4358386451;0.1960339683
6.6953219927;-0.0677979232;10.4213297014;0.3786688837
6.7052409883;-0.0534106027;10.4164933868;0.5757223451
6.7151599838;-0.0246359618;10.3874754995;0.7102954407
6.7250789793;-0.0246359618;10.3197670956;0.8304499903
6.7349979749;0.0089344526;10.3004218373;0.8929303562
6.7449169704;0.0329133200;10.2472223771;0.9121550841
6.7548359660;0.0329133200;10.2085318606;0.8592870823
6.7647549615;0.0520964139;10.1698413441;0.7968067165
6.7746739571;0.0616879609;10.1843502878;0.6958768948
6.7845929526;0.0712795079;10.1408234568;0.5757223451
6.7945119482;0.0712795079;10.1504960859;0.3786688837
6.8044309437;0.0664837344;10.1359871422;0.2344834241
6.8143499392;0.0808710548;10.1263145131;0.0710732366
6.8242689348;0.0808710548;10.0489334801;-0.0971431329
6.8341879303;0.0712795079;10.0054066490;-0.1932667726
6.8441069259;0.0856668283;9.9086803577;-0.2461347744
6.8540259214;0.0616879609;9.7635909209;-0.2893904123
6.8639449170;0.0425048670;9.6958825170;-0.2797780483
6.8738639125;0.0520964139;9.7684272354;-0.2221038645
6.8837829081;0.0520964139;9.7974451228;-0.1307864068
6.8937019036;0.0233217730;9.5846472820;-0.0298565851
6.9036208991;0.0425048670;9.3960310141;0.1095226925
6.9135398947;0.0473006404;9.4153762723;0.2537081521
6.9234588902;0.0425048670;9.5653020238;0.4603739775
6.9333778858;0.0377090935;9.4927573053;0.6237841650
6.9432968813;0.0377090935;9.3234862956;0.7727758065
6.9532158769;0.0520964139;9.2509415772;0.8929303562
6.9631348724;0.0425048670;9.2944684083;1.0130849058
6.9730538680;0.0377090935;9.3428315539;1.1092085455
6.9829728635;0.0473006404;9.3138136665;1.1620765474
6.9928918591;0.0712795079;9.2315963189;1.1236270915
7.0028108546;0.0712795079;9.2509415772;1.0755652716
7.0127298501;0.0856668283;9.3718494413;1.0130849058
7.0226488457;0.1048499223;9.4008673286;0.9025427201
7.0325678412;0.1048499223;9.3911946995;0.7487448966
7.0424868368;0.1096456957;9.4057036432;0.5997532550
7.0524058323;0.1240330162;9.5217751927;0.4267307036
7.0623248279;0.1288287897;9.7007188315;0.2633205161
7.0722438234;0.1480118836;9.7635909209;0.0999103285
7.0821628190;0.1432161101;9.7732635500;-0.0683060409
7.0920818145;0.1240330162;9.8119540665;-0.1884605906
7.1020008100;0.1240330162;9.9570435034;-0.2557471384
7.1119198056;0.1384203367;10.0634424238;-0.3182275042
7.1218388011;0.1192372427;10.0682787383;-0.3134213222
7.1317577967;0.1000541488;10.0489334801;-0.2653595024
7.1416767922;0.0952583753;10.1166418840;-0.2269100465
7.1515957878;0.0616879609;10.2230408043;-0.1067554968
7.1615147833;0.0329133200;10.2278771189;0.0182052348
7.1714337789;0.0089344526;10.2278771189;0.1623906944
7.1813527744;-0.0102486414;10.2762402645;0.3161885179
7.1912717699;-0.0294317353;10.3391123538;0.4507616135
7.2011907655;-0.0486148293;10.3729665558;0.6141718010
7.2111097610;-0.0725936967;10.3826391849;0.6862645308
7.2210287566;-0.0773894702;10.3584576121;0.7295201687
7.2309477521;-0.0965725641;10.3246034102;0.7583572606
7.2408667477;-0.0965725641;10.3246034102;0.7295201687
7.2507857432;-0.1061641111;10.3584576121;0.6670398028
7.2607047388;-0.0917767906;10.3294397247;0.5661099811
7.2706237343;-0.0821852437;10.2472223771;0.4171183396
7.2805427299;-0.0630021497;10.2859128937;0.2200648782
7.2904617254;-0.0630021497;10.3971481286;0.0614608727
7.3003807209;-0.0438190558;10.4551839034;-0.1644296807
7.3102997165;-0.0006570944;10.4213297014;-0.5008624196
7.3202187120;-0.0006570944;10.4213297014;-0.5008624196
7.3301377076;0.0185259995;10.3729665558;-0.6354355152
7.3400567031;0.0089344526;10.3923118140;-0.7363653369
7.3499756987;0.0281175465;10.3246034102;-0.8180704307
7.3598946942;0.0329133200;10.2423860626;-0.8421013406
7.3698136898;0.0425048670;10.1214781985;-0.8324889766
7.3797326853;0.0137302260;10.0489334801;-0.7603962469
7.3896516808;0.0137302260;10.0827876820;-0.6883035171
7.3995706764;-0.0054528679;10.0827876820;-0.5825675134
7.4094896719;-0.0102486414;10.0537697946;-0.4431882358
7.4194086675;-0.0390232823;9.9763887616;-0.3134213222
7.4293276630;-0.0725936967;9.8844987849;-0.1740420446
7.4392466586;-0.0869810171;9.8022814374;-0.0827245869
7.4491656541;-0.1157556581;9.6717009442;0.0470423267
7.4590846497;-0.1397345255;9.5266115073;0.1431659664
7.4690036452;-0.1733049399;9.5604657092;0.1864216043
7.4789226407;-0.1828964868;9.5362841364;0.2008401502
7.4888416363;-0.1972838073;9.3911946995;0.1960339683
7.4987606318;-0.2164669012;9.2896320937;0.1287474205
7.5086796274;-0.2020795808;9.3621768121;0.0133990528
7.5185986229;-0.1972838073;9.5169388782;-0.0827245869
7.5285176185;-0.1828964868;9.5653020238;-0.2076853185
7.5384366140;-0.1733049399;9.4395578451;-0.3422584141
7.5483556096;-0.1685091664;9.3718494413;-0.4816376917
7.5582746051;-0.1349387520;9.4347215306;-0.6017922413
7.5681936006;-0.1109598846;9.5411204510;-0.7411715189
7.5781125962;-0.0917767906;9.4879209908;-0.8276827947
7.5880315917;-0.0869810171;9.4202125869;-0.9093878884
7.5979505873;-0.0486148293;9.4734120471;-0.9430311623
7.6078695828;-0.0390232823;9.6523556859;-0.9622558903
7.6177885784;-0.0150444149;9.7442456626;-0.9670620722
7.6277075739;-0.0006570944;9.7152277752;-0.9190002524
7.6376265695;0.0185259995;9.6958825170;-0.8084580667
7.6475455650;-0.0054528679;9.7394093480;-0.7171406090
7.6574645606;-0.0006570944;9.8603172121;-0.5681489674
7.6673835561;0.0041386791;9.8651535267;-0.4095449619
7.6773025516;-0.0198401884;9.7732635500;-0.2605533204
7.6872215472;-0.0534106027;9.7635909209;-0.1307864068
7.6971405427;-0.0486148293;9.8699898412;0.0133990528
7.7070595383;-0.0821852437;10.0005703344;0.1768092403
7.7169785338;-0.1061641111;10.0537697946;0.2440957881
7.7268975294;-0.1397345255;10.0537697946;0.3258008819
7.7368165249;-0.1685091664;10.0779513674;0.3450256098
7.7467355205;-0.1828964868;10.1650050296;0.3594441558
7.7566545160;-0.2068753543;10.2230408043;0.3065761539
7.7665735115;-0.2116711278;10.2617313208;0.2392896061
7.7764925071;-0.2164669012;10.2568950063;0.1335536024
7.7864115026;-0.2212626747;10.2907492082;-0.0058256751
7.7963304982;-0.2164669012;10.4213297014;-0.1163678608
7.8062494937;-0.1972838073;10.4600202179;-0.2317162285
7.8161684893;-0.1589176194;10.4600202179;-0.3326460502
7.8260874848;-0.1397345255;10.4890381053;-0.4191573259
7.8360064804;-0.1061641111;10.5519101946;-0.5056686016
7.8459254759;-0.0773894702;10.5857643966;-0.5200871476
7.8558444714;-0.0486148293;10.5760917674;-0.5008624196
7.8657634670;-0.0150444149;10.4938744199;-0.4576067818
7.8756824625;0.0185259995;10.4019844432;-0.3710955060
7.8856014581;0.0041386791;10.3681302412;-0.2557471384
7.8955204536;0.0281175465;10.3632939267;-0.1452049527
7.9054394492;0.0473006404;10.3439486684;0.0230114168
7.9153584447;0.0377090935;10.2375497480;0.1960339683
7.9252774403;0.0377090935;10.1166418840;0.3546379738
7.9351964358;0.0281175465;10.1601687150;0.5324667072
7.9451154313;-0.0006570944;10.1359871422;0.6622336209
7.9550344269;-0.0246359618;10.0392608509;0.7583572606
7.9649534224;-0.0294317353;9.9667161325;0.8352561723
7.9748724180;-0.0486148293;9.9183529869;0.8881241742
7.9847914135;-0.0917767906;9.8748261558;0.8688994462
7.9947104091;-0.1157556581;9.7926088082;0.8208376264
8.0046294046;-0.1445302990;9.7249004044;0.7679696245
8.0145484002;-0.1589176194;9.5991562257;0.6670398028
8.0244673957;-0.1637133929;9.5362841364;0.5661099811
8.0343863913;-0.1781007134;9.4443941597;0.4795987054
8.0443053868;-0.1876922603;9.5846472820;0.3546379738
8.0542243823;-0.2020795808;9.7394093480;0.2729328800
8.0641433779;-0.1637133929;9.6378467422;0.1623906944
8.0740623734;-0.1445302990;9.4250489015;0.0806856006
8.0839813690;-0.1253472050;9.3766857558;0.0422361447
8.0939003645;-0.1061641111;9.5024299345;-0.0202442211
8.1038193601;-0.0869810171;9.5411204510;-0.0298565851
8.1137383556;-0.0630021497;9.4540667888;0.0326237808
8.1236573512;-0.0438190558;9.4298852160;0.0902979646
8.1335763467;-0.0150444149;9.3718494413;0.1671968763
8.1434953422;0.0041386791;9.3718494413;0.2777390620
8.1534143378;0.0233217730;9.3863583850;0.3642503378
8.1633333333;0.0377090935;9.4782483617;0.4459554315
8.1732523289;0.0377090935;9.4443941597;0.5853347091
8.1831713244;0.0568921874;9.4153762723;0.7102954407
8.1930903200;0.0568921874;9.4782483617;0.8016128984
8.2030093155;0.0329133200;9.5314478218;0.8688994462
8.2129283111;0.0425048670;9.4975936199;0.9073489021
8.2228473066;0.0377090935;9.4540667888;0.9121550841
8.2327663021;0.0137302260;9.5556293947;0.9169612661
8.2426852977;-0.0198401884;9.6765372587;0.8737056282
8.2526042932;-0.0246359618;9.6910462024;0.8016128984
8.2625232888;-0.0534106027;9.7200640898;0.7102954407
8.2724422843;-0.0677979232;9.7635909209;0.5949470731
8.2823612799;-0.0773894702;9.8651535267;0.4603739775
8.2922802754;-0.1205514315;9.9328619306;0.2969637900
8.3021992710;-0.1205514315;10.0054066490;0.1768092403
8.3121182665;-0.1157556581;10.0440971655;-0.0106318571
8.3220372620;-0.1253472050;10.1504960859;-0.1307864068
8.3319562576;-0.1253472050;10.2375497480;-0.2076853185
8.3418752531;-0.1205514315;10.2859128937;-0.2845842303
8.3517942487;-0.0869810171;10.3100944665;-0.3134213222
8.3617132442;-0.0821852437;10.3342760393;-0.3038089582
8.3716322398;-0.0630021497;10.4116570723;-0.2941965943
8.3815512353;-0.0342275088;10.4261660160;-0.2509409564
8.3914702309;-0.0150444149;10.4019844432;-0.1596234987
8.4013892264;0.0185259995;10.4551839034;-0.0683060409
8.4113082220;0.0425048670;10.4648565325;0.0518485087
8.4212272175;0.0712795079;10.4938744199;0.1671968763
8.4311462130;0.0712795079;10.4987107344;0.2777390620
8.4410652086;0.1048499223;10.4503475888;0.3690565197
8.4509842041;0.0952583753;10.4213297014;0.4123121576
8.4609031997;0.1144414692;10.4116570723;0.4459554315
8.4708221952;0.0952583753;10.3391123538;0.4507616135
8.4807411908;0.0856668283;10.2859128937;0.4075059756
8.4906601863;0.0856668283;10.2472223771;0.3258008819
8.5005791819;0.0616879609;10.1795139733;0.2392896061
8.5104981774;0.0425048670;10.1504960859;0.0854917826
8.5204171729;0.0377090935;10.1311508276;-0.0779184049
8.5303361685;0.0089344526;10.1408234568;-0.2028791365
8.5402551640;-0.0006570944;10.1311508276;-0.3374522321
8.5501741596;-0.0246359618;10.1166418840;-0.4720253277
8.5600931551;-0.0294317353;10.0344245364;-0.5921798774
8.5700121507;-0.0342275088;9.9715524471;-0.6738849711
8.5799311462;-0.0342275088;9.9038440432;-0.7507838829
8.5898501418;-0.0486148293;9.8554808976;-0.7988457027
8.5997691373;-0.0438190558;9.7732635500;-0.7940395208
8.6096881328;-0.0486148293;9.7200640898;-0.7748147928
8.6196071284;-0.0342275088;9.6281741131;-0.7123344270
8.6295261239;-0.0102486414;9.6426830568;-0.6738849711
8.6394451195;-0.0054528679;9.7732635500;-0.6017922413
8.6493641150;0.0137302260;9.7974451228;-0.5008624196
8.6592831106;0.0185259995;9.6475193714;-0.3903202340
8.6692021061;0.0425048670;9.4879209908;-0.2797780483
8.6791211017;0.0473006404;9.4927573053;-0.2028791365
8.6890400972;0.0808710548;9.5362841364;-0.1067554968
8.6989590928;0.0856668283;9.5314478218;-0.0586936770
8.7088780883;0.0952583753;9.4782483617;0.0085928708
8.7187970838;0.1000541488;9.4347215306;0.0518485087
8.7287160794;0.0952583753;9.4153762723;0.0374299627
8.7386350749;0.1144414692;9.4637394180;-0.0106318571
8.7485540705;0.1000541488;9.5701383383;-0.0538874950
8.7584730660;0.0952583753;9.6088288548;-0.1211740428
8.7683920616;0.0760752814;9.5991562257;-0.2076853185
8.7783110571;0.0616879609;9.6039925403;-0.3134213222
8.7882300527;0.0473006404;9.6862098879;-0.4287696899
8.7981490482;0.0281175465;9.7732635500;-0.5200871476
8.8080680437;0.0233217730;9.7829361791;-0.6162107873
8.8179870393;-0.0102486414;9.8071177519;-0.6931096991
8.8279060348;-0.0198401884;9.8216266956;-0.7700086108
8.8378250304;-0.0390232823;9.8941714141;-0.8036518847
8.8477440259;-0.0534106027;9.9618798179;-0.7892333388
8.8576630215;-0.0773894702;9.9812250762;-0.7892333388
8.8675820170;-0.0725936967;10.0102429636;-0.7363653369
8.8775010126;-0.0869810171;10.0634424238;-0.6258231513
8.8874200081;-0.0725936967;10.1359871422;-0.5296995116
8.8973390036;-0.0917767906;10.1746776587;-0.3903202340
8.9072579992;-0.1013683376;10.1601687150;-0.2557471384
8.9171769947;-0.0965725641;10.1263145131;-0.1115616788
8.9270959903;-0.0917767906;10.1650050296;0.0133990528
8.9370149858;-0.0821852437;10.2472223771;0.1816154223
8.9469339814;-0.0725936967;10.2762402645;0.2825452440
8.9568529769;-0.0630021497;10.2714039500;0.3690565197
8.9667719725;-0.0534106027;10.3149307810;0.4363430675
8.9766909680;-0.0486148293;10.4068207577;0.4603739775
8.9866099635;-0.0246359618;10.4406749597;0.4026997936
8.9965289591;-0.0294317353;10.4068207577;0.3738627017
9.0064479546;-0.0390232823;10.3826391849;0.3113823359
9.0163669502;-0.0246359618;10.3971481286;0.2056463322
9.0262859457;-0.0342275088;10.4455112742;0.1239412385
9.0362049413;-0.0294317353;10.4648565325;-0.0202442211
9.0461239368;-0.0342275088;10.4068207577;-0.1211740428
9.0560429324;-0.0534106027;10.3632939267;-0.2124915005
9.0659619279;-0.0582063762;10.3439486684;-0.2509409564
9.0758809235;-0.0725936967;10.2810765791;-0.2941965943
9.0857999190;-0.1061641111;10.2520586917;-0.2845842303
9.0957189145;-0.1253472050;10.2085318606;-0.2701656843
9.1056379101;-0.1589176194;10.1214781985;-0.2124915005
9.1155569056;-0.1685091664;10.0489334801;-0.1355925887
9.1254759012;-0.1924880338;9.9667161325;-0.0298565851
9.1353948967;-0.2404457687;9.9135166723;0.1191350565
9.1453138923;-0.2260584482;9.8796624704;0.2344834241
9.1552328878;-0.2356499952;9.8167903811;0.3786688837
9.1651518834;-0.2548330891;9.7103914607;0.5036296153
9.1750708789;-0.2644246361;9.6668646296;0.6141718010
9.1849898744;-0.2596288626;9.6717009442;0.7199078047
9.1949088700;-0.2644246361;9.6136651694;0.7871943525
9.2048278655;-0.2548330891;9.4830846762;0.8160314444
9.2147468611;-0.2452415422;9.4105399578;0.8592870823
9.2246658566;-0.2260584482;9.5024299345;0.8640932642
9.2345848522;-0.2308542217;9.5266115073;0.8016128984
9.2445038477;-0.1972838073;9.3476678685;0.7487448966
9.2544228433;-0.1876922603;9.2170873753;0.6382027109
9.2643418388;-0.1541218459;9.2122510607;0.5709161631
9.2742608343;-0.1301429785;9.2847957791;0.4507616135
9.2841798299;-0.1301429785;9.3718494413;0.3786688837
9.2940988254;-0.1157556581;9.3718494413;0.2873514260
9.3040178210;-0.1253472050;9.3428315539;0.2152586962
9.3139368165;-0.1109598846;9.4637394180;0.1575845124
9.3238558121;-0.1205514315;9.6523556859;0.1239412385
9.3337748076;-0.1157556581;9.6475193714;0.0710732366
9.3436938032;-0.1157556581;9.5217751927;0.0374299627
9.3536127987;-0.1109598846;9.5072662490;0.0614608727
9.3635317942;-0.1205514315;9.6668646296;0.0758794186
9.3734507898;-0.1301429785;9.7103914607;0.1720030583
9.3833697853;-0.1349387520;9.5266115073;0.2056463322
9.3932887809;-0.1445302990;9.4540667888;0.2729328800
9.4032077764;-0.1828964868;9.6330104277;0.3594441558
9.4131267720;-0.1781007134;9.7877724937;0.4459554315
9.4230457675;-0.1781007134;9.7200640898;0.5420790712
9.4329647631;-0.1828964868;9.6571920005;0.6237841650
9.4428837586;-0.1828964868;9.7539182917;0.6814583488
9.4528027542;-0.2068753543;9.9522071888;0.6958768948
9.4627217497;-0.1828964868;10.0489334801;0.7343263506
9.4726407452;-0.2020795808;9.9860613908;0.7295201687
9.4825597408;-0.1781007134;9.9425345597;0.6766521668
9.4924787363;-0.1589176194;9.9957340199;0.5757223451
9.5023977319;-0.1397345255;10.1069692548;0.5180481613
9.5123167274;-0.1061641111;10.1698413441;0.3882812477
9.5222357230;-0.0821852437;10.1069692548;0.2537081521
9.5321547185;-0.0342275088;10.1843502878;0.1047165105
9.5420737141;-0.0102486414;10.3632939267;-0.0683060409
9.5519927096;0.0425048670;10.4696928470;-0.1644296807
9.5619117051;0.0664837344;10.4842017907;-0.2557471384
9.5718307007;0.0808710548;10.4213297014;-0.3278398682
9.5817496962;0.1096456957;10.4793654762;-0.3903202340
9.5916686918;0.1384203367;10.5470738800;-0.4191573259
9.6015876873;0.1480118836;10.4648565325;-0.4143511439
9.6115066829;0.1336245632;10.3246034102;-0.3614831421
9.6214256784;0.1480118836;10.3487849830;-0.3086151402
9.6313446740;0.1432161101;10.4116570723;-0.2269100465
9.6412636695;0.1192372427;10.4551839034;-0.1500111347
9.6511826650;0.1096456957;10.3971481286;-0.0683060409
9.6611016606;0.0952583753;10.3826391849;0.0614608727
9.6710206561;0.0760752814;10.3632939267;0.1431659664
9.6809396517;0.0425048670;10.2810765791;0.2008401502
9.6908586472;0.0425048670;10.0779513674;0.2729328800
9.7007776428;0.0233217730;9.9473708743;0.2633205161
9.7106966383;-0.0006570944;9.8893350995;0.2537081521
9.7206156339;-0.0006570944;9.8796624704;0.1864216043
9.7305346294;0.0185259995;9.8554808976;0.1239412385
9.7404536249;0.0233217730;9.8312993247;-0.0010194931
9.7503726205;0.0473006404;9.8167903811;-0.1067554968
9.7602916160;0.0664837344;9.8893350995;-0.2221038645
9.7702106116;0.1048499223;9.8893350995;-0.3134213222
9.7801296071;0.1384203367;9.8651535267;-0.4335758718
9.7900486027;0.1671949776;9.8022814374;-0.5056686016
9.7999675982;0.1767865245;9.7974451228;-0.5825675134
9.8098865938;0.2055611655;9.7345730335;-0.6690787891
9.8198055893;0.2151527124;9.6088288548;-0.6738849711
9.8297245849;0.2535189003;9.4879209908;-0.7171406090
9.8396435804;0.2822935412;9.5266115073;-0.7123344270
9.8495625759;0.2966808617;9.6620283150;-0.6690787891
9.8594815715;0.3014766352;9.6620283150;-0.6114046053
9.8694005670;0.3206597291;9.6330104277;-0.5393118755
9.8793195626;0.3014766352;9.6330104277;-0.4479944178
9.8892385581;0.3062724086;9.6620283150;-0.3951264160
9.8991575537;0.2822935412;9.6668646296;-0.2893904123
9.9090765492;0.2535189003;9.5846472820;-0.2269100465
9.9189955448;0.2295400329;9.5217751927;-0.1307864068
9.9289145403;0.2103569389;9.5749746529;-0.0875307689
9.9388335358;0.1719907511;9.6185014840;-0.0250504031
9.9487525314;0.1384203367;9.6330104277;0.0326237808
9.9586715269;0.1144414692;9.6378467422;0.0326237808
9.9685905225;0.0856668283;9.7055551461;0.0182052348
9.9785095180;0.0520964139;9.8458082684;-0.0202442211
9.9884285136;0.0377090935;9.9135166723;-0.0634998590
9.9983475091;-0.0006570944;9.9183529869;-0.1211740428
10.0082665047;-0.0054528679;9.9086803577;-0.1932667726
10.0181855002;-0.0150444149;9.9231893014;-0.2701656843
10.0281044957;-0.0246359618;10.0054066490;-0.3182275042
10.0380234913;-0.0246359618;9.9860613908;-0.3999325979
10.0479424868;-0.0006570944;10.0102429636;-0.4576067818
10.0578614824;0.0089344526;10.1214781985;-0.5008624196
10.0677804779;0.0137302260;10.2714039500;-0.5296995116
10.0776994735;0.0425048670;10.3246034102;-0.5296995116
10.0876184690;0.0760752814;10.3246034102;-0.5248933296
10.0975374646;0.0856668283;10.3632939267;-0.5056686016
10.1074564601;0.1144414692;10.4068207577;-0.4335758718
10.1173754557;0.1144414692;10.4164933868;-0.3374522321
10.1272944512;0.1096456957;10.3536212975;-0.2365224104
10.1372134467;0.1192372427;10.3342760393;-0.1500111347
10.1471324423;0.0904626018;10.3874754995;-0.0346627670
10.1570514378;0.0520964139;10.4116570723;0.0662670546
10.1669704334;0.0425048670;10.3294397247;0.1912277863
10.1768894289;0.0089344526;10.2907492082;0.2969637900
10.1868084245;-0.0246359618;10.3536212975;0.3450256098
10.1967274200;-0.0630021497;10.4310023305;0.3978936117
10.2066464156;-0.1013683376;10.3778028703;0.4123121576
10.2165654111;-0.1733049399;10.2278771189;0.3930874297
10.2264844066;-0.2020795808;10.0827876820;0.3738627017
10.2364034022;-0.2500373156;10.0586061092;0.3209946999
10.2463223977;-0.2979950505;10.0537697946;0.2489019701
10.2562413933;-0.3219739179;10.0247519073;0.2008401502
10.2661603888;-0.3747274263;10.0392608509;0.1287474205
10.2760793844;-0.3891147467;10.1021329403;0.0518485087
10.2859983799;-0.3987062937;10.1359871422;-0.0298565851
10.2959173755;-0.4178893876;10.1166418840;-0.0923369509
10.3058363710;-0.3651358793;9.9667161325;-0.1211740428
10.3157553665;-0.3315654649;9.8264630102;-0.1500111347
10.3256743621;-0.3171781444;9.7684272354;-0.1500111347
10.3355933576;-0.2979950505;9.6475193714;-0.1019493148
10.3455123532;-0.2692204096;9.5024299345;-0.0586936770
10.3554313487;-0.2500373156;9.4298852160;0.0182052348
10.3653503443;-0.2404457687;9.4830846762;0.1527783304
10.3752693398;-0.2548330891;9.6136651694;0.2200648782
10.3851883354;-0.2500373156;9.6620283150;0.3209946999
10.3951073309;-0.2452415422;9.6862098879;0.4267307036
10.4050263264;-0.2308542217;9.6426830568;0.5132419793
10.4149453220;-0.2548330891;9.5894835966;0.5805285271
10.4248643175;-0.2596288626;9.4589031034;0.6333965289
10.4347833131;-0.2548330891;9.2799594646;0.6333965289
10.4447023086;-0.2692204096;9.1251973986;0.6526212569
10.4546213042;-0.3123823709;9.0381437364;0.6478150749
10.4645402997;-0.3603401058;9.1010158257;0.6382027109
10.4744592953;-0.3651358793;9.2074147461;0.6141718010
10.4843782908;-0.4035020672;9.2944684083;0.5468852532
10.4942972864;-0.4418682550;9.4443941597;0.4844048874
10.5042162819;-0.4466640285;9.5894835966;0.4075059756
10.5141352774;-0.4610513490;9.7055551461;0.2969637900
10.5240542730;-0.4658471225;9.6475193714;0.2440957881
10.5339732685;-0.4610513490;9.5411204510;0.1479721484
10.5438922641;-0.4562555755;9.4685757325;0.0422361447
10.5538112596;-0.4130936141;9.4347215306;-0.0250504031
10.5637302552;-0.3987062937;9.3863583850;-0.0683060409
10.5736492507;-0.3507485588;9.4395578451;-0.0875307689
10.5835682463;-0.3315654649;9.6136651694;-0.0971431329
10.5934872418;-0.2884035035;9.8458082684;-0.0442751310
10.6034062373;-0.2500373156;10.0005703344;0.0085928708
10.6133252329;-0.2212626747;10.1456597713;0.0758794186
10.6232442284;-0.1637133929;10.2423860626;0.1527783304
10.6331632240;-0.1349387520;10.2423860626;0.2440957881
10.6430822195;-0.0821852437;10.1504960859;0.2777390620
10.6530012151;-0.0582063762;10.0634424238;0.3642503378
10.6629202106;-0.0438190558;9.9667161325;0.4219245216
10.6728392062;-0.0294317353;9.9328619306;0.4267307036
10.6827582017;-0.0006570944;9.9763887616;0.4651801594
10.6926771972;-0.0006570944;10.0537697946;0.4988234333
10.7025961928;0.0185259995;10.2230408043;0.4795987054
10.7125151883;0.0137302260;10.3874754995;0.4747925234
10.7224341839;0.0137302260;10.5132196781;0.4075059756
10.7323531794;-0.0006570944;10.5664191383;0.3642503378
10.7422721750;-0.0006570944;10.5422375655;0.2440957881
10.7521911705;-0.0054528679;10.4358386451;0.1383597844
10.7621101661;-0.0054528679;10.3004218373;-0.0010194931
10.7720291616;-0.0006570944;10.1553324005;-0.1259802248
10.7819481571;0.0041386791;10.1214781985;-0.1836544086
10.7918671527;0.0089344526;10.1601687150;-0.2797780483
10.8017861482;0.0137302260;10.2278771189;-0.3278398682
10.8117051438;0.0425048670;10.3149307810;-0.3614831421
10.8216241393;0.0664837344;10.4019844432;-0.3566769601
10.8315431349;0.0856668283;10.4358386451;-0.3518707781
10.8414621304;0.1048499223;10.3923118140;-0.3134213222
10.8513811260;0.1432161101;10.2907492082;-0.2509409564
10.8613001215;0.1863780715;10.1940229170;-0.2076853185
10.8712191171;0.2055611655;10.0489334801;-0.1307864068
10.8811381126;0.2391315798;9.9570435034;-0.0683060409
10.8910571081;0.2870893147;9.8796624704;0.0278175988
10.9009761037;0.2870893147;9.8119540665;0.1335536024
10.9108950992;0.3350470495;9.8409719539;0.1671968763
10.9208140948;0.3494343700;9.8990077286;0.2392896061
10.9307330903;0.3590259170;9.8941714141;0.2537081521
10.9406520859;0.3830047844;9.8699898412;0.2633205161
10.9505710814;0.3973921049;9.8312993247;0.2537081521
10.9604900770;0.3878005579;9.7974451228;0.1912277863
10.9704090725;0.3973921049;9.7103914607;0.1671968763
10.9803280680;0.3686174639;9.5653020238;0.0518485087
10.9902470636;0.3686174639;9.4734120471;-0.0634998590
11.0001660591;0.3686174639;9.5024299345;-0.1452049527
11.0100850547;0.3590259170;9.5991562257;-0.2269100465
11.0200040502;0.3398428230;9.6185014840;-0.2990027763
11.0299230458;0.3398428230;9.6136651694;-0.3470645961
11.0398420413;0.3206597291;9.6813735733;-0.4383820538
11.0497610369;0.3206597291;9.7490819772;-0.4528005998
11.0596800324;0.3110681821;9.7732635500;-0.4768315097
11.0695990279;0.3062724086;9.6668646296;-0.5104747836
11.0795180235;0.2966808617;9.6281741131;-0.4720253277
11.0894370190;0.2966808617;9.6088288548;-0.4287696899
11.0993560146;0.2727019942;9.6281741131;-0.3903202340
11.1092750101;0.2631104473;9.6571920005;-0.3038089582
11.1191940057;0.2870893147;9.7007188315;-0.2509409564
11.1291130012;0.2822935412;9.7926088082;-0.1500111347
11.1390319968;0.2774977677;9.8990077286;-0.0827245869
11.1489509923;0.2727019942;9.9376982451;-0.0010194931
11.1588699878;0.2774977677;9.9570435034;0.1095226925
11.1687889834;0.2631104473;9.9376982451;0.1768092403
11.1787079789;0.2439273533;9.9376982451;0.2392896061
11.1886269745;0.2343358064;9.9522071888;0.2489019701
11.1985459700;0.2199484859;9.9425345597;0.2440957881
11.2084649656;0.2247442594;9.9473708743;0.2104525142
11.2183839611;0.2055611655;9.9812250762;0.1623906944
11.2283029567;0.1911738450;10.0779513674;0.1095226925
11.2382219522;0.1911738450;10.2278771189;0.0133990528
11.2481409478;0.1671949776;10.3391123538;-0.0634998590
11.2580599433;0.1480118836;10.3971481286;-0.1259802248
11.2679789388;0.1144414692;10.4213297014;-0.2269100465
11.2778979344;0.1048499223;10.4068207577;-0.2797780483
11.2878169299;0.0904626018;10.3729665558;-0.3470645961
11.2977359255;0.0425048670;10.3584576121;-0.3903202340
11.3076549210;0.0281175465;10.3052581519;-0.4047387799
11.3175739166;0.0041386791;10.2859128937;-0.4287696899
11.3274929121;-0.0342275088;10.3100944665;-0.3759016880
11.3374119077;-0.0534106027;10.3681302412;-0.3326460502
11.3473309032;-0.0869810171;10.3971481286;-0.2701656843
11.3572498987;-0.1253472050;10.3923118140;-0.1740420446
11.3671688943;-0.1541218459;10.3778028703;-0.1019493148
11.3770878898;-0.1733049399;10.3294397247;0.0037866888
11.3870068854;-0.2116711278;10.2714039500;0.0951041466
11.3969258809;-0.2260584482;10.1504960859;0.1912277863
11.4068448765;-0.2548330891;10.0150792781;0.2489019701
11.4167638720;-0.2740161831;9.9618798179;0.2873514260
11.4266828676;-0.2788119566;9.9183529869;0.3161885179
11.4366018631;-0.2979950505;9.9328619306;0.3546379738
11.4465208586;-0.3219739179;9.9086803577;0.3354132458
11.4564398542;-0.3363612384;9.9183529869;0.3258008819
11.4663588497;-0.3171781444;9.9183529869;0.2825452440
11.4762778453;-0.3603401058;9.8941714141;0.2104525142
11.4861968408;-0.3507485588;9.8458082684;0.1383597844
11.4961158364;-0.3603401058;9.7635909209;0.0710732366
11.5060348319;-0.3507485588;9.6910462024;-0.0250504031
11.5159538275;-0.3555443323;9.6136651694;-0.1115616788
11.5258728230;-0.3939105202;9.5653020238;-0.1692358626
11.5357918186;-0.3843189732;9.5024299345;-0.2269100465
11.5457108141;-0.3939105202;9.4879209908;-0.2605533204
11.5556298096;-0.4035020672;9.4830846762;-0.2701656843
11.5655488052;-0.4130936141;9.5701383383;-0.2509409564
11.5754678007;-0.4466640285;9.5362841364;-0.2269100465
11.5853867963;-0.4514598020;9.5024299345;-0.2124915005
11.5953057918;-0.4706428960;9.4492304743;-0.1452049527
11.6052247874;-0.4898259899;9.3911946995;-0.0779184049
11.6151437829;-0.4898259899;9.3379952393;-0.0058256751
11.6250627785;-0.5042133104;9.2654505209;0.0902979646
11.6349817740;-0.5138048573;9.2557778918;0.1623906944
11.6449007695;-0.5329879513;9.2654505209;0.2344834241
11.6548197651;-0.5425794982;9.3234862956;0.2825452440
11.6647387606;-0.5377837248;9.3718494413;0.3498317918
11.6746577562;-0.5473752717;9.4202125869;0.3690565197
11.6845767517;-0.5425794982;9.5072662490;0.4026997936
11.6944957473;-0.5473752717;9.5556293947;0.4075059756
11.7044147428;-0.5042133104;9.5701383383;0.3738627017
11.7143337384;-0.4706428960;9.5604657092;0.3450256098
11.7242527339;-0.4370724816;9.5798109675;0.2633205161
11.7341717294;-0.4082978407;9.6426830568;0.2056463322
11.7440907250;-0.3651358793;9.6765372587;0.1239412385
11.7540097205;-0.3171781444;9.7297367189;0.0422361447
11.7639287161;-0.2931992770;9.7974451228;-0.0490813130
11.7738477116;-0.2500373156;9.9473708743;-0.0923369509
11.7837667072;-0.2308542217;10.0440971655;-0.1788482266
11.7936857027;-0.1781007134;10.1021329403;-0.1884605906
11.8036046983;-0.1876922603;10.1263145131;-0.1932667726
11.8135236938;-0.1493260725;10.2036955461;-0.2269100465
11.8234426893;-0.1253472050;10.2375497480;-0.2124915005
11.8333616849;-0.0869810171;10.1843502878;-0.1788482266
11.8432806804;-0.1013683376;10.1988592315;-0.1259802248
11.8531996760;-0.0869810171;10.2182044898;-0.0731122229
11.8631186715;-0.0917767906;10.2568950063;0.0133990528
11.8730376671;-0.0965725641;10.3004218373;0.1287474205
11.8829566626;-0.0869810171;10.3246034102;0.2056463322
11.8928756582;-0.0869810171;10.3439486684;0.2777390620
11.9027946537;-0.0869810171;10.3632939267;0.3498317918
11.9127136493;-0.0821852437;10.3681302412;0.3882812477
11.9226326448;-0.0821852437;10.3197670956;0.4075059756
11.9325516403;-0.0582063762;10.2907492082;0.4267307036
11.9424706359;-0.0294317353;10.2762402645;0.4075059756
11.9523896314;-0.0198401884;10.2327134335;0.3834750657
11.9623086270;0.0137302260;10.1698413441;0.3306070639
11.9722276225;0.0377090935;10.1698413441;0.2729328800
11.9821466181;0.0760752814;10.1940229170;0.2104525142
11.9920656136;0.1000541488;10.2182044898;0.1335536024
12.0019846092;0.1528076571;10.1843502878;0.0230114168
12.0119036047;0.1767865245;10.1698413441;-0.0538874950
12.0218226002;0.2343358064;10.1601687150;-0.0875307689
12.0317415958;0.2487231268;10.1795139733;-0.1355925887
12.0416605913;0.3014766352;10.0972966257;-0.1644296807
12.0515795869;0.3158639556;10.0199155927;-0.1740420446
12.0614985824;0.3542301435;9.9570435034;-0.1500111347
12.0714175780;0.3830047844;9.9328619306;-0.1307864068
12.0813365735;0.3925963314;9.8796624704;-0.0827245869
12.0912555691;0.4069836518;9.8312993247;-0.0106318571
12.1011745646;0.3973921049;9.7974451228;0.0470423267
12.1110935601;0.4021878783;9.7780998645;0.1335536024
12.1210125557;0.4069836518;9.7877724937;0.2056463322
12.1309315512;0.3686174639;9.7394093480;0.2489019701
12.1408505468;0.3638216905;9.6765372587;0.3209946999
12.1507695423;0.3542301435;9.6330104277;0.3738627017
12.1606885379;0.3542301435;9.5894835966;0.3978936117
12.1706075334;0.3110681821;9.5507930801;0.4459554315
12.1805265290;0.3110681821;9.5072662490;0.4315368856
12.1904455245;0.2918850882;9.4589031034;0.4075059756
12.2003645200;0.2583146738;9.4734120471;0.3738627017
12.2102835156;0.2583146738;9.5217751927;0.3161885179
12.2202025111;0.2774977677;9.5169388782;0.2585143341
12.2301215067;0.2727019942;9.6039925403;0.2056463322
12.2400405022;0.2774977677;9.6523556859;0.1287474205
12.2499594978;0.2774977677;9.6717009442;0.0710732366
12.2598784933;0.2918850882;9.7007188315;-0.0394689490
12.2697974889;0.3062724086;9.7249004044;-0.0875307689
12.2797164844;0.3350470495;9.7394093480;-0.1211740428
12.2896354800;0.3446385965;9.7780998645;-0.1740420446
12.2995544755;0.3494343700;9.8071177519;-0.1884605906
12.3094734710;0.3734132374;9.8506445830;-0.1644296807
12.3193924666;0.3590259170;9.9135166723;-0.1644296807
12.3293114621;0.3782090109;9.9522071888;-0.1452049527
12.3392304577;0.3590259170;10.0392608509;-0.0827245869
12.3491494532;0.3590259170;10.0586061092;-0.0346627670
12.3590684488;0.3494343700;10.0682787383;0.0230114168
12.3689874443;0.3350470495;10.0924603111;0.1191350565
12.3789064399;0.2870893147;10.1069692548;0.1816154223
12.3888254354;0.2583146738;10.1021329403;0.2392896061
12.3987444309;0.2103569389;10.1069692548;0.2681266980
12.4086634265;0.1671949776;10.1166418840;0.3017699719
12.4185824220;0.1336245632;10.1504960859;0.3017699719
12.4285014176;0.0952583753;10.2230408043;0.3065761539
12.4384204131;0.0377090935;10.2617313208;0.2873514260
12.4483394087;0.0137302260;10.3100944665;0.2585143341
12.4582584042;-0.0342275088;10.2955855228;0.2008401502
12.4681773998;-0.0534106027;10.3197670956;0.1047165105
12.4780963953;-0.0821852437;10.3294397247;0.0326237808
12.4880153908;-0.1013683376;10.3100944665;-0.0683060409
12.4979343864;-0.1109598846;10.2762402645;-0.1500111347
12.5078533819;-0.1253472050;10.2762402645;-0.2269100465
12.5177723775;-0.1349387520;10.2665676354;-0.2749718663
12.5276913730;-0.1301429785;10.2762402645;-0.3134213222
12.5376103686;-0.1397345255;10.2714039500;-0.3518707781
12.5475293641;-0.1493260725;10.2617313208;-0.3759016880
12.5574483597;-0.1349387520;10.2617313208;-0.3662893240
12.5673673552;-0.1205514315;10.2423860626;-0.3326460502
12.5772863507;-0.1157556581;10.2230408043;-0.3038089582
12.5872053463;-0.1109598846;10.1456597713;-0.2509409564
12.5971243418;-0.1061641111;10.0731150529;-0.1644296807
12.6070433374;-0.1397345255;10.0199155927;-0.1115616788
12.6169623329;-0.1349387520;9.9570435034;-0.0442751310
12.6268813285;-0.1637133929;9.9231893014;-0.0058256751
12.6368003240;-0.1733049399;9.8506445830;0.0662670546
12.6467193196;-0.2164669012;9.8119540665;0.1047165105
12.6566383151;-0.2356499952;9.7587546063;0.1239412385
12.6665573107;-0.2692204096;9.7200640898;0.1287474205
12.6764763062;-0.2884035035;9.6717009442;0.1191350565
12.6863953017;-0.3267696914;9.6136651694;0.0710732366
12.6963142973;-0.3795231997;9.5653020238;0.0133990528
12.7062332928;-0.4226851611;9.5217751927;-0.0779184049
12.7161522884;-0.4562555755;9.4540667888;-0.1259802248
12.7260712839;-0.4802344429;9.4492304743;-0.1836544086
12.7359902795;-0.4994175369;9.4250489015;-0.2413285924
12.7459092750;-0.5138048573;9.4008673286;-0.3086151402
12.7558282706;-0.5233964043;9.4105399578;-0.3710955060
12.7657472661;-0.5233964043;9.4008673286;-0.4239635079
12.7756662616;-0.5090090838;9.4008673286;-0.4431882358
12.7855852572;-0.4946217634;9.4153762723;-0.4576067818
12.7955042527;-0.4898259899;9.4443941597;-0.4720253277
12.8054232483;-0.4754386694;9.4685757325;-0.4479944178
12.8153422438;-0.4562555755;9.4637394180;-0.3999325979
12.8252612394;-0.4178893876;9.4975936199;-0.3470645961
12.8351802349;-0.4082978407;9.5266115073;-0.2701656843
12.8450992305;-0.3747274263;9.5459567655;-0.1884605906
12.8550182260;-0.3171781444;9.5894835966;-0.1644296807
12.8649372215;-0.2931992770;9.6281741131;-0.0346627670
12.8748562171;-0.2979950505;9.6620283150;0.0374299627
12.8847752126;-0.3027908240;9.6910462024;0.0999103285
12.8946942082;-0.2740161831;9.7152277752;0.1768092403
12.9046132037;-0.2596288626;9.7635909209;0.1912277863
12.9145321993;-0.2644246361;9.8071177519;0.2152586962
12.9244511948;-0.2548330891;9.8458082684;0.2248710602
12.9343701904;-0.2548330891;9.8893350995;0.2056463322
12.9442891859;-0.2548330891;9.9425345597;0.1575845124
12.9542081814;-0.2596288626;10.0054066490;0.1047165105
12.9641271770;-0.2692204096;10.0682787383;0.0133990528
12.9740461725;-0.2836077300;10.0924603111;-0.0298565851
12.9839651681;-0.2836077300;10.1456597713;-0.1115616788
12.9938841636;-0.2884035035;10.1601687150;-0.1644296807
13.0038031592;-0.2740161831;10.2036955461;-0.2124915005
13.0137221547;-0.2548330891;10.2230408043;-0.2557471384
13.0236411503;-0.2500373156;10.2375497480;-0.2845842303
13.0335601458;-0.2260584482;10.2714039500;-0.2749718663
13.0434791414;-0.2116711278;10.3197670956;-0.2413285924
13.0533981369;-0.1876922603;10.3391123538;-0.2076853185
13.0633171324;-0.1445302990;10.3246034102;-0.1644296807
13.0732361280;-0.1157556581;10.3294397247;-0.0923369509
13.0831551235;-0.0821852437;10.3294397247;-0.0202442211
13.0930741191;-0.0534106027;10.3004218373;0.1239412385
13.1029931146;-0.0150444149;10.2955855228;0.2008401502
13.1129121102;0.0185259995;10.2617313208;0.2969637900
13.1228311057;0.0473006404;10.2327134335;0.3738627017
13.1327501013;0.0904626018;10.2133681752;0.4459554315
13.1426690968;0.1144414692;10.1795139733;0.4844048874
13.1525880923;0.1144414692;10.1553324005;0.5228543433
13.1625070879;0.1384203367;10.1021329403;0.5036296153
13.1724260834;0.1480118836;10.0876239966;0.4940172514
13.1823450790;0.1623992041;10.0876239966;0.4507616135
13.1922640745;0.1576034306;10.0440971655;0.4363430675
13.2021830701;0.1671949776;10.0054066490;0.3738627017
13.2121020656;0.1911738450;9.9570435034;0.2825452440
13.2220210612;0.1528076571;9.9376982451;0.2248710602
13.2319400567;0.1576034306;9.9038440432;0.1912277863
13.2418590522;0.1576034306;9.8748261558;0.1095226925
13.2517780478;0.1528076571;9.8119540665;0.0662670546
13.2616970433;0.1576034306;9.7732635500;0.0374299627
13.2716160389;0.1576034306;9.7490819772;0.0278175988
13.2815350344;0.1384203367;9.7152277752;-0.0058256751
13.2914540300;0.1576034306;9.6765372587;0.0230114168
13.3013730255;0.1623992041;9.6765372587;0.0806856006
13.3112920211;0.1480118836;9.6426830568;0.1479721484
13.3212110166;0.1671949776;9.5894835966;0.2104525142
13.3311300122;0.1959696185;9.5846472820;0.2729328800
13.3410490077;0.2151527124;9.5459567655;0.3450256098
13.3509680032;0.2343358064;9.5314478218;0.4219245216
13.3608869988;0.2439273533;9.4975936199;0.4795987054
13.3708059943;0.2487231268;9.4879209908;0.5180481613
13.3807249899;0.2583146738;9.5072662490;0.5853347091
13.3906439854;0.2727019942;9.5604657092;0.5853347091
13.4005629810;0.2822935412;9.5459567655;0.6093656190
13.4104819765;0.2870893147;9.5701383383;0.6045594370
13.4204009721;0.3014766352;9.6281741131;0.5901408911
13.4303199676;0.3254555026;9.7007188315;0.5036296153
13.4402389631;0.3062724086;9.7297367189;0.4651801594
13.4501579587;0.3158639556;9.7152277752;0.3594441558
13.4600769542;0.2918850882;9.7442456626;0.2825452440
13.4699959498;0.2822935412;9.7926088082;0.2008401502
13.4799149453;0.2727019942;9.8554808976;0.1239412385
13.4898339409;0.2439273533;9.8699898412;0.0470423267
13.4997529364;0.2295400329;9.9086803577;-0.0202442211
13.5096719320;0.1863780715;9.9715524471;-0.0779184049
13.5195909275;0.1671949776;10.0537697946;-0.1163678608
13.5295099230;0.1432161101;10.1021329403;-0.1452049527
13.5394289186;0.1240330162;10.1118055694;-0.1211740428
13.5493479141;0.1048499223;10.1069692548;-0.0971431329
13.5592669097;0.0952583753;10.1553324005;-0.0683060409
13.5691859052;0.0616879609;10.1988592315;-0.0250504031
13.5791049008;0.0712795079;10.1891866024;0.0566546907
13.5890238963;0.0377090935;10.1891866024;0.1431659664
13.5989428919;0.0281175465;10.2520586917;0.1864216043
13.6088618874;0.0185259995;10.2955855228;0.2152586962
13.6187808829;0.0185259995;10.3294397247;0.2585143341
13.6286998785;-0.0006570944;10.3100944665;0.2921576080
13.6386188740;0.0089344526;10.3149307810;0.3017699719
13.6485378696;-0.0054528679;10.3100944665;0.2777390620
13.6584568651;0.0137302260;10.3004218373;0.2392896061
13.6683758607;0.0089344526;10.2714039500;0.1912277863
13.6782948562;0.0233217730;10.2085318606;0.1191350565
13.6882138518;-0.0006570944;10.2375497480;0.0278175988
13.6981328473;0.0041386791;10.2278771189;-0.0490813130
13.7080518429;-0.0054528679;10.2568950063;-0.1163678608
13.7179708384;-0.0150444149;10.2472223771;-0.2172976825
13.7278898339;-0.0198401884;10.2133681752;-0.2990027763
13.7378088295;-0.0390232823;10.1988592315;-0.3566769601
13.7477278250;-0.0438190558;10.2036955461;-0.4143511439
13.7576468206;-0.0821852437;10.1359871422;-0.4335758718
13.7675658161;-0.1013683376;10.0440971655;-0.4672191457
13.7774848117;-0.1157556581;9.9763887616;-0.4672191457
13.7874038072;-0.1397345255;9.9376982451;-0.4672191457
13.7973228028;-0.1685091664;9.9183529869;-0.4095449619
13.8072417983;-0.1972838073;9.8506445830;-0.3662893240
13.8171607938;-0.2308542217;9.7829361791;-0.3134213222
13.8270797894;-0.2644246361;9.7877724937;-0.2557471384
13.8369987849;-0.2788119566;9.7587546063;-0.2076853185
13.8469177805;-0.2979950505;9.7055551461;-0.1740420446
13.8568367760;-0.3411570119;9.6185014840;-0.1403987707
13.8667557716;-0.3315654649;9.6039925403;-0.0779184049
13.8766747671;-0.3411570119;9.5701383383;-0.0490813130
13.8865937627;-0.3507485588;9.4879209908;-0.0394689490
13.8965127582;-0.3363612384;9.4589031034;-0.0490813130
13.9064317537;-0.3267696914;9.4395578451;-0.0731122229
13.9163507493;-0.3267696914;9.4540667888;-0.1067554968
13.9262697448;-0.3075865975;9.4685757325;-0.1259802248
13.9361887404;-0.3075865975;9.4492304743;-0.1932667726
13.9461077359;-0.2884035035;9.4492304743;-0.2413285924
13.9560267315;-0.2931992770;9.4927573053;-0.3086151402
13.9659457270;-0.2692204096;9.5507930801;-0.3614831421
13.9758647226;-0.2692204096;9.5846472820;-0.4239635079
13.9857837181;-0.2644246361;9.5894835966;-0.4576067818
13.9957027136;-0.2644246361;9.6185014840;-0.4816376917
14.0056217092;-0.2596288626;9.6523556859;-0.4960562377
14.0155407047;-0.2356499952;9.6620283150;-0.4768315097
14.0254597003;-0.2500373156;9.6571920005;-0.4479944178
14.0353786958;-0.2308542217;9.6813735733;-0.4143511439
14.0452976914;-0.2644246361;9.7152277752;-0.3951264160
14.0552166869;-0.2548330891;9.7780998645;-0.3278398682
14.0651356825;-0.2740161831;9.8119540665;-0.2461347744
14.0750546780;-0.2548330891;9.8216266956;-0.1980729546
14.0849736736;-0.2788119566;9.8699898412;-0.1211740428
14.0948926691;-0.2979950505;9.9135166723;-0.0538874950
14.1048116646;-0.3027908240;9.9328619306;0.0374299627
14.1147306602;-0.3171781444;9.9618798179;0.0854917826
14.1246496557;-0.3075865975;10.0102429636;0.1720030583
14.1345686513;-0.2979950505;10.0199155927;0.1623906944
14.1444876468;-0.2836077300;10.0344245364;0.1960339683
14.1544066424;-0.2884035035;10.0295882218;0.1816154223
14.1643256379;-0.2692204096;10.0876239966;0.1720030583
14.1742446335;-0.2548330891;10.1456597713;0.1047165105
14.1841636290;-0.2356499952;10.1891866024;0.0710732366
14.1940826245;-0.2116711278;10.2423860626;0.0422361447
14.2040016201;-0.1733049399;10.3004218373;-0.0250504031
14.2139206156;-0.1589176194;10.3246034102;-0.0538874950
14.2238396112;-0.1205514315;10.3487849830;-0.1163678608
14.2337586067;-0.0821852437;10.3439486684;-0.1019493148
14.2436776023;-0.0677979232;10.3246034102;-0.1115616788
14.2535965978;-0.0342275088;10.3149307810;-0.1307864068
14.2635155934;-0.0198401884;10.2520586917;-0.1259802248
14.2734345889;-0.0054528679;10.2133681752;-0.0683060409
14.2833535844;0.0185259995;10.2182044898;-0.0250504031
14.2932725800;0.0377090935;10.2230408043;0.0230114168
14.3031915755;0.0281175465;10.2230408043;0.1191350565
14.3131105711;0.0377090935;10.1650050296;0.2008401502
14.3230295666;0.0329133200;10.1263145131;0.2633205161
14.3329485622;0.0377090935;10.1021329403;0.3450256098
14.3428675577;0.0281175465;10.0440971655;0.3882812477
14.3527865533;0.0377090935;9.9812250762;0.4747925234
14.3627055488;0.0425048670;9.9280256160;0.5084357973
14.3726245443;0.0329133200;9.8603172121;0.4988234333
14.3825435399;0.0089344526;9.8216266956;0.5180481613
14.3924625354;0.0233217730;9.7877724937;0.5276605253
14.4023815310;0.0329133200;9.7684272354;0.5036296153
14.4123005265;0.0377090935;9.7442456626;0.4699863414
14.4222195221;0.0425048670;9.7490819772;0.4363430675
14.4321385176;0.0473006404;9.7587546063;0.4219245216
14.4420575132;0.0712795079;9.7055551461;0.3786688837
14.4519765087;0.0904626018;9.6571920005;0.3161885179
14.4618955043;0.0952583753;9.6281741131;0.2777390620
14.4718144998;0.1192372427;9.5943199112;0.2489019701
14.4817334953;0.1288287897;9.5701383383;0.2152586962
14.4916524909;0.1767865245;9.5653020238;0.2152586962
14.5015714864;0.1767865245;9.5217751927;0.1768092403
14.5114904820;0.2055611655;9.5894835966;0.1912277863
14.5214094775;0.2247442594;9.5653020238;0.1768092403
14.5313284731;0.2343358064;9.6185014840;0.2392896061
14.5412474686;0.2631104473;9.6185014840;0.2585143341
14.5511664642;0.2583146738;9.6475193714;0.3113823359
14.5610854597;0.2679062208;9.6571920005;0.3258008819
14.5710044552;0.2631104473;9.6330104277;0.3930874297
14.5809234508;0.2727019942;9.6378467422;0.4219245216
14.5908424463;0.2679062208;9.5991562257;0.4411492495
14.6007614419;0.2487231268;9.6475193714;0.4747925234
14.6106804374;0.2439273533;9.7249004044;0.4844048874
14.6205994330;0.2151527124;9.7539182917;0.4988234333
14.6305184285;0.1959696185;9.8071177519;0.4988234333
14.6404374241;0.1671949776;9.8216266956;0.4699863414
14.6503564196;0.1576034306;9.8699898412;0.4171183396
14.6602754151;0.1432161101;9.9038440432;0.3786688837
14.6701944107;0.1144414692;9.9328619306;0.3161885179
14.6801134062;0.1048499223;9.9231893014;0.2681266980
14.6900324018;0.0904626018;9.9086803577;0.1960339683
14.6999513973;0.0664837344;9.9763887616;0.1383597844
14.7098703929;0.0473006404;10.0586061092;0.0806856006
14.7197893884;0.0520964139;10.1118055694;-0.0058256751
14.7297083840;0.0568921874;10.1746776587;-0.0442751310
14.7396273795;0.0568921874;10.2568950063;-0.0634998590
14.7495463751;0.0568921874;10.3294397247;-0.1115616788
14.7594653706;0.0712795079;10.3246034102;-0.1115616788
14.7693843661;0.0760752814;10.3004218373;-0.1019493148
14.7793033617;0.0856668283;10.2568950063;-0.1067554968
14.7892223572;0.0856668283;10.2859128937;-0.0923369509
14.7991413528;0.0760752814;10.3149307810;-0.0827245869
14.8090603483;0.0952583753;10.3100944665;-0.0731122229
14.8189793439;0.1000541488;10.3149307810;-0.0394689490
14.8288983394;0.0808710548;10.3197670956;0.0182052348
14.8388173350;0.0904626018;10.3439486684;0.0374299627
14.8487363305;0.0712795079;10.3342760393;0.0951041466
14.8586553260;0.0568921874;10.2859128937;0.0758794186
14.8685743216;0.0233217730;10.1988592315;0.0710732366
14.8784933171;0.0185259995;10.1553324005;0.0422361447
14.8884123127;-0.0246359618;10.1504960859;-0.0010194931
14.8983313082;-0.0438190558;10.1069692548;-0.0490813130
14.9082503038;-0.0725936967;10.0779513674;-0.0827245869
14.9181692993;-0.1013683376;10.0440971655;-0.1211740428
14.9280882949;-0.1205514315;10.0537697946;-0.1644296807
14.9380072904;-0.1637133929;10.0199155927;-0.2124915005
14.9479262859;-0.1972838073;9.9425345597;-0.2605533204
14.9578452815;-0.1972838073;9.8941714141;-0.3038089582
14.9677642770;-0.2020795808;9.8844987849;-0.3518707781
14.9776832726;-0.2356499952;9.8216266956;-0.3759016880
14.9876022681;-0.2452415422;9.7442456626;-0.4095449619
14.9975212637;-0.2692204096;9.6668646296;-0.4287696899
15.0074402592;-0.2596288626;9.6765372587;-0.4143511439
15.0173592548;-0.2644246361;9.7007188315;-0.4239635079
15.0272782503;-0.2692204096;9.7152277752;-0.4047387799
15.0371972458;-0.2788119566;9.6958825170;-0.3903202340
15.0471162414;-0.2548330891;9.6717009442;-0.3614831421
15.0570352369;-0.2548330891;9.6571920005;-0.3278398682
15.0669542325;-0.2404457687;9.6330104277;-0.2990027763
15.0768732280;-0.2308542217;9.5314478218;-0.2461347744
15.0867922236;-0.2308542217;9.4395578451;-0.2317162285
15.0967112191;-0.2116711278;9.3815220704;-0.1884605906
15.1066302147;-0.2116711278;9.4057036432;-0.1788482266
15.1165492102;-0.2020795808;9.4347215306;-0.1403987707
15.1264682058;-0.2164669012;9.4975936199;-0.1452049527
15.1363872013;-0.2356499952;9.5701383383;-0.1403987707
15.1463061968;-0.2500373156;9.6717009442;-0.1452049527
15.1562251924;-0.2548330891;9.7587546063;-0.1740420446
15.1661441879;-0.2548330891;9.7249004044;-0.1836544086
15.1760631835;-0.2788119566;9.6765372587;-0.1932667726
15.1859821790;-0.2884035035;9.6717009442;-0.2365224104
15.1959011746;-0.2884035035;9.6813735733;-0.2461347744
15.2058201701;-0.3027908240;9.6475193714;-0.2509409564
15.2157391657;-0.3171781444;9.6330104277;-0.2749718663
15.2256581612;-0.3363612384;9.6813735733;-0.2990027763
15.2355771567;-0.3555443323;9.7587546063;-0.3086151402
15.2454961523;-0.3555443323;9.8506445830;-0.2990027763
15.2554151478;-0.3651358793;9.9280256160;-0.2797780483
15.2653341434;-0.3747274263;9.9667161325;-0.2653595024
15.2752531389;-0.3555443323;10.0537697946;-0.2413285924
15.2851721345;-0.3315654649;10.0779513674;-0.2221038645
15.2950911300;-0.3075865975;10.0586061092;-0.1548173167
15.3050101256;-0.2979950505;10.0344245364;-0.1307864068
15.3149291211;-0.2596288626;10.0005703344;-0.0442751310
15.3248481166;-0.2308542217;9.9860613908;0.0182052348
15.3347671122;-0.1876922603;10.0440971655;0.0758794186
15.3446861077;-0.1541218459;10.1166418840;0.1047165105
15.3546051033;-0.1445302990;10.1698413441;0.1287474205
15.3645240988;-0.1253472050;10.2568950063;0.1912277863
15.3744430944;-0.0965725641;10.3149307810;0.2104525142
15.3843620899;-0.0869810171;10.3294397247;0.2200648782
15.3942810855;-0.0630021497;10.3100944665;0.2200648782
15.4042000810;-0.0294317353;10.2520586917;0.2104525142
15.4141190765;-0.0294317353;10.2182044898;0.2296772422
15.4240380721;-0.0294317353;10.1746776587;0.2104525142
15.4339570676;-0.0246359618;10.1650050296;0.1960339683
15.4438760632;-0.0102486414;10.1456597713;0.1864216043
15.4537950587;-0.0150444149;10.1553324005;0.1527783304
15.4637140543;-0.0486148293;10.1795139733;0.1479721484
15.4736330498;-0.0342275088;10.1553324005;0.0951041466
15.4835520454;-0.0390232823;10.1359871422;0.0951041466
15.4934710409;-0.0534106027;10.1021329403;0.1095226925
15.5033900365;-0.0390232823;10.0731150529;0.1191350565
15.5133090320;-0.0294317353;10.0102429636;0.1479721484
15.5232280275;-0.0390232823;9.9425345597;0.1816154223
15.5331470231;-0.0294317353;9.8941714141;0.2056463322
15.5430660186;-0.0006570944;9.8458082684;0.2440957881
15.5529850142;0.0233217730;9.8167903811;0.2681266980
15.5629040097;0.0329133200;9.7974451228;0.3258008819
15.5728230053;0.0568921874;9.7539182917;0.3306070639
15.5827420008;0.0664837344;9.7152277752;0.3834750657
15.5926609964;0.1000541488;9.7345730335;0.4171183396
15.6025799919;0.1240330162;9.7297367189;0.4507616135
15.6124989874;0.1576034306;9.6765372587;0.4747925234
15.6224179830;0.1911738450;9.6088288548;0.4940172514
15.6323369785;0.2007653920;9.5846472820;0.4892110694
15.6422559741;0.2343358064;9.5701383383;0.5036296153
15.6521749696;0.2679062208;9.5701383383;0.4795987054
15.6620939652;0.2774977677;9.5798109675;0.4459554315
15.6720129607;0.2774977677;9.6039925403;0.4459554315
15.6819319563;0.2918850882;9.6233377985;0.3930874297
15.6918509518;0.2966808617;9.6330104277;0.3546379738
15.7017699473;0.2822935412;9.6281741131;0.3113823359
15.7116889429;0.2774977677;9.6717009442;0.2681266980
15.7216079384;0.2727019942;9.7007188315;0.2440957881
15.7315269340;0.2583146738;9.6862098879;0.2056463322
15.7414459295;0.2199484859;9.6813735733;0.2008401502
15.7513649251;0.2151527124;9.7200640898;0.1575845124
15.7612839206;0.2007653920;9.7394093480;0.1768092403
15.7712029162;0.1815822980;9.7297367189;0.1287474205
15.7811219117;0.1671949776;9.7442456626;0.1575845124
15.7910409072;0.1623992041;9.8022814374;0.1671968763
15.8009599028;0.1480118836;9.8554808976;0.1768092403
15.8108788983;0.1240330162;9.8796624704;0.2008401502
15.8207978939;0.1144414692;9.9135166723;0.2200648782
15.8307168894;0.1240330162;9.9715524471;0.2296772422
15.8406358850;0.1096456957;9.9860613908;0.2440957881
15.8505548805;0.1288287897;9.9860613908;0.2681266980
15.8604738761;0.1288287897;9.9860613908;0.2729328800
15.8703928716;0.1288287897;9.9957340199;0.2729328800
15.8803118672;0.1480118836;10.0682787383;0.2873514260
15.8902308627;0.1623992041;10.1504960859;0.2633205161
15.9001498582;0.1719907511;10.2278771189;0.2344834241
15.9100688538;0.1719907511;10.2520586917;0.1912277863
15.9199878493;0.1767865245;10.2472223771;0.1623906944
15.9299068449;0.1719907511;10.3100944665;0.0806856006
15.9398258404;0.1767865245;10.3246034102;-0.0106318571
15.9497448360;0.1623992041;10.3052581519;-0.0586936770
15.9596638315;0.1432161101;10.2617313208;-0.1211740428
15.9695828271;0.1336245632;10.2714039500;-0.1548173167
15.9795018226;0.1096456957;10.3149307810;-0.1980729546
15.9894208181;0.0712795079;10.3100944665;-0.2172976825
15.9993398137;0.0329133200;10.2520586917;-0.2557471384
16.0092588092;0.0089344526;10.2810765791;-0.2701656843
16.0191778048;-0.0294317353;10.3052581519;-0.2605533204
16.0290968003;-0.0582063762;10.2617313208;-0.2413285924
16.0390157959;-0.0869810171;10.1891866024;-0.2269100465
16.0489347914;-0.1301429785;10.1359871422;-0.2028791365
16.0588537870;-0.1397345255;10.1069692548;-0.1932667726
16.0687727825;-0.1876922603;10.0972966257;-0.1307864068
16.0786917780;-0.2020795808;10.0537697946;-0.1211740428
16.0886107736;-0.2068753543;9.9473708743;-0.0731122229
16.0985297691;-0.2164669012;9.9280256160;-0.0634998590
16.1084487647;-0.2308542217;9.9425345597;-0.0538874950
16.1183677602;-0.2356499952;9.9231893014;-0.0490813130
16.1282867558;-0.2404457687;9.8796624704;-0.0394689490
16.1382057513;-0.2356499952;9.7926088082;-0.0827245869
16.1481247469;-0.2308542217;9.7684272354;-0.0875307689
16.1580437424;-0.2308542217;9.7539182917;-0.1307864068
16.1679627380;-0.2116711278;9.6958825170;-0.1692358626
16.1778817335;-0.2500373156;9.6571920005;-0.2413285924
16.1878007290;-0.2212626747;9.6813735733;-0.2653595024
16.1977197246;-0.2356499952;9.7007188315;-0.3134213222
16.2076387201;-0.2404457687;9.7249004044;-0.3374522321
16.2175577157;-0.2452415422;9.6668646296;-0.3903202340
16.2274767112;-0.2692204096;9.5943199112;-0.3951264160
16.2373957068;-0.2644246361;9.5411204510;-0.3951264160
16.2473147023;-0.2788119566;9.5362841364;-0.4239635079
16.2572336979;-0.3027908240;9.4975936199;-0.4095449619
16.2671526934;-0.3219739179;9.4443941597;-0.3759016880
16.2770716889;-0.3315654649;9.4492304743;-0.3566769601
16.2869906845;-0.3651358793;9.5266115073;-0.3134213222
16.2969096800;-0.3939105202;9.5749746529;-0.2557471384
16.3068286756;-0.3891147467;9.5749746529;-0.2172976825
16.3167476711;-0.4130936141;9.5846472820;-0.1596234987
16.3266666667;-0.4322767081;9.6233377985;-0.1115616788
16.3365856622;-0.4562555755;9.6475193714;-0.0394689490
16.3465046578;-0.4370724816;9.5991562257;-0.0058256751
16.3564236533;-0.4322767081;9.5217751927;0.0230114168
16.3663426488;-0.4274809346;9.5411204510;0.0518485087
16.3762616444;-0.4178893876;9.6330104277;0.0662670546
16.3861806399;-0.3939105202;9.6523556859;0.0518485087
16.3960996355;-0.3603401058;9.6958825170;0.0230114168
16.4060186310;-0.3507485588;9.7829361791;0.0037866888
16.4159376266;-0.3171781444;9.9328619306;-0.0058256751
16.4258566221;-0.3027908240;10.0537697946;-0.0442751310
16.4357756177;-0.2644246361;10.0586061092;-0.0731122229
16.4456946132;-0.2596288626;10.0150792781;-0.1115616788
16.4556136087;-0.2404457687;10.0054066490;-0.1259802248
16.4655326043;-0.2116711278;10.0247519073;-0.1596234987
16.4754515998;-0.1876922603;10.0247519073;-0.1884605906
16.4853705954;-0.1541218459;9.9957340199;-0.1836544086
16.4952895909;-0.1397345255;10.0150792781;-0.1788482266
16.5052085865;-0.1301429785;10.1456597713;-0.1644296807
16.5151275820;-0.1349387520;10.2472223771;-0.1259802248
16.5250465776;-0.1349387520;10.2907492082;-0.0490813130
16.5349655731;-0.1205514315;10.2955855228;0.0133990528
16.5448845687;-0.1157556581;10.3052581519;0.0806856006
16.5548035642;-0.0965725641;10.2907492082;0.1431659664
16.5647225597;-0.0917767906;10.1843502878;0.2056463322
16.5746415553;-0.0821852437;10.0972966257;0.2873514260
16.5845605508;-0.0725936967;10.0537697946;0.3017699719
16.5944795464;-0.0725936967;10.0586061092;0.3594441558
16.6043985419;-0.0486148293;10.0440971655;0.4026997936
16.6143175375;-0.0438190558;10.0827876820;0.4026997936
16.6242365330;-0.0294317353;10.0924603111;0.4075059756
16.6341555286;-0.0246359618;10.1166418840;0.3930874297
16.6440745241;-0.0150444149;10.1311508276;0.3546379738
16.6539935196;0.0233217730;10.1069692548;0.2921576080
16.6639125152;0.0473006404;10.0827876820;0.2729328800
16.6738315107;0.0664837344;10.0247519073;0.2296772422
16.6837505063;0.0952583753;9.9570435034;0.1720030583
16.6936695018;0.1240330162;9.8844987849;0.1047165105
16.7035884974;0.1528076571;9.8458082684;0.0854917826
16.7135074929;0.1815822980;9.8458082684;0.0422361447
16.7234264885;0.1767865245;9.8554808976;0.0470423267
16.7333454840;0.2007653920;9.8506445830;0.0278175988
16.7432644795;0.2151527124;9.8458082684;0.0566546907
16.7531834751;0.2343358064;9.8361356393;0.0758794186
16.7631024706;0.2535189003;9.8022814374;0.1047165105
16.7730214662;0.2822935412;9.7394093480;0.1671968763
16.7829404617;0.2870893147;9.6862098879;0.2344834241
16.7928594573;0.3014766352;9.6910462024;0.2681266980
16.8027784528;0.3206597291;9.6668646296;0.3161885179
16.8126974484;0.3398428230;9.6378467422;0.3834750657
16.8226164439;0.3302512761;9.6185014840;0.3978936117
16.8325354394;0.3206597291;9.6233377985;0.4267307036
16.8424544350;0.3110681821;9.6378467422;0.4507616135
16.8523734305;0.3158639556;9.6862098879;0.4555677955
16.8622924261;0.2870893147;9.6813735733;0.4315368856
16.8722114216;0.2822935412;9.6910462024;0.4123121576
16.8821304172;0.2774977677;9.6862098879;0.3882812477
16.8920494127;0.2631104473;9.6910462024;0.3113823359
16.9019684083;0.2583146738;9.6668646296;0.2537081521
16.9118874038;0.2343358064;9.6378467422;0.1720030583
16.9218063994;0.2439273533;9.6765372587;0.1287474205
16.9317253949;0.2343358064;9.7780998645;0.0614608727
16.9416443904;0.2343358064;9.8506445830;-0.0298565851
16.9515633860;0.2151527124;9.8651535267;-0.0538874950
16.9614823815;0.2199484859;9.9038440432;-0.1019493148
16.9714013771;0.2151527124;9.9667161325;-0.1163678608
16.9813203726;0.2199484859;10.0199155927;-0.1259802248
16.9912393682;0.2103569389;10.0150792781;-0.1115616788
17.0011583637;0.2247442594;9.9570435034;-0.1259802248
17.0110773593;0.2199484859;9.9473708743;-0.0875307689
17.0209963548;0.2199484859;10.0392608509;-0.0490813130
17.0309153503;0.2343358064;10.1263145131;-0.0106318571
17.0408343459;0.2199484859;10.1553324005;0.0518485087
17.0507533414;0.2199484859;10.1650050296;0.0902979646
17.0606723370;0.2007653920;10.2182044898;0.1431659664
17.0705913325;0.1863780715;10.3052581519;0.1671968763
17.0805103281;0.1815822980;10.3052581519;0.1527783304
17.0904293236;0.1576034306;10.2133681752;0.1960339683
17.1003483192;0.1336245632;10.1891866024;0.1816154223
17.1102673147;0.1144414692;10.2375497480;0.1575845124
17.1201863102;0.0712795079;10.2327134335;0.1191350565
17.1301053058;0.0616879609;10.1843502878;0.0518485087
17.1400243013;0.0041386791;10.1601687150;-0.0106318571
17.1499432969;-0.0342275088;10.2278771189;-0.0779184049
17.1598622924;-0.0582063762;10.2520586917;-0.1019493148
17.1697812880;-0.0965725641;10.2327134335;-0.1740420446
17.1797002835;-0.1205514315;10.2568950063;-0.2172976825
17.1896192791;-0.1637133929;10.2955855228;-0.2605533204
17.1995382746;-0.1781007134;10.2375497480;-0.2749718663
17.2094572701;-0.1972838073;10.0972966257;-0.2990027763
17.2193762657;-0.2164669012;10.0344245364;-0.3086151402
17.2292952612;-0.2500373156;10.0247519073;-0.2797780483
17.2392142568;-0.2308542217;10.0199155927;-0.2893904123
17.2491332523;-0.2356499952;9.9522071888;-0.2413285924
17.2590522479;-0.2452415422;9.9086803577;-0.1980729546
17.2689712434;-0.2596288626;9.9328619306;-0.1548173167
17.2788902390;-0.2548330891;9.9473708743;-0.1355925887
17.2888092345;-0.2644246361;9.9086803577;-0.0971431329
17.2987282301;-0.2644246361;9.8312993247;-0.0442751310
17.3086472256;-0.2500373156;9.7587546063;-0.0154380391
17.3185662211;-0.2548330891;9.7345730335;-0.0058256751
17.3284852167;-0.2692204096;9.7200640898;0.0133990528
17.3384042122;-0.2644246361;9.6281741131;0.0662670546
17.3483232078;-0.2692204096;9.5362841364;0.0518485087
17.3582422033;-0.2931992770;9.5314478218;0.0422361447
17.3681611989;-0.3027908240;9.5604657092;0.0182052348
17.3780801944;-0.3555443323;9.5507930801;-0.0298565851
17.3879991900;-0.3891147467;9.5604657092;-0.0634998590
17.3979181855;-0.4130936141;9.5653020238;-0.1067554968
17.4078371810;-0.4322767081;9.5701383383;-0.1355925887
17.4177561766;-0.4610513490;9.5749746529;-0.1644296807
17.4276751721;-0.4658471225;9.4879209908;-0.1644296807
17.4375941677;-0.4946217634;9.4782483617;-0.1692358626
17.4475131632;-0.5042133104;9.4589031034;-0.1932667726
17.4574321588;-0.4946217634;9.4105399578;-0.1740420446
17.4673511543;-0.4898259899;9.4202125869;-0.1596234987
17.4772701499;-0.5233964043;9.4830846762;-0.1692358626
17.4871891454;-0.4994175369;9.4830846762;-0.1355925887
17.4971081409;-0.4994175369;9.5121025636;-0.1163678608
17.5070271365;-0.4658471225;9.5362841364;-0.0683060409
17.5169461320;-0.4610513490;9.6813735733;-0.0250504031
17.5268651276;-0.4322767081;9.7007188315;0.0422361447
17.5367841231;-0.4082978407;9.7103914607;0.0806856006
17.5467031187;-0.3939105202;9.7539182917;0.1383597844
17.5566221142;-0.3219739179;9.8312993247;0.1768092403
17.5665411098;-0.2931992770;9.8361356393;0.2104525142
17.5764601053;-0.2500373156;9.8119540665;0.2392896061
17.5863791009;-0.2212626747;9.8458082684;0.2585143341
17.5962980964;-0.1876922603;9.8844987849;0.2489019701
17.6062170919;-0.1685091664;9.8796624704;0.2440957881
17.6161360875;-0.1589176194;9.8844987849;0.2344834241
17.6260550830;-0.1157556581;9.9715524471;0.1960339683
17.6359740786;-0.1493260725;10.0537697946;0.1864216043
17.6458930741;-0.1301429785;10.0924603111;0.1527783304
17.6558120697;-0.1349387520;10.1214781985;0.0951041466
17.6657310652;-0.1349387520;10.1359871422;0.0710732366
17.6756500608;-0.1445302990;10.1456597713;0.0374299627
17.6855690563;-0.1541218459;10.1698413441;0.0182052348
17.6954880518;-0.1445302990;10.2133681752;-0.0202442211
17.7054070474;-0.1397345255;10.2085318606;-0.0298565851
17.7153260429;-0.1397345255;10.1988592315;-0.0394689490
17.7252450385;-0.1397345255;10.2278771189;-0.0154380391
17.7351640340;-0.1013683376;10.1746776587;0.0230114168
17.7450830296;-0.0773894702;10.1021329403;0.0854917826
17.7550020251;-0.0534106027;10.0972966257;0.1191350565
17.7649210207;-0.0246359618;10.1408234568;0.1575845124
17.7748400162;0.0233217730;10.1456597713;0.2008401502
17.7847590117;0.0568921874;10.1118055694;0.2489019701
17.7946780073;0.1096456957;10.0440971655;0.2969637900
17.8045970028;0.1480118836;10.0586061092;0.3065761539
17.8145159984;0.1863780715;10.0876239966;0.3065761539
17.8244349939;0.2535189003;10.0876239966;0.3113823359
17.8343539895;0.2631104473;10.0295882218;0.3065761539
17.8442729850;0.2822935412;9.9812250762;0.2633205161
17.8541919806;0.3254555026;9.9860613908;0.2296772422
17.8641109761;0.3350470495;9.9957340199;0.2056463322
17.8740299716;0.3494343700;9.9086803577;0.1527783304
17.8839489672;0.3638216905;9.8458082684;0.0806856006
17.8938679627;0.3542301435;9.8361356393;0.0662670546
17.9037869583;0.3686174639;9.8990077286;0.0326237808
17.9137059538;0.3542301435;9.8941714141;-0.0154380391
17.9236249494;0.3350470495;9.8554808976;-0.0490813130
17.9335439449;0.2966808617;9.8167903811;-0.0731122229
17.9434629405;0.3014766352;9.8312993247;-0.0827245869
17.9533819360;0.2727019942;9.7780998645;-0.0779184049
17.9633009316;0.2679062208;9.7103914607;-0.1115616788
17.9732199271;0.2343358064;9.6668646296;-0.0731122229
17.9831389226;0.2391315798;9.6910462024;-0.0683060409
17.9930579182;0.2391315798;9.7200640898;-0.0490813130
18.0029769137;0.2103569389;9.7055551461;0.0037866888
18.0128959093;0.2343358064;9.6813735733;0.0230114168
18.0228149048;0.2295400329;9.6571920005;0.0422361447
18.0327339004;0.2439273533;9.7103914607;0.0806856006
18.0426528959;0.2631104473;9.7249004044;0.1047165105
18.0525718915;0.2679062208;9.7297367189;0.1239412385
18.0624908870;0.2966808617;9.7152277752;0.1047165105
18.0724098825;0.3158639556;9.7297367189;0.1287474205
18.0823288781;0.3398428230;9.7732635500;0.0902979646
18.0922478736;0.3398428230;9.8361356393;0.0710732366
18.1021668692;0.3878005579;9.8844987849;0.0278175988
18.1120858647;0.3878005579;9.8796624704;-0.0442751310
18.1220048603;0.3830047844;9.9135166723;-0.0634998590
18.1319238558;0.3878005579;9.9570435034;-0.1115616788
18.1418428514;0.3542301435;9.9957340199;-0.1355925887
18.1517618469;0.3158639556;10.0054066490;-0.1788482266
18.1616808424;0.3062724086;9.9860613908;-0.2221038645
18.1715998380;0.2679062208;10.0150792781;-0.2221038645
18.1815188335;0.2247442594;10.0779513674;-0.2365224104
18.1914378291;0.1863780715;10.0972966257;-0.2557471384
18.2013568246;0.1528076571;10.1214781985;-0.2653595024
18.2112758202;0.1048499223;10.0876239966;-0.2701656843
18.2211948157;0.0616879609;10.1166418840;-0.2221038645
18.2311138113;0.0137302260;10.1553324005;-0.2028791365
18.2410328068;-0.0006570944;10.1891866024;-0.1548173167
18.2509518023;-0.0294317353;10.1553324005;-0.1019493148
18.2608707979;-0.0630021497;10.1166418840;-0.0683060409
18.2707897934;-0.0965725641;10.1456597713;-0.0202442211
18.2807087890;-0.1157556581;10.1553324005;-0.0010194931
18.2906277845;-0.1397345255;10.1891866024;0.0374299627
18.3005467801;-0.1493260725;10.1795139733;0.0326237808
18.3104657756;-0.1397345255;10.1408234568;0.0518485087
18.3203847712;-0.1445302990;10.1359871422;0.0806856006
18.3303037667;-0.1397345255;10.1601687150;0.0374299627
18.3402227623;-0.1205514315;10.1891866024;0.0085928708
18.3501417578;-0.1157556581;10.1553324005;-0.0154380391
18.3600607533;-0.1205514315;10.1021329403;-0.0442751310
18.3699797489;-0.1301429785;10.0586061092;-0.0827245869
18.3798987444;-0.1157556581;10.0876239966;-0.1019493148
18.3898177400;-0.1301429785;10.1069692548;-0.1355925887
18.3997367355;-0.1541218459;10.0247519073;-0.1596234987
18.4096557311;-0.1541218459;9.9425345597;-0.1596234987
18.4195747266;-0.1781007134;9.9425345597;-0.1740420446
18.4294937222;-0.2068753543;9.9570435034;-0.1644296807
18.4394127177;-0.2308542217;9.8990077286;-0.1740420446
18.4493317132;-0.2548330891;9.8119540665;-0.1211740428
18.4592507088;-0.2979950505;9.7394093480;-0.1115616788
18.4691697043;-0.3267696914;9.7780998645;-0.0827245869
18.4790886999;-0.3987062937;9.7587546063;-0.0202442211
18.4890076954;-0.4178893876;9.6668646296;0.0518485087
18.4989266910;-0.4466640285;9.5894835966;0.1047165105
18.5088456865;-0.4802344429;9.5798109675;0.1527783304
18.5187646821;-0.4994175369;9.5701383383;0.1864216043
18.5286836776;-0.5233964043;9.5169388782;0.2104525142
18.5386026731;-0.5186006308;9.4395578451;0.2585143341
18.5485216687;-0.5329879513;9.4057036432;0.2873514260
18.5584406642;-0.5281921778;9.4298852160;0.2873514260
18.5683596598;-0.5090090838;9.4298852160;0.2873514260
18.5782786553;-0.5042133104;9.4347215306;0.2777390620
18.5881976509;-0.4802344429;9.4443941597;0.2681266980
18.5981166464;-0.4514598020;9.4685757325;0.2440957881
18.6080356420;-0.3939105202;9.5459567655;0.1912277863
18.6179546375;-0.3939105202;9.5459567655;0.1912277863
18.6278736330;-0.3747274263;9.5604657092;0.1527783304
18.6377926286;-0.2884035035;9.5072662490;0.0999103285
18.6477116241;-0.2884035035;9.5072662490;0.0999103285
18.6576306197;-0.2788119566;9.5943199112;0.0518485087
18.6675496152;-0.2404457687;9.6620283150;0.0710732366
18.6774686108;-0.2404457687;9.6233377985;0.0518485087
18.6873876063;-0.2260584482;9.6620283150;0.0902979646
18.6973066019;-0.2260584482;9.7152277752;0.0902979646
18.7072255974;-0.2212626747;9.7829361791;0.0951041466
18.7171445930;-0.2164669012;9.8216266956;0.1671968763
18.7270635885;-0.2260584482;9.8216266956;0.1671968763
18.7369825840;-0.2260584482;9.8409719539;0.2440957881
18.7469015796;-0.2356499952;9.8748261558;0.2681266980
18.7568205751;-0.2212626747;9.8990077286;0.2873514260
18.7667395707;-0.2356499952;9.9280256160;0.3065761539
18.7766585662;-0.2212626747;9.9183529869;0.3402194278
18.7865775618;-0.2260584482;9.8796624704;0.3546379738
18.7964965573;-0.1876922603;9.9618798179;0.3882812477
18.8064155529;-0.1876922603;10.0924603111;0.3834750657
18.8163345484;-0.1637133929;10.0537697946;0.3402194278
18.8262535439;-0.1301429785;9.9908977053;0.3306070639
18.8361725395;-0.1109598846;10.0827876820;0.3017699719
18.8460915350;-0.0869810171;10.2327134335;0.2392896061
18.8560105306;-0.0342275088;10.1940229170;0.1960339683
18.8659295261;-0.0246359618;10.0924603111;0.1623906944
18.8758485217;0.0137302260;10.0779513674;0.0806856006
18.8857675172;0.0473006404;10.1843502878;0.0182052348
18.8956865128;0.0952583753;10.2859128937;0.0133990528
18.9056055083;0.1240330162;10.2520586917;-0.0538874950
18.9155245038;0.1384203367;10.1746776587;-0.0683060409
18.9254434994;0.1815822980;10.1698413441;-0.0683060409
18.9353624949;0.2055611655;10.2859128937;-0.0875307689
18.9452814905;0.2199484859;10.2955855228;-0.0875307689
18.9552004860;0.2343358064;10.1698413441;-0.0683060409
18.9651194816;0.2487231268;10.0586061092;-0.0394689490
18.9750384771;0.2535189003;10.1069692548;-0.0010194931
18.9849574727;0.2487231268;10.1504960859;0.0518485087
18.9948764682;0.2487231268;10.1021329403;0.0518485087
19.0047954638;0.2535189003;9.9812250762;0.0806856006
19.0147144593;0.2487231268;9.9570435034;0.1095226925
19.0246334548;0.2487231268;10.0199155927;0.1479721484
19.0345524504;0.2247442594;10.0199155927;0.1335536024
19.0444714459;0.2295400329;9.9038440432;0.0854917826
19.0543904415;0.2103569389;9.8409719539;0.0806856006
19.0643094370;0.1911738450;9.8071177519;0.0806856006
19.0742284326;0.1959696185;9.8264630102;0.0278175988
19.0841474281;0.1959696185;9.8264630102;-0.0202442211
19.0940664237;0.2103569389;9.7684272354;-0.0923369509
19.1039854192;0.2055611655;9.7394093480;-0.1355925887
19.1139044147;0.2007653920;9.7539182917;-0.1740420446
19.1238234103;0.2151527124;9.7732635500;-0.2172976825
19.1337424058;0.2151527124;9.7732635500;-0.2605533204
19.1436614014;0.2391315798;9.7345730335;-0.2605533204
19.1535803969;0.2439273533;9.7249004044;-0.2941965943
19.1634993925;0.2535189003;9.7442456626;-0.3326460502
19.1734183880;0.2631104473;9.7829361791;-0.3230336862
19.1833373836;0.2918850882;9.7539182917;-0.3182275042
19.1932563791;0.2918850882;9.7103914607;-0.3182275042
19.2031753746;0.3110681821;9.7635909209;-0.2990027763
19.2130943702;0.3014766352;9.8216266956;-0.2701656843
19.2230133657;0.2918850882;9.8264630102;-0.2701656843
19.2329323613;0.3014766352;9.7732635500;-0.2365224104
19.2428513568;0.2966808617;9.7926088082;-0.1980729546
19.2527703524;0.2487231268;9.8119540665;-0.1452049527
19.2626893479;0.2439273533;9.8458082684;-0.1259802248
19.2726083435;0.2103569389;9.8216266956;-0.1163678608
19.2825273390;0.2007653920;9.8264630102;-0.0779184049
19.2924463345;0.1623992041;9.8844987849;-0.0971431329
19.3023653301;0.1528076571;9.9280256160;-0.0875307689
19.3122843256;0.1144414692;9.9280256160;-0.0923369509
19.3222033212;0.0808710548;9.9425345597;-0.0923369509
19.3321223167;0.0377090935;9.9473708743;-0.1307864068
19.3420413123;0.0137302260;9.9908977053;-0.1644296807
19.3519603078;-0.0054528679;10.0489334801;-0.1740420446
19.3618793034;-0.0342275088;10.0586061092;-0.2028791365
19.3717982989;-0.0534106027;10.0440971655;-0.2317162285
19.3817172945;-0.0773894702;10.0779513674;-0.2701656843
19.3916362900;-0.0725936967;10.1214781985;-0.2797780483
19.4015552855;-0.1013683376;10.1408234568;-0.2941965943
19.4114742811;-0.1061641111;10.1601687150;-0.2797780483
19.4213932766;-0.1109598846;10.1263145131;-0.2845842303
19.4313122722;-0.1109598846;10.1408234568;-0.2509409564
19.4412312677;-0.1061641111;10.1795139733;-0.2365224104
19.4511502633;-0.1109598846;10.1940229170;-0.2124915005
19.4610692588;-0.0965725641;10.1746776587;-0.1884605906
19.4709882544;-0.0965725641;10.1553324005;-0.1211740428
19.4809072499;-0.1013683376;10.1504960859;-0.0442751310
19.4908262454;-0.1061641111;10.1504960859;-0.0058256751
19.5007452410;-0.1013683376;10.1214781985;0.0133990528
19.5106642365;-0.1109598846;10.0731150529;0.0854917826
19.5205832321;-0.1109598846;10.0489334801;0.1335536024
19.5305022276;-0.1253472050;10.0344245364;0.1527783304
19.5404212232;-0.1637133929;10.0247519073;0.1768092403
19.5503402187;-0.1876922603;10.0102429636;0.2008401502
19.5602592143;-0.2020795808;9.9618798179;0.1720030583
19.5701782098;-0.2308542217;9.9231893014;0.1816154223
19.5800972053;-0.2548330891;9.9183529869;0.1864216043
19.5900162009;-0.2740161831;9.8990077286;0.1575845124
19.5999351964;-0.3267696914;9.8748261558;0.1335536024
19.6098541920;-0.3459527853;9.8409719539;0.1335536024
19.6197731875;-0.3651358793;9.7974451228;0.1047165105
19.6296921831;-0.3747274263;9.7297367189;0.0758794186
19.6396111786;-0.4035020672;9.7007188315;0.0806856006
19.6495301742;-0.4226851611;9.6862098879;0.0758794186
19.6594491697;-0.4178893876;9.6717009442;0.0758794186
19.6693681652;-0.4322767081;9.6523556859;0.1143288745
19.6792871608;-0.4130936141;9.6039925403;0.1335536024
19.6892061563;-0.4035020672;9.5362841364;0.1816154223
19.6991251519;-0.3939105202;9.5507930801;0.2056463322
19.7090441474;-0.3507485588;9.5604657092;0.2296772422
19.7189631430;-0.3315654649;9.4975936199;0.2633205161
19.7288821385;-0.3171781444;9.4830846762;0.2873514260
19.7388011341;-0.2692204096;9.4879209908;0.3354132458
19.7487201296;-0.2500373156;9.5121025636;0.3834750657
19.7586391252;-0.2356499952;9.5072662490;0.3930874297
19.7685581207;-0.2212626747;9.4637394180;0.4411492495
19.7784771162;-0.1972838073;9.4879209908;0.4411492495
19.7883961118;-0.1733049399;9.5749746529;0.4651801594
19.7983151073;-0.1637133929;9.6039925403;0.4507616135
19.8082341029;-0.1589176194;9.5701383383;0.4315368856
19.8181530984;-0.1541218459;9.5846472820;0.4315368856
19.8280720940;-0.1589176194;9.6185014840;0.4075059756
19.8379910895;-0.1541218459;9.7055551461;0.3738627017
19.8479100851;-0.1637133929;9.7055551461;0.3450256098
19.8578290806;-0.1445302990;9.6813735733;0.3161885179
19.8677480761;-0.1493260725;9.7394093480;0.2585143341
19.8776670717;-0.1685091664;9.8119540665;0.2489019701
19.8875860672;-0.1685091664;9.8506445830;0.2248710602
19.8975050628;-0.1637133929;9.8603172121;0.2152586962
19.9074240583;-0.1828964868;9.8844987849;0.1864216043
19.9173430539;-0.1637133929;9.9231893014;0.1671968763
19.9272620494;-0.1637133929;9.9473708743;0.1720030583
19.9371810450;-0.1445302990;9.9570435034;0.1671968763
19.9471000405;-0.1301429785;9.9908977053;0.1720030583
19.9570190360;-0.1061641111;9.9812250762;0.1960339683
19.9669380316;-0.0773894702;10.0295882218;0.2200648782
19.9768570271;-0.0534106027;10.0731150529;0.2104525142
19.9867760227;-0.0198401884;10.1021329403;0.2392896061
19.9966950182;0.0137302260;10.1069692548;0.2681266980
20.0066140138;0.0520964139;10.1069692548;0.2633205161
20.0165330093;0.0808710548;10.1940229170;0.2777390620
20.0264520049;0.1240330162;10.2278771189;0.2585143341
20.0363710004;0.1528076571;10.1553324005;0.2537081521
20.0462899959;0.1623992041;10.1553324005;0.2056463322
20.0562089915;0.1863780715;10.2327134335;0.1960339683
20.0661279870;0.1911738450;10.2182044898;0.1383597844
20.0760469826;0.2151527124;10.1698413441;0.0806856006
20.0859659781;0.2151527124;10.1746776587;0.0326237808
20.0958849737;0.2199484859;10.1795139733;-0.0154380391
20.1058039692;0.2055611655;10.1891866024;-0.0490813130
20.1157229648;0.1959696185;10.1940229170;-0.1019493148
20.1256419603;0.1719907511;10.1408234568;-0.1259802248
20.1355609559;0.1863780715;10.1069692548;-0.1548173167
20.1454799514;0.1528076571;10.0682787383;-0.1836544086
20.1553989469;0.1432161101;10.0586061092;-0.1932667726
20.1653179425;0.1240330162;10.0440971655;-0.2124915005
20.1752369380;0.1096456957;9.9860613908;-0.2076853185
20.1851559336;0.1000541488;9.9522071888;-0.2028791365
20.1950749291;0.0952583753;9.9570435034;-0.2076853185
20.2049939247;0.1000541488;9.9473708743;-0.1932667726
20.2149129202;0.1192372427;9.9231893014;-0.1788482266
20.2248319158;0.1144414692;9.8603172121;-0.1500111347
20.2347509113;0.1144414692;9.8506445830;-0.1452049527
20.2446699068;0.1144414692;9.8216266956;-0.1452049527
20.2545889024;0.1432161101;9.8312993247;-0.1307864068
20.2645078979;0.1623992041;9.7780998645;-0.1452049527
20.2744268935;0.1671949776;9.7539182917;-0.1452049527
20.2843458890;0.1959696185;9.7442456626;-0.1596234987
20.2942648846;0.1959696185;9.7684272354;-0.1740420446
20.3041838801;0.2199484859;9.7587546063;-0.1836544086
20.3141028757;0.2343358064;9.7394093480;-0.2172976825
20.3240218712;0.2199484859;9.7297367189;-0.2605533204
20.3339408667;0.2535189003;9.7732635500;-0.2701656843
20.3438598623;0.2247442594;9.7539182917;-0.2845842303
20.3537788578;0.2199484859;9.7297367189;-0.3182275042
20.3636978534;0.2055611655;9.7345730335;-0.3326460502
20.3736168489;0.1863780715;9.7684272354;-0.3710955060
20.3835358445;0.1719907511;9.7684272354;-0.3855140520
20.3934548400;0.1384203367;9.7877724937;-0.3855140520
20.4033738356;0.1048499223;9.7780998645;-0.3759016880
20.4132928311;0.0856668283;9.8167903811;-0.3807078700
20.4232118267;0.0568921874;9.8216266956;-0.3614831421
20.4331308222;0.0089344526;9.8216266956;-0.3374522321
20.4430498177;-0.0150444149;9.8264630102;-0.3038089582
20.4529688133;-0.0438190558;9.8361356393;-0.2701656843
20.4628878088;-0.0630021497;9.8748261558;-0.2701656843
20.4728068044;-0.0821852437;9.8990077286;-0.2221038645
20.4827257999;-0.0869810171;9.8990077286;-0.1884605906
20.4926447955;-0.1205514315;9.9086803577;-0.1644296807
20.5025637910;-0.1445302990;9.9376982451;-0.1403987707
20.5124827866;-0.1397345255;9.9570435034;-0.1355925887
20.5224017821;-0.1493260725;9.9908977053;-0.1211740428
20.5323207776;-0.1157556581;10.0054066490;-0.0875307689
20.5422397732;-0.1157556581;10.0392608509;-0.0923369509
20.5521587687;-0.1157556581;10.0731150529;-0.1115616788
20.5620777643;-0.1013683376;10.0924603111;-0.1019493148
20.5719967598;-0.0869810171;10.0731150529;-0.0971431329
20.5819157554;-0.0917767906;10.1166418840;-0.1355925887
20.5918347509;-0.0630021497;10.1359871422;-0.1500111347
20.6017537465;-0.0725936967;10.1650050296;-0.1596234987
20.6116727420;-0.0630021497;10.1553324005;-0.1500111347
20.6215917375;-0.0773894702;10.1214781985;-0.1596234987
20.6315107331;-0.0773894702;10.1553324005;-0.1403987707
20.6414297286;-0.0821852437;10.1408234568;-0.1355925887
20.6513487242;-0.1157556581;10.1359871422;-0.1452049527
20.6612677197;-0.1493260725;10.0779513674;-0.0779184049
20.6711867153;-0.1733049399;10.0682787383;-0.0538874950
20.6811057108;-0.1972838073;10.0489334801;-0.0010194931
20.6910247064;-0.2260584482;10.0440971655;0.0326237808
20.7009437019;-0.2500373156;9.9667161325;0.0951041466
20.7108626974;-0.2740161831;9.9376982451;0.1479721484
20.7207816930;-0.2884035035;9.9473708743;0.1768092403
20.7307006885;-0.3123823709;9.9183529869;0.2200648782
20.7406196841;-0.3267696914;9.8990077286;0.2681266980
20.7505386796;-0.3315654649;9.8409719539;0.2777390620
20.7604576752;-0.3459527853;9.8071177519;0.3161885179
20.7703766707;-0.3411570119;9.7974451228;0.3209946999
20.7802956663;-0.3363612384;9.7877724937;0.3402194278
20.7902146618;-0.3315654649;9.7539182917;0.3402194278
20.8001336574;-0.3027908240;9.6862098879;0.3450256098
20.8100526529;-0.3027908240;9.6862098879;0.3161885179
20.8199716484;-0.2788119566;9.6910462024;0.3065761539
20.8298906440;-0.2452415422;9.6958825170;0.2969637900
20.8398096395;-0.2212626747;9.6571920005;0.3017699719
20.8497286351;-0.2068753543;9.6330104277;0.2777390620
20.8596476306;-0.1781007134;9.6039925403;0.2681266980
20.8695666262;-0.1493260725;9.6281741131;0.2440957881
20.8794856217;-0.1445302990;9.6426830568;0.2440957881
20.8894046173;-0.1109598846;9.6233377985;0.2440957881
20.8993236128;-0.1013683376;9.5846472820;0.2729328800
20.9092426083;-0.0821852437;9.5943199112;0.2825452440
20.9191616039;-0.0965725641;9.6136651694;0.3161885179
20.9290805994;-0.0869810171;9.6088288548;0.3209946999
20.9389995950;-0.0965725641;9.5749746529;0.3450256098
20.9489185905;-0.1061641111;9.5701383383;0.3738627017
20.9588375861;-0.1013683376;9.6233377985;0.3978936117
20.9687565816;-0.1061641111;9.6330104277;0.4315368856
20.9786755772;-0.1157556581;9.6378467422;0.4699863414
20.9885945727;-0.1253472050;9.6426830568;0.4699863414
20.9985135682;-0.1205514315;9.6862098879;0.4507616135
21.0084325638;-0.1349387520;9.7055551461;0.4507616135
21.0183515593;-0.1349387520;9.7394093480;0.4507616135
21.0282705549;-0.1157556581;9.7200640898;0.4459554315
21.0381895504;-0.1061641111;9.7635909209;0.4315368856
21.0481085460;-0.1013683376;9.8167903811;0.3930874297
21.0580275415;-0.1061641111;9.8554808976;0.3546379738
21.0679465371;-0.0773894702;9.8651535267;0.3161885179
21.0778655326;-0.0582063762;9.8699898412;0.2729328800
21.0877845281;-0.0246359618;9.9183529869;0.2729328800
21.0977035237;0.0041386791;9.9812250762;0.1816154223
21.1076225192;0.0473006404;10.0392608509;0.1575845124
21.1175415148;0.0377090935;10.0150792781;0.1431659664
21.1274605103;0.0856668283;10.0537697946;0.1143288745
21.1373795059;0.0952583753;10.1311508276;0.0854917826
21.1472985014;0.1288287897;10.1553324005;0.0806856006
21.1572174970;0.1480118836;10.1359871422;0.0614608727
21.1671364925;0.1623992041;10.1263145131;0.0518485087
21.1770554881;0.1767865245;10.1698413441;0.0470423267
21.1869744836;0.1719907511;10.2327134335;0.0951041466
21.1968934791;0.1671949776;10.2182044898;0.0902979646
21.2068124747;0.1767865245;10.1746776587;0.0951041466
21.2167314702;0.1719907511;10.1650050296;0.0902979646
21.2266504658;0.1528076571;10.2230408043;0.1143288745
21.2365694613;0.1480118836;10.2278771189;0.1191350565
21.2464884569;0.1192372427;10.1456597713;0.1191350565
21.2564074524;0.1192372427;10.1021329403;0.0951041466
21.2663264480;0.0808710548;10.1021329403;0.0951041466
21.2762454435;0.0760752814;10.1311508276;0.0182052348
21.2861644390;0.0712795079;10.0924603111;-0.0058256751
21.2960834346;0.0664837344;10.0440971655;-0.0394689490
21.3060024301;0.0520964139;10.0102429636;-0.0875307689
21.3159214257;0.0473006404;10.0537697946;-0.1259802248
21.3258404212;0.0568921874;10.0344245364;-0.1692358626
21.3357594168;0.0473006404;9.9763887616;-0.2076853185
21.3456784123;0.0329133200;9.9376982451;-0.2172976825
21.3555974079;0.0760752814;9.9328619306;-0.2605533204
21.3655164034;0.0760752814;9.9473708743;-0.2893904123
21.3754353989;0.0904626018;9.9280256160;-0.3038089582
21.3853543945;0.1144414692;9.8603172121;-0.3230336862
21.3952733900;0.1336245632;9.8458082684;-0.3230336862
21.4051923856;0.1480118836;9.8699898412;-0.3374522321
21.4151113811;0.1480118836;9.8893350995;-0.3230336862
21.4250303767;0.1576034306;9.8312993247;-0.3038089582
21.4349493722;0.1576034306;9.7684272354;-0.3134213222
21.4448683678;0.1528076571;9.7974451228;-0.2893904123
21.4547873633;0.1623992041;9.8022814374;-0.2653595024
21.4647063588;0.1623992041;9.7780998645;-0.2605533204
21.4746253544;0.1336245632;9.7345730335;-0.2317162285
21.4845443499;0.1240330162;9.6958825170;-0.2124915005
21.4944633455;0.1240330162;9.7297367189;-0.2172976825
21.5043823410;0.0712795079;9.7442456626;-0.2221038645
21.5143013366;0.0520964139;9.7297367189;-0.2124915005
21.5242203321;0.0425048670;9.6862098879;-0.2076853185
21.5341393277;-0.0006570944;9.6958825170;-0.2509409564
21.5440583232;-0.0150444149;9.7394093480;-0.2317162285
21.5539773188;-0.0534106027;9.7394093480;-0.2509409564
21.5638963143;-0.0677979232;9.7442456626;-0.2797780483
21.5738153098;-0.0869810171;9.7394093480;-0.2941965943
21.5837343054;-0.1013683376;9.7732635500;-0.3182275042
21.5936533009;-0.1205514315;9.8167903811;-0.3230336862
21.6035722965;-0.1445302990;9.8312993247;-0.3278398682
21.6134912920;-0.1685091664;9.8264630102;-0.3326460502
21.6234102876;-0.1685091664;9.8506445830;-0.3422584141
21.6333292831;-0.1733049399;9.8844987849;-0.3470645961
21.6432482787;-0.1637133929;9.9183529869;-0.3230336862
21.6531672742;-0.1445302990;9.9086803577;-0.3230336862
21.6630862697;-0.1589176194;9.9135166723;-0.2701656843
21.6730052653;-0.1157556581;9.9667161325;-0.2509409564
21.6829242608;-0.1205514315;10.0005703344;-0.2172976825
21.6928432564;-0.1013683376;9.9957340199;-0.1836544086
21.7027622519;-0.0917767906;10.0054066490;-0.1692358626
21.7126812475;-0.0965725641;10.0199155927;-0.1355925887
21.7226002430;-0.0821852437;10.0489334801;-0.0779184049
21.7325192386;-0.1013683376;10.0731150529;-0.0490813130
21.7424382341;-0.1013683376;10.0827876820;-0.0394689490
21.7523572296;-0.1013683376;10.0876239966;0.0133990528
21.7622762252;-0.1109598846;10.0586061092;0.0566546907
21.7721952207;-0.1157556581;10.0924603111;0.0470423267
21.7821142163;-0.1301429785;10.0924603111;0.0518485087
21.7920332118;-0.1637133929;10.0876239966;0.0518485087
21.8019522074;-0.1924880338;10.0682787383;0.0806856006
21.8118712029;-0.2068753543;10.0682787383;0.0662670546
21.8217901985;-0.2164669012;10.0682787383;0.0566546907
21.8317091940;-0.2596288626;10.0440971655;0.0422361447
21.8416281896;-0.2548330891;10.0005703344;0.0326237808
21.8515471851;-0.2788119566;10.0102429636;0.0614608727
21.8614661806;-0.2836077300;9.9860613908;0.0470423267
21.8713851762;-0.2836077300;9.9667161325;0.0854917826
21.8813041717;-0.2884035035;9.9376982451;0.0662670546
21.8912231673;-0.2884035035;9.9135166723;0.1143288745
21.9011421628;-0.2836077300;9.8699898412;0.1575845124
21.9110611584;-0.2788119566;9.8458082684;0.1623906944
21.9209801539;-0.2548330891;9.8312993247;0.2152586962
21.9308991495;-0.2404457687;9.8361356393;0.2440957881
21.9408181450;-0.2116711278;9.7926088082;0.2777390620
21.9507371405;-0.2020795808;9.7780998645;0.3209946999
21.9606561361;-0.1828964868;9.8216266956;0.3258008819
21.9705751316;-0.1589176194;9.8458082684;0.3738627017
21.9804941272;-0.1397345255;9.7345730335;0.3882812477
21.9904131227;-0.1061641111;9.5991562257;0.4219245216
22.0003321183;-0.0917767906;9.5894835966;0.4171183396
22.0102511138;-0.0677979232;9.7007188315;0.4363430675
22.0201701094;-0.0677979232;9.7200640898;0.4363430675
22.0300891049;-0.0486148293;9.5991562257;0.4267307036
22.0400081004;-0.0390232823;9.5556293947;0.4219245216
22.0499270960;-0.0486148293;9.6378467422;0.4219245216
22.0598460915;-0.0390232823;9.7103914607;0.4171183396
22.0697650871;-0.0582063762;9.6862098879;0.3882812477
22.0796840826;-0.0582063762;9.6233377985;0.3690565197
22.0896030782;-0.0677979232;9.6523556859;0.3113823359
22.0995220737;-0.0677979232;9.7152277752;0.3354132458
22.1094410693;-0.0821852437;9.6765372587;0.3065761539
22.1193600648;-0.0965725641;9.5749746529;0.3065761539
22.1292790603;-0.0965725641;9.5749746529;0.3065761539
22.1391980559;-0.1013683376;9.6571920005;0.3017699719
22.1491170514;-0.0869810171;9.7490819772;0.3161885179
22.1590360470;-0.0821852437;9.7442456626;0.2969637900
22.1689550425;-0.0677979232;9.6668646296;0.3161885179
22.1788740381;-0.0725936967;9.7249004044;0.3161885179
22.1887930336;-0.0342275088;9.8506445830;0.3258008819
22.1987120292;-0.0246359618;9.8796624704;0.3450256098
22.2086310247;-0.0102486414;9.8361356393;0.3402194278
22.2185500203;0.0233217730;9.8216266956;0.3209946999
22.2284690158;0.0520964139;9.9086803577;0.3354132458
22.2383880113;0.0856668283;9.9522071888;0.3546379738
22.2483070069;0.1000541488;9.9038440432;0.3306070639
22.2582260024;0.1192372427;9.8941714141;0.2873514260
22.2681449980;0.1528076571;9.9812250762;0.2969637900
22.2780639935;0.1432161101;10.0924603111;0.2633205161
22.2879829891;0.1719907511;10.0731150529;0.2392896061
22.2979019846;0.1863780715;10.0489334801;0.2104525142
22.3078209802;0.1815822980;10.1069692548;0.1720030583
22.3177399757;0.1863780715;10.2133681752;0.0951041466
22.3276589712;0.1863780715;10.1891866024;0.0902979646
22.3375779668;0.1767865245;10.1311508276;0.0566546907
22.3474969623;0.1528076571;10.1311508276;-0.0058256751
22.3574159579;0.1336245632;10.1601687150;-0.0298565851
22.3673349534;0.1192372427;10.1456597713;-0.0442751310
22.3772539490;0.0952583753;10.1408234568;-0.0827245869
22.3871729445;0.0808710548;10.1021329403;-0.0731122229
22.3970919401;0.0568921874;10.1263145131;-0.1019493148
22.4070109356;0.0425048670;10.1843502878;-0.1067554968
22.4169299311;0.0329133200;10.1795139733;-0.0875307689
22.4268489267;0.0137302260;10.1311508276;-0.0827245869
22.4367679222;0.0185259995;10.0876239966;-0.0779184049
22.4466869178;0.0089344526;10.0537697946;-0.0731122229
22.4566059133;0.0233217730;10.0537697946;-0.0827245869
22.4665249089;0.0233217730;10.0247519073;-0.0875307689
22.4764439044;0.0377090935;9.9715524471;-0.0971431329
22.4863629000;0.0568921874;9.9667161325;-0.1067554968
22.4962818955;0.0808710548;9.9763887616;-0.1211740428
22.5062008910;0.0904626018;10.0150792781;-0.1452049527
22.5161198866;0.1048499223;9.9667161325;-0.1644296807
22.5260388821;0.1144414692;9.9183529869;-0.1836544086
22.5359578777;0.1240330162;9.9280256160;-0.1980729546
22.5458768732;0.1288287897;9.9135166723;-0.2317162285
22.5557958688;0.1288287897;9.8941714141;-0.2749718663
22.5657148643;0.1288287897;9.8409719539;-0.2845842303
22.5756338599;0.1288287897;9.8071177519;-0.3038089582
22.5855528554;0.1240330162;9.7974451228;-0.3230336862
22.5954718510;0.0904626018;9.8119540665;-0.3374522321
22.6053908465;0.0856668283;9.7829361791;-0.3326460502
22.6153098420;0.0520964139;9.7877724937;-0.3855140520
22.6252288376;0.0233217730;9.7780998645;-0.3614831421
22.6351478331;0.0089344526;9.7587546063;-0.3759016880
22.6450668287;-0.0198401884;9.7490819772;-0.3374522321
22.6549858242;-0.0390232823;9.7200640898;-0.3326460502
22.6649048198;-0.0630021497;9.6765372587;-0.3278398682
22.6748238153;-0.0869810171;9.6668646296;-0.3134213222
22.6847428109;-0.1205514315;9.7103914607;-0.3134213222
22.6946618064;-0.1397345255;9.7055551461;-0.2845842303
22.7045808019;-0.1445302990;9.7200640898;-0.2605533204
22.7144997975;-0.1541218459;9.7055551461;-0.2461347744
22.7244187930;-0.1733049399;9.7200640898;-0.2317162285
22.7343377886;-0.1733049399;9.7394093480;-0.2076853185
22.7442567841;-0.1733049399;9.7684272354;-0.2221038645
22.7541757797;-0.1828964868;9.7780998645;-0.1836544086
22.7640947752;-0.1685091664;9.7780998645;-0.2124915005
22.7740137708;-0.1445302990;9.8167903811;-0.2076853185
22.7839327663;-0.1493260725;9.8361356393;-0.2172976825
22.7938517618;-0.1397345255;9.8554808976;-0.2172976825
22.8037707574;-0.1301429785;9.8844987849;-0.2221038645
22.8136897529;-0.1157556581;9.9376982451;-0.2124915005
22.8236087485;-0.1109598846;9.9425345597;-0.2124915005
22.8335277440;-0.1109598846;9.9376982451;-0.2269100465
22.8434467396;-0.1253472050;9.9667161325;-0.2269100465
22.8533657351;-0.1013683376;9.9957340199;-0.2076853185
22.8632847307;-0.1253472050;10.0102429636;-0.2076853185
22.8732037262;-0.1205514315;10.0102429636;-0.1884605906
22.8831227217;-0.1301429785;10.0102429636;-0.1740420446
22.8930417173;-0.1541218459;10.0344245364;-0.1211740428
22.9029607128;-0.1637133929;10.0537697946;-0.1163678608
22.9128797084;-0.1828964868;10.0537697946;-0.0875307689
22.9227987039;-0.2068753543;10.0392608509;-0.0442751310
22.9327176995;-0.2212626747;10.0199155927;0.0037866888
22.9426366950;-0.2500373156;10.0344245364;0.0374299627
22.9525556906;-0.2500373156;10.0537697946;0.0614608727
22.9624746861;-0.2644246361;10.0392608509;0.1287474205
22.9723936817;-0.2788119566;10.0150792781;0.1287474205
22.9823126772;-0.2931992770;9.9812250762;0.1816154223
22.9922316727;-0.2740161831;9.9957340199;0.1912277863
23.0021506683;-0.2740161831;9.9957340199;0.2152586962
23.0120696638;-0.2740161831;9.9667161325;0.2248710602
23.0219886594;-0.2596288626;9.9280256160;0.2104525142
23.0319076549;-0.2596288626;9.9280256160;0.2104525142
23.0418266505;-0.2356499952;9.9425345597;0.2056463322
23.0517456460;-0.2020795808;9.9522071888;0.2008401502
23.0616646416;-0.1781007134;9.9135166723;0.2200648782
23.0715836371;-0.1445302990;9.8844987849;0.2104525142
23.0815026326;-0.1253472050;9.8699898412;0.2152586962
23.0914216282;-0.1013683376;9.8990077286;0.1720030583
23.1013406237;-0.0965725641;9.8554808976;0.2248710602
23.1112596193;-0.0582063762;9.8119540665;0.2344834241
23.1211786148;-0.0534106027;9.7926088082;0.2344834241
23.1310976104;-0.0534106027;9.7974451228;0.2681266980
23.1410166059;-0.0342275088;9.8022814374;0.2825452440
23.1509356015;-0.0438190558;9.7490819772;0.3017699719
23.1608545970;-0.0438190558;9.7103914607;0.3354132458
23.1707735925;-0.0390232823;9.7249004044;0.3546379738
23.1806925881;-0.0438190558;9.7297367189;0.3834750657
23.1906115836;-0.0390232823;9.6765372587;0.3834750657
23.2005305792;-0.0390232823;9.6571920005;0.4267307036
23.2104495747;-0.0582063762;9.6717009442;0.4363430675
23.2203685703;-0.0534106027;9.7152277752;0.4315368856
23.2302875658;-0.0725936967;9.6475193714;0.4651801594
23.2402065614;-0.0725936967;9.5846472820;0.4459554315
23.2501255569;-0.0773894702;9.6039925403;0.4651801594
23.2600445525;-0.0677979232;9.6426830568;0.4219245216
23.2699635480;-0.0486148293;9.6571920005;0.4363430675
23.2798825435;-0.0534106027;9.6281741131;0.4171183396
23.2898015391;-0.0342275088;9.6233377985;0.3882812477
23.2997205346;-0.0150444149;9.7007188315;0.3354132458
23.3096395302;-0.0006570944;9.7684272354;0.3306070639
23.3195585257;0.0089344526;9.7587546063;0.2969637900
23.3294775213;0.0377090935;9.7684272354;0.2873514260
23.3393965168;0.0712795079;9.7829361791;0.2392896061
23.3493155124;0.0904626018;9.8409719539;0.2440957881
23.3592345079;0.1144414692;9.8796624704;0.2344834241
23.3691535034;0.1432161101;9.8409719539;0.2152586962
23.3790724990;0.1576034306;9.8458082684;0.1960339683
23.3889914945;0.1671949776;9.9183529869;0.1816154223
23.3989104901;0.1863780715;10.0102429636;0.2056463322
23.4088294856;0.1863780715;9.9860613908;0.2200648782
23.4187484812;0.2055611655;9.9473708743;0.2056463322
23.4286674767;0.2007653920;10.0102429636;0.2152586962
23.4385864723;0.2055611655;10.1021329403;0.2296772422
23.4485054678;0.1767865245;10.1021329403;0.2200648782
23.4584244633;0.1911738450;10.0392608509;0.2056463322
23.4683434589;0.1623992041;10.0392608509;0.2200648782
23.4782624544;0.1336245632;10.0924603111;0.1912277863
23.4881814500;0.1288287897;10.1311508276;0.1768092403
23.4981004455;0.0856668283;10.0682787383;0.1527783304
23.5080194411;0.0952583753;10.0392608509;0.1047165105
23.5179384366;0.0712795079;10.0972966257;0.0806856006
23.5278574322;0.0520964139;10.1746776587;0.0470423267
23.5377764277;0.0329133200;10.1698413441;0.0085928708
23.5476954232;0.0281175465;10.1021329403;-0.0394689490
23.5576144188;0.0329133200;10.0682787383;-0.0683060409
23.5675334143;0.0425048670;10.1263145131;-0.1115616788
23.5774524099;0.0425048670;10.1698413441;-0.1403987707
23.5873714054;0.0425048670;10.0972966257;-0.1692358626
23.5972904010;0.0329133200;10.0440971655;-0.1884605906
23.6072093965;0.0616879609;10.0586061092;-0.2124915005
23.6171283921;0.0568921874;10.0972966257;-0.2076853185
23.6270473876;0.0760752814;10.0682787383;-0.2172976825
23.6369663832;0.0904626018;10.0005703344;-0.2269100465
23.6468853787;0.0904626018;10.0005703344;-0.2221038645
23.6568043742;0.1096456957;10.0440971655;-0.2172976825
23.6667233698;0.1144414692;10.0344245364;-0.2221038645
23.6766423653;0.1288287897;9.9763887616;-0.2124915005
23.6865613609;0.0904626018;9.9231893014;-0.1884605906
23.6964803564;0.1096456957;9.8941714141;-0.1932667726
23.7063993520;0.0856668283;9.8941714141;-0.1788482266
23.7163183475;0.0712795079;9.8796624704;-0.1836544086
23.7262373431;0.0616879609;9.8216266956;-0.1788482266
23.7361563386;0.0185259995;9.7877724937;-0.1932667726
23.7460753341;0.0185259995;9.7877724937;-0.2028791365
23.7559943297;-0.0246359618;9.8119540665;-0.2221038645
23.7659133252;-0.0486148293;9.7877724937;-0.2221038645
23.7758323208;-0.0821852437;9.7394093480;-0.2461347744
23.7857513163;-0.1013683376;9.7442456626;-0.2653595024
23.7956703119;-0.1013683376;9.7442456626;-0.2893904123
23.8055893074;-0.1445302990;9.7297367189;-0.2941965943
23.8155083030;-0.1493260725;9.6862098879;-0.3374522321
23.8254272985;-0.1637133929;9.6813735733;-0.3326460502
23.8353462940;-0.1924880338;9.7007188315;-0.3518707781
23.8452652896;-0.2068753543;9.7055551461;-0.3470645961
23.8551842851;-0.2020795808;9.7103914607;-0.3807078700
23.8651032807;-0.1972838073;9.7055551461;-0.3230336862
23.8750222762;-0.2068753543;9.7442456626;-0.3470645961
23.8849412718;-0.1924880338;9.7587546063;-0.3374522321
23.8948602673;-0.1924880338;9.7587546063;-0.2893904123
23.9047792629;-0.1828964868;9.7539182917;-0.2749718663
23.9146982584;-0.1828964868;9.7635909209;-0.2365224104
23.9246172539;-0.1637133929;9.7587546063;-0.2124915005
23.9345362495;-0.1637133929;9.8071177519;-0.1836544086
23.9444552450;-0.1541218459;9.8216266956;-0.1692358626
23.9543742406;-0.1301429785;9.8361356393;-0.1403987707
23.9642932361;-0.1397345255;9.8699898412;-0.1067554968
23.9742122317;-0.1445302990;9.8990077286;-0.0971431329
23.9841312272;-0.1349387520;9.9135166723;-0.0923369509
23.9940502228;-0.1685091664;9.9231893014;-0.0923369509
24.0039692183;-0.1637133929;9.9522071888;-0.0779184049
24.0138882139;-0.1876922603;9.9376982451;-0.0731122229
24.0238072094;-0.2020795808;9.9425345597;-0.0827245869
24.0337262049;-0.2164669012;9.9425345597;-0.0731122229
24.0436452005;-0.2308542217;9.9618798179;-0.0875307689
24.0535641960;-0.2308542217;10.0150792781;-0.0779184049
24.0634831916;-0.2500373156;10.0150792781;-0.0731122229
24.0734021871;-0.2644246361;9.9957340199;-0.0779184049
24.0833211827;-0.2836077300;10.0005703344;-0.0683060409
24.0932401782;-0.2884035035;10.0392608509;-0.0586936770
24.1031591738;-0.3075865975;10.0344245364;-0.0538874950
24.1130781693;-0.2979950505;9.9908977053;-0.0346627670
24.1229971648;-0.2836077300;9.9715524471;-0.0058256751
24.1329161604;-0.2788119566;9.9715524471;0.0374299627
24.1428351559;-0.2692204096;9.9860613908;0.1095226925
24.1527541515;-0.2452415422;10.0005703344;0.1287474205
24.1626731470;-0.2116711278;9.9812250762;0.1720030583
24.1725921426;-0.1972838073;9.9522071888;0.2008401502
24.1825111381;-0.1781007134;9.9618798179;0.2248710602
24.1924301337;-0.1733049399;10.0005703344;0.2489019701
24.2023491292;-0.1301429785;9.9715524471;0.2921576080
24.2122681247;-0.1109598846;9.9183529869;0.2969637900
24.2221871203;-0.0821852437;9.8796624704;0.3065761539
24.2321061158;-0.0486148293;9.8796624704;0.3065761539
24.2420251114;-0.0438190558;9.8796624704;0.3209946999
24.2519441069;-0.0342275088;9.8554808976;0.3354132458
24.2618631025;-0.0294317353;9.8361356393;0.3161885179
24.2717820980;-0.0102486414;9.8554808976;0.3209946999
24.2817010936;-0.0150444149;9.8748261558;0.3113823359
24.2916200891;-0.0198401884;9.8312993247;0.2969637900
24.3015390846;-0.0246359618;9.7732635500;0.3017699719
24.3114580802;-0.0294317353;9.7394093480;0.3161885179
24.3213770757;-0.0390232823;9.7635909209;0.2873514260
24.3312960713;-0.0438190558;9.7829361791;0.2969637900
24.3412150668;-0.0342275088;9.7055551461;0.3017699719
24.3511340624;-0.0438190558;9.6378467422;0.3017699719
24.3610530579;-0.0486148293;9.6620283150;0.3258008819
24.3709720535;-0.0534106027;9.7442456626;0.2969637900
24.3808910490;-0.0438190558;9.7442456626;0.3017699719
24.3908100446;-0.0198401884;9.6571920005;0.3402194278
24.4007290401;-0.0150444149;9.6620283150;0.3450256098
24.4106480356;-0.0006570944;9.7152277752;0.3642503378
24.4205670312;-0.0054528679;9.7394093480;0.3594441558
24.4304860267;0.0233217730;9.6620283150;0.3738627017
24.4404050223;0.0377090935;9.6185014840;0.3546379738
24.4503240178;0.0664837344;9.7103914607;0.3930874297
24.4602430134;0.1000541488;9.7587546063;0.3642503378
24.4701620089;0.1288287897;9.7539182917;0.3594441558
24.4800810045;NaN;NaN;NaN