Time (s);Ax (m/s²);Ay (m/s²);Az (m/s²)
0.0099302326;-0.6384949679;8.6947654025;4.6513646689
0.0198604651;-0.6289034210;8.7479648627;4.6561708508
0.0297906977;-0.5809456861;8.6754201442;4.4543112074
0.0397209302;-0.5329879513;8.6367296277;4.3005133839
0.0496511628;-0.5090090838;8.7189469753;4.1322970144
0.0595813953;-0.4562555755;8.7576374918;4.0602042846
0.0695116279;-0.3987062937;8.7382922335;3.9784991909
0.0794418605;-0.3219739179;8.7769827500;3.9977239188
0.0893720930;-0.2308542217;8.7866553792;4.0073362828
0.0993023256;-0.1493260725;8.7818190646;3.9736930089
0.1092325581;-0.1205514315;8.7914916937;4.0265610107
0.1191627907;-0.0965725641;8.8301822102;4.0505919207
0.1290930233;-0.0630021497;8.8930542995;4.0842351946
0.1390232558;0.0137302260;8.8688727267;4.0505919207
0.1489534884;0.1096456957;8.6318933131;4.0746228306
0.1588837209;0.2007653920;8.4819675617;4.2957072019
0.1688139535;0.3494343700;8.3949138996;4.6129152130
0.1787441860;0.5028991215;8.2885149792;4.9541541339
0.1886744186;0.6611596465;8.3126965520;5.2761683270
0.1986046512;0.7810539837;8.3900775850;5.5501207001
0.2085348837;0.7906455306;8.4239317869;5.7423679796
0.2184651163;0.7043216079;8.4674586180;5.8913596211
0.2283953488;0.5796314973;8.5158217636;5.9778708969
0.2383255814;0.4165751988;8.5013128200;6.0355450807
0.2482558140;0.2679062208;8.4045865287;5.9970956248
0.2581860465;0.1144414692;8.2304792044;5.8961658031
0.2681162791;-0.0294317353;8.0418629365;5.6510505218
0.2780465116;-0.1637133929;8.0757171384;5.4011290586
0.2879767442;-0.3123823709;8.1917886879;5.1175643215
0.2979069767;-0.4226851611;8.2304792044;4.8051624924
0.3078372093;-0.4994175369;8.3804049559;4.5648533931
0.3177674419;-0.5473752717;8.6077117403;4.3966370236
0.3276976744;-0.5809456861;8.7576374918;4.3341566578
0.3376279070;-0.5761499126;8.7382922335;4.2428392001
0.3475581395;-0.5857414596;8.7624738063;4.0602042846
0.3574883721;-0.6241076475;8.8882179850;4.0553981026
0.3674186047;-0.6049245535;8.8495274685;4.0698166486
0.3773488372;-0.5857414596;8.6657475151;3.9256311890
0.3872790698;-0.5233964043;8.6802564588;3.9016002791
0.3972093023;-0.4754386694;8.7189469753;3.9544682810
0.4071395349;-0.3699316528;8.6899290879;3.9929177368
0.4170697674;-0.2452415422;8.6996017170;4.0986537405
0.4270000000;-0.0869810171;8.7382922335;4.2476453821
0.4369302326;0.0904626018;8.7237832898;4.4302802975
0.4468604651;0.2918850882;8.7769827500;4.5936904850
0.4567906977;0.4837160276;8.8156732665;4.7667130365
0.4667209302;0.6515680996;8.7914916937;4.8339995843
0.4766511628;0.7810539837;8.7382922335;4.8628366762
0.4865813953;0.8481948125;8.6996017170;4.9781850439
0.4965116279;0.7858497572;8.6270569986;4.9685726799
0.5064418605;0.7091173814;8.5593485947;5.0022159538
0.5163720930;0.5700399503;8.5400033365;5.0262468637
0.5263023256;0.4165751988;8.4964765054;5.0502777737
0.5362325581;0.2487231268;8.4432770452;5.0118283178
0.5461627907;0.0760752814;8.4916401908;4.8868675861
0.5560930233;-0.0917767906;8.5690212238;4.7907439464
0.5660232558;-0.2404457687;8.6270569986;4.6321399409
0.5759534884;-0.3987062937;8.6899290879;4.5215977552
0.5858837209;-0.5521710452;8.6222206840;4.3918308416
0.5958139535;-0.7056357967;8.5738575384;4.3341566578
0.6057441860;-0.8015512664;8.5786938530;4.3197381119
0.6156744186;-0.9262413771;8.5932027966;4.2524515641
0.6256046512;-0.9741991119;8.6125480549;4.2236144721
0.6355348837;-0.9646075649;8.6512385714;4.1659402883
0.6454651163;-0.8782836422;8.7141106607;4.0698166486
0.6553953488;-0.7823681725;8.7382922335;3.9977239188
0.6653255814;-0.6624738354;8.8060006374;4.0121424648
0.6752558140;-0.5473752717;8.8156732665;3.9833053729
0.6851860465;-0.4035020672;8.6996017170;4.0361733747
0.6951162791;-0.2548330891;8.7044380316;4.1274908324
0.7050465116;-0.1205514315;8.6705838297;4.3293504758
0.7149767442;0.0281175465;8.5883664821;4.5312101192
0.7249069767;0.1384203367;8.5254943928;4.7330697626
0.7348372093;0.2151527124;8.5980391112;4.9445417700
0.7447674419;0.2727019942;8.6512385714;5.2136879612
0.7546976744;0.3014766352;8.6125480549;5.4011290586
0.7646279070;0.3398428230;8.5351670219;5.5597330641
0.7745581395;0.3014766352;8.4916401908;5.6846937957
0.7844883721;0.2487231268;8.5206580782;5.6606628858
0.7944186047;0.1480118836;8.5206580782;5.5597330641
0.8043488372;0.0281175465;8.5061491345;5.3578734207
0.8142790698;-0.0917767906;8.4384407306;5.0743086836
0.8242093023;-0.2020795808;8.4287681015;4.7667130365
0.8341395349;-0.2884035035;8.4722949326;4.5119853913
0.8440697674;-0.3507485588;8.5545122801;4.3053195659
0.8540000000;-0.4466640285;8.5932027966;4.1803588343
0.8639302326;-0.5186006308;8.6464022568;4.0890413765
0.8738604651;-0.6001287801;8.6657475151;4.0602042846
0.8837906977;-0.6816569293;8.7576374918;4.0650104666
0.8937209302;-0.7775723990;8.8253458957;4.0457857387
0.9036511628;-0.8543047748;8.8253458957;4.0842351946
0.9135813953;-0.9214456036;8.8108369520;4.0890413765
0.9235116279;-0.9214456036;8.7673101209;4.1322970144
0.9334418605;-0.8686920952;8.7141106607;4.2091959262
0.9433720930;-0.7679808520;8.6802564588;4.3149319299
0.9533023256;-0.6816569293;8.7189469753;4.4350864795
0.9632325581;-0.5761499126;8.6996017170;4.5456286652
0.9731627907;-0.4754386694;8.6367296277;4.6465584869
0.9830930233;-0.4130936141;8.6705838297;4.6898141247
0.9930232558;-0.2836077300;8.7237832898;4.7426821266
1.0029534884;-0.1733049399;8.7576374918;4.7667130365
1.0128837209;-0.0294317353;8.7624738063;4.7186512167
1.0228139535;0.0904626018;8.7141106607;4.6657832148
1.0327441860;0.2391315798;8.6415659423;4.6033028490
1.0426744186;0.3254555026;8.6077117403;4.5167915733
1.0526046512;0.4261667458;8.6173843695;4.4687297534
1.0625348837;0.4741244806;8.6222206840;4.4110555696
1.0724651163;0.4885118011;8.6028754258;4.3918308416
1.0823953488;0.4357582927;8.6754201442;4.3774122957
1.0923255814;0.3590259170;8.7237832898;4.4254741155
1.1022558140;0.2535189003;8.7286196044;4.4591173894
1.1121860465;0.1096456957;8.7382922335;4.5456286652
1.1221162791;-0.0630021497;8.6850927733;4.6465584869
1.1320465116;-0.2068753543;8.5835301675;4.6946203067
1.1419767442;-0.3459527853;8.5400033365;4.7667130365
1.1519069767;-0.5090090838;8.5206580782;4.7715192185
1.1618372093;-0.6289034210;8.4819675617;4.7571006725
1.1717674419;-0.6960442498;8.4964765054;4.7426821266
1.1816976744;-0.7871639460;8.5496759656;4.7859377644
1.1916279070;-0.8399174543;8.5593485947;4.7282635806
1.2015581395;-0.9262413771;8.5158217636;4.6753955788
1.2114883721;-0.9789948854;8.5883664821;4.6417523049
1.2214186047;-0.9885864324;8.6125480549;4.5888843030
1.2313488372;-0.9741991119;8.5158217636;4.5360163012
1.2412790698;-0.9118540566;8.4868038763;4.5071792093
1.2512093023;-0.8351216808;8.5400033365;4.4879544813
1.2611395349;-0.7487977581;8.5883664821;4.4639235714
1.2710697674;-0.6480865149;8.5690212238;4.4254741155
1.2810000000;-0.5425794982;8.6077117403;4.4062493876
1.2909302326;-0.4322767081;8.6754201442;4.3870246596
1.3008604651;-0.3459527853;8.7141106607;4.3774122957
1.3107906977;-0.2548330891;8.7237832898;4.4110555696
1.3207209302;-0.2164669012;8.6947654025;4.4495050255
1.3306511628;-0.2020795808;8.6415659423;4.5696595751
1.3405813953;-0.2116711278;8.5932027966;4.6225275769
1.3505116279;-0.1972838073;8.6270569986;4.7619068545
1.3604418605;-0.2212626747;8.5738575384;4.8051624924
1.3703720930;-0.2356499952;8.6173843695;4.8484181303
1.3803023256;-0.2740161831;8.6850927733;4.8580304942
1.3902325581;-0.3555443323;8.6609112005;4.8724490402
1.4001627907;-0.4274809346;8.6077117403;4.8628366762
1.4100930233;-0.5090090838;8.6464022568;4.8532243122
1.4200232558;-0.5617625922;8.5932027966;4.8436119483
1.4299534884;-0.5857414596;8.5109854491;4.7715192185
1.4398837209;-0.6336991945;8.4771312471;4.7234573986
1.4498139535;-0.6336991945;8.5206580782;4.6657832148
1.4597441860;-0.6624738354;8.4916401908;4.5744657571
1.4696744186;-0.6624738354;8.5254943928;4.5264039372
1.4796046512;-0.6336991945;8.5883664821;4.5023730273
1.4895348837;-0.6097203270;8.6512385714;4.4639235714
1.4994651163;-0.6289034210;8.6560748860;4.4398926615
1.5093953488;-0.6193118740;8.6173843695;4.4158617516
1.5193255814;-0.5905372331;8.6318933131;4.4350864795
1.5292558140;-0.5186006308;8.6512385714;4.4543112074
1.5391860465;-0.4370724816;8.6560748860;4.4639235714
1.5491162791;-0.3027908240;8.6512385714;4.4302802975
1.5590465116;-0.2116711278;8.6802564588;4.4591173894
1.5689767442;-0.1253472050;8.7092743462;4.4639235714
1.5789069767;-0.0630021497;8.6754201442;4.4543112074
1.5888372093;-0.0054528679;8.7286196044;4.4495050255
1.5987674419;0.0281175465;8.8011643228;4.4783421174
1.6086976744;0.0137302260;8.8060006374;4.4831482994
1.6186279070;-0.0198401884;8.7431285481;4.5119853913
1.6285581395;-0.0917767906;8.7237832898;4.5119853913
1.6384883721;-0.1349387520;8.7237832898;4.5167915733
1.6484186047;-0.1493260725;8.7141106607;4.5167915733
1.6583488372;-0.1733049399;8.6899290879;4.5504348472
1.6682790698;-0.2068753543;8.6705838297;4.5696595751
1.6782093023;-0.2260584482;8.6125480549;4.6033028490
1.6881395349;-0.2596288626;8.5835301675;4.6321399409
1.6980697674;-0.2979950505;8.5690212238;4.6465584869
1.7080000000;-0.3507485588;8.5786938530;4.6321399409
1.7179302326;-0.4178893876;8.5883664821;4.6609770328
1.7278604651;-0.5090090838;8.6077117403;4.6369461229
1.7377906977;-0.5473752717;8.6125480549;4.5744657571
1.7477209302;-0.5665583657;8.6512385714;4.5888843030
1.7576511628;-0.5809456861;8.6222206840;4.5696595751
1.7675813953;-0.5761499126;8.6077117403;4.5792719391
1.7775116279;-0.5953330066;8.5883664821;4.6465584869
1.7874418605;-0.5857414596;8.5400033365;4.6513646689
1.7973720930;-0.5905372331;8.5641849093;4.6705893968
1.8073023256;-0.5905372331;8.6270569986;4.6513646689
1.8172325581;-0.5857414596;8.6222206840;4.6177213950
1.8271627907;-0.5473752717;8.6802564588;4.5936904850
1.8370930233;-0.5138048573;8.7189469753;4.5456286652
1.8470232558;-0.4658471225;8.7431285481;4.5408224832
1.8569534884;-0.4178893876;8.7141106607;4.5167915733
1.8668837209;-0.3603401058;8.6754201442;4.4783421174
1.8768139535;-0.3123823709;8.6802564588;4.4735359354
1.8867441860;-0.2884035035;8.6754201442;4.5264039372
1.8966744186;-0.2452415422;8.6512385714;4.4735359354
1.9066046512;-0.2356499952;8.6560748860;4.4831482994
1.9165348837;-0.2356499952;8.6415659423;4.5023730273
1.9264651163;-0.2164669012;8.6512385714;4.5215977552
1.9363953488;-0.2404457687;8.6318933131;4.5696595751
1.9463255814;-0.2356499952;8.6560748860;4.6081090310
1.9562558140;-0.2164669012;8.6464022568;4.6033028490
1.9661860465;-0.2116711278;8.6125480549;4.6225275769
1.9761162791;-0.1876922603;8.5593485947;4.6177213950
1.9860465116;-0.2164669012;8.5932027966;4.6273337589
1.9959767442;-0.2740161831;8.6464022568;4.6081090310
2.0059069767;-0.3267696914;8.6270569986;4.6129152130
2.0158372093;-0.3459527853;8.6028754258;4.6129152130
2.0257674419;-0.3891147467;8.6802564588;4.6417523049
2.0356976744;-0.4035020672;8.8253458957;4.6129152130
2.0456279070;-0.4178893876;8.8205095811;4.5215977552
2.0555581395;-0.4418682550;8.6899290879;4.4350864795
2.0654883721;-0.4274809346;8.7914916937;4.3005133839
2.0754186047;-0.3795231997;8.8882179850;4.0842351946
2.0853488372;-0.3219739179;8.6560748860;3.8631508232
2.0952790698;-0.1685091664;8.5400033365;3.7574148195
2.1052093023;0.0425048670;8.9801079617;3.6997406357
2.1151395349;0.2439273533;9.9908977053;2.9499762460
2.1250697674;0.3734132374;10.5615828237;1.7484307496
2.1350000000;0.3878005579;9.3911946995;1.5850205621
2.1449302326;0.3590259170;8.4964765054;2.0127707588
2.1548604651;0.1528076571;8.0853897675;2.8105969684
2.1647906977;0.0473006404;8.1676071151;3.3056337129
2.1747209302;-0.0869810171;7.9161187578;3.3681140787
2.1846511628;-0.1876922603;7.6162672549;3.1326111614
2.1945813953;-0.2979950505;7.6839756588;3.0316813397
2.2045116279;-0.4514598020;8.4481133598;2.9836195199
2.2144418605;-0.5473752717;9.3670131267;2.7721475125
2.2243720930;-0.6624738354;9.8216266956;2.2434674941
2.2343023256;-0.6912484763;9.8941714141;1.4744783764
2.2442325581;-0.6576780619;9.8458082684;0.6093656190
2.2541627907;-0.6193118740;9.9425345597;-0.2605533204
2.2640930233;-0.5281921778;9.9522071888;-1.0247362561
2.2740232558;-0.4226851611;9.7200640898;-1.6110904583
2.2839534884;-0.3123823709;9.3573404976;-2.0484530190
2.2938837209;-0.2116711278;9.2606142063;-2.7117061330
2.3038139535;-0.2068753543;9.9231893014;-2.5002341256
2.3137441860;0.0089344526;10.5277286218;-2.6011639473
2.3236744186;0.1096456957;11.0210327072;-2.6011639473
2.3336046512;0.2247442594;11.0984137402;-2.1589952047
2.3435348837;0.3014766352;11.4031015577;-1.5918657304
2.3534651163;0.4117794253;11.6110630839;-0.8661322505
2.3633953488;0.4597371602;11.7948430373;-0.0634998590
2.3733255814;0.4885118011;11.5433546800;0.8448685363
2.3832558140;0.4549413867;11.0742321674;1.6090514720
2.3931860465;0.3925963314;10.6921633169;2.2530798581
2.4031162791;0.2966808617;10.5180559927;2.7769536945
2.4130465116;0.2343358064;10.4503475888;3.1374173434
2.4229767442;0.1144414692;10.2230408043;3.3344708048
2.4329069767;0.0041386791;10.0295882218;3.2431533471
2.4428372093;-0.1013683376;9.9425345597;2.9932318838
2.4527674419;-0.2356499952;10.1166418840;2.6279620529
2.4626976744;-0.3267696914;10.2810765791;2.0560263967
2.4726279070;-0.4178893876;10.4406749597;1.3158743709
2.4825581395;-0.4754386694;10.4938744199;0.4411492495
2.4924883721;-0.5186006308;10.5809280820;-0.4912500557
2.5024186047;-0.5233964043;10.6051096548;-1.3563628131
2.5123488372;-0.4706428960;10.5906007111;-2.1109333848
2.5222790698;-0.4082978407;10.3391123538;-2.4041104859
2.5322093023;-0.4082978407;10.2182044898;-2.8510854106
2.5421395349;-0.2644246361;9.7490819772;-3.1538748757
2.5520697674;-0.1637133929;9.5894835966;-3.0193017801
2.5620000000;-0.0773894702;9.8506445830;-2.9808523242
2.5719302326;0.0329133200;10.1988592315;-2.8991472304
2.5818604651;0.1576034306;9.9183529869;-2.4281413958
2.5917906977;0.2151527124;9.8748261558;-1.9138799234
2.6017209302;0.2822935412;10.0102429636;-1.3371380851
2.6116511628;0.3446385965;10.3391123538;-0.6738849711
2.6215813953;0.4165751988;10.4551839034;0.0566546907
2.6315116279;0.4069836518;10.1650050296;0.7343263506
2.6414418605;0.3686174639;9.6668646296;1.3206805529
2.6513720930;0.3590259170;9.1880694879;1.7388183856
2.6613023256;0.3158639556;9.0865068821;2.0608325786
2.6712325581;0.2487231268;8.9027269287;2.2098242202
2.6811627907;0.1959696185;8.6512385714;2.1954056742
2.6910930233;0.1192372427;8.3368781248;2.0992820345
2.7010232558;0.0329133200;8.3417144394;1.8733914812
2.7109534884;-0.0438190558;8.6415659423;1.6186638360
2.7208837209;-0.1157556581;9.0671616238;1.2053321852
2.7308139535;-0.1972838073;9.3621768121;0.6237841650
2.7407441860;-0.2644246361;9.5798109675;-0.0346627670
2.7506744186;-0.3459527853;9.7587546063;-0.7123344270
2.7606046512;-0.3747274263;9.9183529869;-1.4380679068
2.7705348837;-0.4418682550;9.8554808976;-1.8706242855
2.7804651163;-0.3699316528;9.5024299345;-2.4906217617
2.7903953488;-0.3075865975;9.2993047228;-2.6540319492
2.8003255814;-0.2644246361;9.1300337131;-2.8414730466
2.8102558140;-0.2452415422;9.1445426568;-2.9135657764
2.8201860465;-0.1828964868;9.2315963189;-2.8943410484
2.8301162791;-0.1301429785;9.3815220704;-2.7789926808
2.8400465116;-0.0773894702;9.6378467422;-2.5771330374
2.8499767442;-0.0102486414;9.9763887616;-2.2070570245
2.8599069767;0.0808710548;10.3536212975;-1.6639584601
2.8698372093;0.1576034306;10.5760917674;-0.9814806182
2.8797674419;0.2199484859;10.6824906878;-0.1980729546
2.8896976744;0.2535189003;10.5228923072;0.6189779830
2.8996279070;0.2918850882;10.3342760393;1.3543238268
2.9095581395;0.3110681821;10.0634424238;1.9070347551
2.9194883721;0.3062724086;9.8941714141;2.3540096798
2.9294186047;0.4069836518;9.7829361791;2.2146304022
2.9393488372;0.2583146738;9.9812250762;3.0364875217
2.9492790698;0.1863780715;10.0586061092;2.7673413305
2.9592093023;0.1336245632;10.2182044898;2.5030013213
2.9691395349;0.0808710548;10.6341275422;2.1281191264
2.9790697674;-0.0150444149;10.9339790451;1.6667256558
2.9890000000;-0.1013683376;11.3112115810;1.0130849058
2.9989302326;-0.1924880338;11.5240094217;0.2440957881
3.0088604651;-0.2692204096;11.7271346334;-0.5393118755
3.0187906977;-0.3219739179;11.5675362528;-1.2265958995
3.0287209302;-0.3555443323;11.2338305480;-1.9234922874
3.0386511628;-0.3603401058;11.0742321674;-2.1349642947
3.0485813953;-0.3363612384;10.7598717208;-2.3560486661
3.0585116279;-0.3891147467;10.3197670956;-2.4954279436
3.0684418605;-0.3171781444;10.1408234568;-2.3944981219
3.0783720930;-0.2884035035;9.9280256160;-2.0820962929
3.0883023256;-0.2692204096;10.0827876820;-1.7312450079
3.0982325581;-0.2212626747;10.4164933868;-1.2362082634
3.1081627907;-0.1685091664;10.7163448897;-0.5873736954
3.1180930233;-0.1157556581;10.7550354063;0.1671968763
3.1280232558;-0.0486148293;10.2327134335;0.9265736301
3.1379534884;0.0089344526;10.0344245364;1.6282761999
3.1478837209;0.0473006404;10.0876239966;2.2434674941
3.1578139535;0.1336245632;9.6039925403;2.6039311430
3.1677441860;0.1288287897;8.8156732665;2.7769536945
3.1776744186;0.1911738450;8.4674586180;2.7577289666
3.1876046512;0.1480118836;8.3900775850;2.9067206081
3.1975348837;0.1576034306;8.7721464355;2.8298216963
3.2074651163;0.1528076571;8.9510900743;2.7865660585
3.2173953488;0.1240330162;9.1880694879;2.4501333195
3.2273255814;0.0712795079;9.2702868354;2.1233129445
3.2372558140;0.0281175465;9.6426830568;1.6426947459
3.2471860465;-0.0294317353;9.9231893014;1.0659529076
3.2571162791;-0.0869810171;9.9280256160;0.4267307036
3.2670465116;-0.1205514315;9.4927573053;-0.1500111347
3.2769767442;-0.1637133929;9.1203610840;-0.6834973351
3.2869069767;-0.2356499952;8.9414174452;-1.0391548020
3.2968372093;-0.2356499952;8.8108369520;-1.3851999050
3.3067674419;-0.3555443323;8.8495274685;-1.5293853646
3.3166976744;-0.3219739179;8.9462537597;-1.6399275502
3.3266279070;-0.3459527853;9.1058521403;-1.6351213682
3.3365581395;-0.3939105202;9.4298852160;-1.5245791826
3.3464883721;-0.3891147467;9.6378467422;-1.2458206274
3.3564186047;-0.3795231997;9.7442456626;-0.8084580667
3.3663488372;-0.3267696914;9.7394093480;-0.2605533204
3.3762790698;-0.2788119566;9.6523556859;0.3161885179
3.3862093023;-0.2068753543;9.6330104277;0.9313798120
3.3961395349;-0.1733049399;9.5024299345;1.5129278323
3.4060697674;-0.0725936967;9.3621768121;2.0079645768
3.4160000000;-0.0102486414;9.2944684083;2.4453271375
3.4259302326;0.0137302260;9.3089773520;2.7769536945
3.4358604651;0.2343358064;9.3573404976;2.9355577000
3.4457906977;0.1528076571;9.4927573053;3.0605184316
3.4557209302;0.2247442594;9.4347215306;3.0172627938
3.4656511628;0.2487231268;9.6233377985;2.7000547827
3.4755813953;0.2487231268;9.7249004044;2.4116838636
3.4855116279;0.2870893147;10.0150792781;1.8830038452
3.4954418605;0.2583146738;10.1698413441;1.2630063690
3.5053720930;0.2151527124;10.4503475888;0.5613037992
3.5153023256;0.1576034306;10.6389638567;-0.1644296807
3.5252325581;0.0808710548;10.8372527538;-0.8949693425
3.5351627907;-0.0150444149;10.9097974723;-1.4957420907
3.5450930233;-0.0773894702;10.9097974723;-1.8706242855
3.5550232558;-0.1924880338;10.7888896082;-2.2887621183
3.5649534884;-0.2452415422;10.7501990917;-2.3848857580
3.5748837209;-0.2788119566;10.7018359461;-2.3993043039
3.5848139535;-0.3315654649;10.7550354063;-2.2503126624
3.5947441860;-0.3699316528;10.8179074956;-1.9138799234
3.6046744186;-0.3987062937;10.9243064160;-1.4428740888
3.6146046512;-0.4082978407;11.0839047965;-0.8853569785
3.6245348837;-0.4082978407;11.1612858295;-0.2509409564
3.6344651163;-0.3507485588;11.2096489752;0.4363430675
3.6443953488;-0.2692204096;11.0645595383;1.1044023635
3.6543255814;-0.2068753543;10.8372527538;1.6378885639
3.6642558140;-0.0917767906;10.3971481286;1.9887398489
3.6741860465;-0.0102486414;9.9715524471;2.1857933103
3.6841162791;0.1048499223;9.8167903811;2.3876529537
3.6940465116;0.1480118836;9.8603172121;2.1665685823
3.7039767442;0.2487231268;9.7974451228;2.0704449426
3.7139069767;0.3206597291;9.6185014840;1.7292060216
3.7238372093;0.3542301435;9.6378467422;1.3206805529
3.7337674419;0.3734132374;9.8941714141;0.7823881705
3.7436976744;0.3830047844;10.3342760393;0.2056463322
3.7536279070;0.3542301435;10.4503475888;-0.4431882358
3.7635581395;0.2822935412;10.1021329403;-1.0679918939
3.7734883721;0.2103569389;9.7490819772;-1.5197730006
3.7834186047;0.1671949776;9.8651535267;-1.9955850171
3.7933488372;0.1048499223;9.9135166723;-2.3368239381
3.8032790698;-0.0006570944;9.5798109675;-2.5050403076
3.8132093023;-0.0582063762;8.9607627034;-2.4425599418
3.8231395349;-0.1205514315;8.7044380316;-2.3608548480
3.8330697674;-0.2116711278;8.9510900743;-2.3127930282
3.8430000000;-0.2740161831;9.3718494413;-2.2214755705
3.8529302326;-0.3459527853;9.4202125869;-1.9090737414
3.8628604651;-0.3987062937;9.2461052626;-1.4717111807
3.8727906977;-0.4322767081;9.3041410374;-1.0343486200
3.8827209302;-0.4370724816;9.5362841364;-0.5393118755
3.8926511628;-0.4226851611;9.6958825170;-0.0250504031
3.9025813953;-0.3699316528;9.4879209908;0.5132419793
3.9125116279;-0.2979950505;9.1203610840;0.9361859940
3.9224418605;-0.2212626747;8.8108369520;1.2582001871
3.9323720930;-0.1589176194;8.7914916937;1.5657958341
3.9423023256;-0.0630021497;8.8688727267;1.7051751117
3.9522325581;0.0185259995;8.9317448160;1.7484307496
3.9621627907;0.1192372427;9.0139621636;1.5946329261
3.9720930233;0.1719907511;9.2944684083;1.4456412845
3.9820232558;0.2487231268;9.6668646296;1.1813012753
3.9919534884;0.3062724086;10.1263145131;0.7871943525
4.0018837209;0.3830047844;10.3439486684;0.3258008819
4.0118139535;0.3925963314;10.4503475888;-0.2509409564
4.0217441860;0.3494343700;10.4600202179;-0.7748147928
4.0316744186;0.3206597291;10.5035470490;-1.2938824473
4.0416046512;0.2774977677;10.5228923072;-1.6687646421
4.0515348837;0.1959696185;10.4648565325;-2.0244221091
4.0614651163;0.1240330162;10.3439486684;-2.2695373903
4.0713953488;0.0281175465;10.2568950063;-2.3848857580
4.0813255814;-0.0438190558;10.3052581519;-2.3800795760
4.0912558140;-0.1397345255;10.3487849830;-2.2407002984
4.1011860465;-0.2308542217;10.4164933868;-1.9619417432
4.1111162791;-0.3315654649;10.5277286218;-1.5438039105
4.1210465116;-0.4274809346;10.6728180587;-1.0295424381
4.1309767442;-0.4850302164;10.7840532936;-0.3999325979
4.1409069767;-0.5521710452;10.8033985519;0.2873514260
4.1508372093;-0.5569668187;10.6583091150;0.9121550841
4.1607674419;-0.4994175369;10.3971481286;1.4888969224
4.1706976744;-0.4418682550;10.1843502878;1.9070347551
4.1806279070;-0.3459527853;10.0537697946;2.1809871283
4.1905581395;-0.2596288626;10.0586061092;2.4309085915
4.2004883721;-0.1253472050;10.0150792781;2.2578860401
4.2104186047;-0.0486148293;10.0779513674;2.3107540419
4.2203488372;0.0377090935;10.3778028703;2.1040882165
4.2302790698;0.1240330162;10.6389638567;1.8445543893
4.2402093023;0.2151527124;10.9533243033;1.3927732827
4.2501395349;0.2918850882;11.0839047965;0.8688994462
4.2600697674;0.3254555026;11.1032500548;0.2873514260
4.2700000000;0.3542301435;10.8033985519;-0.2557471384
4.2799302326;0.3302512761;10.4890381053;-0.7075282450
4.2898604651;0.2966808617;10.3536212975;-1.0872166219
4.2997906977;0.2487231268;10.2810765791;-1.3803937230
4.3097209302;0.2103569389;10.0972966257;-1.5245791826
4.3196511628;0.1096456957;9.8119540665;-1.4957420907
4.3295813953;0.0185259995;9.6426830568;-1.4140369969
4.3395116279;-0.0773894702;9.9280256160;-1.2506268094
4.3494418605;-0.1685091664;10.1456597713;-0.9526435263
4.3593720930;-0.2548330891;10.0827876820;-0.5489242395
4.3693023256;-0.3171781444;9.6958825170;-0.0827245869
4.3792325581;-0.3843189732;9.3863583850;0.4555677955
4.3891627907;-0.4130936141;9.2847957791;0.9554107220
4.3990930233;-0.4610513490;9.1590516005;1.4168041926
4.4090232558;-0.4514598020;8.8640364122;1.8253296614
4.4189534884;-0.4226851611;8.5786938530;2.0800573066
4.4288837209;-0.4178893876;8.4287681015;2.3059478599
4.4388139535;-0.3603401058;8.5835301675;2.5366445952
4.4487441860;-0.2788119566;8.7286196044;2.6327682349
4.4586744186;-0.2308542217;8.7866553792;2.4837765934
4.4686046512;-0.1445302990;8.7189469753;2.3828467717
4.4785348837;-0.0438190558;8.8350185248;2.1377314904
4.4884651163;0.0185259995;8.9946169054;1.8589729353
4.4983953488;0.1000541488;9.1832331733;1.4600598305
4.5083255814;0.1767865245;9.2364326335;1.0130849058
4.5182558140;0.2295400329;9.2606142063;0.5180481613
4.5281860465;0.2822935412;9.4395578451;0.0662670546
4.5381162791;0.3206597291;9.6813735733;-0.3903202340
4.5480465116;0.3350470495;9.7974451228;-0.7844271568
4.5579767442;0.3206597291;9.8264630102;-0.8661322505
4.5679069767;0.2774977677;9.7539182917;-1.3323319031
4.5778372093;0.2343358064;9.9328619306;-1.3179133572
4.5877674419;0.1911738450;9.9473708743;-1.2938824473
4.5976976744;0.1048499223;9.9763887616;-1.1689217156
4.6076279070;0.0377090935;9.9908977053;-0.9190002524
4.6175581395;-0.0246359618;10.1069692548;-0.5537304215
4.6274883721;-0.1301429785;10.3391123538;-0.1788482266
4.6374186047;-0.2068753543;10.4793654762;0.3402194278
4.6473488372;-0.2788119566;10.5567465092;0.8256438084
4.6572790698;-0.3699316528;10.4745291616;1.3302929168
4.6672093023;-0.4035020672;10.3874754995;1.7292060216
4.6771395349;-0.4178893876;10.2472223771;2.0031583948
4.6870697674;-0.3843189732;10.1553324005;2.1905994923
4.6970000000;-0.4178893876;10.0150792781;2.3636220437
4.7069302326;-0.3267696914;10.0054066490;2.1569562184
4.7168604651;-0.2404457687;10.0247519073;2.0896696706
4.7267906977;-0.2020795808;10.1891866024;1.8205234794
4.7367209302;-0.1109598846;10.2907492082;1.4648660124
4.7466511628;-0.0150444149;10.5906007111;0.9554107220
4.7565813953;0.0520964139;10.7647080354;0.4507616135
4.7665116279;0.1432161101;10.9678332470;-0.1692358626
4.7764418605;0.2199484859;10.9775058761;-0.7171406090
4.7863720930;0.2631104473;10.9533243033;-1.1881464436
4.7963023256;0.3302512761;10.7840532936;-1.4428740888
4.8062325581;0.3158639556;10.8082348664;-1.8177562837
4.8161627907;0.3110681821;10.6583091150;-1.9763602892
4.8260930233;0.3206597291;10.5954370257;-1.9715541072
4.8360232558;0.2822935412;10.5760917674;-1.8562057396
4.8459534884;0.1911738450;10.5712554529;-1.6447337322
4.8558837209;0.1288287897;10.5712554529;-1.3755875410
4.8658139535;0.0760752814;10.6389638567;-0.9910929822
4.8757441860;-0.0198401884;10.5567465092;-0.5585366035
4.8856744186;-0.1157556581;10.3246034102;-0.1211740428
4.8956046512;-0.1589176194;10.1456597713;0.3258008819
4.9055348837;-0.2356499952;10.1504960859;0.7295201687
4.9154651163;-0.2979950505;10.0440971655;1.0515343617
4.9253953488;-0.3123823709;9.7394093480;1.2966496429
4.9353255814;-0.3219739179;9.2847957791;1.4071918286
4.9452558140;-0.3171781444;9.0381437364;1.4264165566
4.9551860465;-0.3411570119;9.0816705675;1.3447114628
4.9651162791;-0.3123823709;9.2074147461;1.2341692771
4.9750465116;-0.2788119566;9.1977421170;0.9842478139
4.9849767442;-0.2404457687;9.2122510607;0.6574274389
4.9949069767;-0.1781007134;9.3234862956;0.2777390620
5.0048372093;-0.1349387520;9.5991562257;-0.1644296807
5.0147674419;-0.0677979232;9.7442456626;-0.5729551494
5.0246976744;-0.0102486414;9.6039925403;-0.9622558903
5.0346279070;0.0568921874;9.4202125869;-1.3179133572
5.0445581395;0.1240330162;9.3863583850;-1.7072140980
5.0544883721;0.1528076571;9.4202125869;-1.8417871936
5.0644186047;0.2007653920;9.2993047228;-1.9667479252
5.0743488372;0.2103569389;9.2074147461;-1.9859726532
5.0842790698;0.2055611655;9.1010158257;-1.9090737414
5.0942093023;0.2151527124;9.2412689481;-1.9042675594
5.1041395349;0.2007653920;9.4782483617;-1.7745006458
5.1140697674;0.1767865245;9.6233377985;-1.5053544546
5.1240000000;0.1336245632;9.6910462024;-1.1737278976
5.1339302326;0.0808710548;9.7587546063;-0.8036518847
5.1438604651;0.0281175465;9.8699898412;-0.3614831421
5.1537906977;-0.0438190558;9.8796624704;0.0662670546
5.1637209302;-0.1157556581;9.7587546063;0.5036296153
5.1736511628;-0.1828964868;9.6039925403;0.8544809003
5.1835813953;-0.2452415422;9.5169388782;1.1236270915
5.1935116279;-0.2884035035;9.5701383383;1.3447114628
5.2034418605;-0.3171781444;9.6330104277;1.4648660124
5.2133720930;-0.3315654649;9.7152277752;1.5033154683
5.2233023256;-0.3843189732;9.8312993247;1.3831609187
5.2332325581;-0.4035020672;10.0634424238;1.2053321852
5.2431627907;-0.3795231997;10.3729665558;0.9217674481
5.2530930233;-0.3507485588;10.6583091150;0.5949470731
5.2630232558;-0.2836077300;10.8275801247;0.1912277863
5.2729534884;-0.2404457687;10.8952885286;-0.2701656843
5.2828837209;-0.0725936967;10.9436516742;-1.0679918939
5.2928139535;-0.0725936967;10.9436516742;-1.0679918939
5.3027441860;0.0185259995;10.8469253829;-1.4236493609
5.3126744186;0.1000541488;10.8033985519;-1.5870595484
5.3226046512;0.1384203367;10.7163448897;-1.6255090043
5.3325348837;0.1911738450;10.7356901480;-1.6255090043
5.3424651163;0.2055611655;10.7405264626;-1.5005482726
5.3523953488;0.2535189003;10.8420890684;-1.3034948112
5.3623255814;0.2247442594;10.8517616975;-0.9382249803
5.3722558140;0.2295400329;10.8759432703;-0.5200871476
5.3821860465;0.1815822980;10.8179074956;-0.0683060409
5.3921162791;0.1528076571;10.6921633169;0.4411492495
5.4020465116;0.0712795079;10.4600202179;0.8881241742
5.4119767442;0.0041386791;10.2182044898;1.3158743709
5.4219069767;-0.0677979232;10.0054066490;1.6475009279
5.4318372093;-0.1157556581;9.8796624704;1.9022285731
5.4417674419;-0.1733049399;9.7926088082;2.0464140327
5.4516976744;-0.2356499952;9.7345730335;2.0560263967
5.4616279070;-0.3267696914;9.7200640898;2.0319954867
5.4715581395;-0.3555443323;9.5846472820;1.8541667533
5.4814883721;-0.3747274263;9.7249004044;1.6859503838
5.4914186047;-0.3747274263;9.9618798179;1.4216103746
5.5013488372;-0.3699316528;9.9715524471;1.0563405437
5.5112790698;-0.3171781444;9.7200640898;0.6766521668
5.5212093023;-0.2692204096;9.6088288548;0.2873514260
5.5311395349;-0.2164669012;9.6910462024;-0.0875307689
5.5410697674;-0.1637133929;9.8506445830;-0.3903202340
5.5510000000;-0.0965725641;9.7249004044;-0.5969860594
5.5609302326;-0.0534106027;9.4879209908;-0.7700086108
5.5708604651;0.0137302260;9.3718494413;-0.8421013406
5.5807906977;0.0808710548;9.4008673286;-0.8613260686
5.5907209302;0.1048499223;9.5653020238;-0.7507838829
5.6006511628;0.1863780715;9.6088288548;-0.6162107873
5.6105813953;0.2199484859;9.2993047228;-0.3807078700
5.6205116279;0.2247442594;9.2122510607;-0.0731122229
5.6304418605;0.2391315798;9.2944684083;0.3113823359
5.6403720930;0.2487231268;9.4975936199;0.6670398028
5.6503023256;0.2295400329;9.3863583850;1.0371158157
5.6602325581;0.2007653920;9.2074147461;1.3687423727
5.6701627907;0.1480118836;9.0961795112;1.6619194738
5.6800930233;0.0904626018;9.1638879151;1.8974223911
5.6900232558;0.1096456957;9.2025784316;2.0079645768
5.6999534884;-0.0054528679;9.0526526801;2.0704449426
5.7098837209;-0.0725936967;8.8930542995;2.1040882165
5.7198139535;-0.1109598846;8.9946169054;2.0175769408
5.7297441860;-0.1733049399;9.1929058024;1.9166471191
5.7396744186;-0.2116711278;9.3718494413;1.6811442018
5.7496046512;-0.2548330891;9.4492304743;1.3831609187
5.7595348837;-0.2788119566;9.5846472820;1.0034725418
5.7694651163;-0.2884035035;9.8312993247;0.6285903470
5.7793953488;-0.2931992770;10.0344245364;0.2056463322
5.7893255814;-0.2692204096;10.1408234568;-0.2269100465
5.7992558140;-0.2404457687;10.0924603111;-0.5777613314
5.8091860465;-0.2020795808;10.1214781985;-0.8805507965
5.8191162791;-0.1253472050;10.2327134335;-1.0776042579
5.8290465116;-0.0725936967;10.4019844432;-1.2698515373
5.8389767442;0.0185259995;10.4648565325;-1.2217897175
5.8489069767;0.0473006404;10.5470738800;-1.1016351678
5.8588372093;0.1336245632;10.7066722606;-0.9045817064
5.8687674419;0.1863780715;10.8565980121;-0.6402416972
5.8786976744;0.2103569389;11.0210327072;-0.3086151402
5.8886279070;0.2727019942;11.0307053363;0.0662670546
5.8985581395;0.2727019942;10.9775058761;0.4988234333
5.9084883721;0.2631104473;10.8904522140;0.8448685363
5.9184186047;0.2631104473;10.8082348664;1.1861074573
5.9283488372;0.2247442594;10.6873270024;1.4504474665
5.9382790698;0.1719907511;10.5277286218;1.6090514720
5.9482093023;0.1240330162;10.4068207577;1.6907565658
5.9581395349;0.0808710548;10.3149307810;1.5369587422
5.9680697674;0.0185259995;10.2762402645;1.5129278323
5.9780000000;-0.0582063762;10.2665676354;1.2726187330
5.9879302326;-0.1157556581;10.2907492082;0.9361859940
5.9978604651;-0.2020795808;10.3584576121;0.5949470731
6.0077906977;-0.2308542217;10.3729665558;0.1575845124
6.0177209302;-0.2836077300;10.3971481286;-0.2845842303
6.0276511628;-0.2836077300;10.2955855228;-0.7267529730
6.0375813953;-0.3027908240;10.1553324005;-1.0631857120
6.0475116279;-0.2931992770;10.0054066490;-1.3467504491
6.0574418605;-0.2596288626;10.0779513674;-1.6927955521
6.0673720930;-0.2500373156;10.1021329403;-1.6591522782
6.0773023256;-0.2116711278;9.8796624704;-1.7216326440
6.0872325581;-0.1445302990;9.5653020238;-1.6495399142
6.0971627907;-0.0917767906;9.7587546063;-1.5438039105
6.1070930233;-0.0582063762;9.9957340199;-1.3755875410
6.1170232558;-0.0006570944;10.0295882218;-1.1304722598
6.1269534884;0.0329133200;9.7394093480;-0.7796209748
6.1368837209;0.0760752814;9.6475193714;-0.4528005998
6.1468139535;0.1240330162;9.7490819772;-0.1115616788
6.1567441860;0.1719907511;9.8119540665;0.2152586962
6.1666744186;0.1576034306;9.5749746529;0.5276605253
6.1766046512;0.1815822980;9.2509415772;0.7199078047
6.1865348837;0.1863780715;9.1348700277;0.8929303562
6.1964651163;0.1623992041;9.1929058024;0.9890539959
6.2063953488;0.1288287897;9.2074147461;1.0130849058
6.2163255814;0.0952583753;9.0768342529;0.9506045400
6.2262558140;0.0568921874;9.0139621636;0.8208376264
6.2361860465;-0.0150444149;9.1832331733;0.6382027109
6.2461162791;-0.0534106027;9.4298852160;0.3786688837
6.2560465116;-0.1301429785;9.5411204510;0.0758794186
6.2659767442;-0.1589176194;9.5314478218;-0.2605533204
6.2759069767;-0.2356499952;9.5072662490;-0.6065984233
6.2858372093;-0.2931992770;9.6571920005;-0.9045817064
6.2957674419;-0.3219739179;9.7394093480;-1.2217897175
6.3056976744;-0.3363612384;9.6765372587;-1.6351213682
6.3156279070;-0.3459527853;9.5556293947;-1.4620988168
6.3255581395;-0.3651358793;9.6136651694;-1.6927955521
6.3354883721;-0.3555443323;9.6910462024;-1.7024079160
6.3454186047;-0.3411570119;9.8216266956;-1.6303151862
6.3553488372;-0.3123823709;9.8312993247;-1.4957420907
6.3652790698;-0.2644246361;9.9570435034;-1.2986886292
6.3752093023;-0.2116711278;10.0972966257;-0.9910929822
6.3851395349;-0.1637133929;10.2472223771;-0.6306293333
6.3950697674;-0.1109598846;10.3246034102;-0.2365224104
6.4050000000;-0.0390232823;10.3004218373;0.1720030583
6.4149302326;0.0377090935;10.2859128937;0.5709161631
6.4248604651;0.0712795079;10.2907492082;0.9025427201
6.4347906977;0.1384203367;10.3197670956;1.2149445492
6.4447209302;0.1719907511;10.2568950063;1.4023856466
6.4546511628;0.1815822980;10.2617313208;1.5225401963
6.4645813953;0.1959696185;10.3100944665;1.4840907404
6.4745116279;0.1719907511;10.4890381053;1.4216103746
6.4844418605;0.1576034306;10.6438001713;1.3206805529
6.4943720930;0.1240330162;10.7453627771;0.9890539959
6.5043023256;0.0568921874;10.8517616975;0.7006830767
6.5142325581;0.0041386791;10.9097974723;0.3065761539
6.5241627907;-0.0725936967;10.9436516742;-0.0634998590
6.5340930233;-0.1349387520;10.9001248431;-0.4095449619
6.5440232558;-0.1781007134;10.8179074956;-0.7171406090
6.5539534884;-0.2404457687;10.6776543732;-0.9334187983
6.5638837209;-0.2788119566;10.5519101946;-1.0679918939
6.5738139535;-0.3027908240;10.4793654762;-1.2314020814
6.5837441860;-0.3411570119;10.3778028703;-1.1304722598
6.5936744186;-0.3747274263;10.2472223771;-0.8949693425
6.6036046512;-0.3747274263;10.1940229170;-0.7507838829
6.6135348837;-0.3459527853;10.1166418840;-0.4191573259
6.6234651163;-0.3075865975;10.0489334801;-0.1019493148
6.6333953488;-0.2452415422;9.9667161325;0.2729328800
6.6433255814;-0.1828964868;9.9715524471;0.6718459848
6.6532558140;-0.1109598846;9.9183529869;1.0371158157
6.6631860465;-0.0438190558;9.7539182917;1.3639361907
6.6731162791;0.0185259995;9.4202125869;1.6090514720
6.6830465116;0.0904626018;9.3089773520;1.8157172974
6.6929767442;0.1719907511;9.4637394180;1.8685852992
6.7029069767;0.1911738450;9.3573404976;1.9118409371
6.7128372093;0.2343358064;9.2074147461;1.8445543893
6.7227674419;0.2631104473;9.1445426568;1.7580431136
6.7326976744;0.2774977677;9.3234862956;1.6042452900
6.7426279070;0.2774977677;9.4443941597;1.3975794646
6.7525581395;0.2583146738;9.4540667888;1.1044023635
6.7624883721;0.2391315798;9.4395578451;0.7968067165
6.7724186047;0.1863780715;9.4057036432;0.4844048874
6.7823488372;0.1384203367;9.4830846762;0.1623906944
6.7922790698;0.0520964139;9.4685757325;-0.1019493148
6.8022093023;0.0041386791;9.3573404976;-0.3230336862
6.8121395349;-0.0486148293;9.2654505209;-0.4768315097
6.8220697674;-0.1061641111;9.3138136665;-0.5489242395
6.8320000000;-0.1541218459;9.3379952393;-0.5921798774
6.8419302326;-0.1828964868;9.3283226102;-0.5633427855
6.8518604651;-0.2356499952;9.3379952393;-0.4672191457
6.8617906977;-0.2452415422;9.4637394180;-0.2797780483
6.8717209302;-0.2740161831;9.5846472820;-0.0394689490
6.8816511628;-0.2548330891;9.6765372587;0.2392896061
6.8915813953;-0.2404457687;9.6765372587;0.5613037992
6.9015116279;-0.2068753543;9.6426830568;0.8544809003
6.9114418605;-0.1349387520;9.6523556859;1.1428518194
6.9213720930;-0.0869810171;9.6958825170;1.4312227385
6.9313023256;-0.0198401884;9.6813735733;1.6138576540
6.9412325581;0.0329133200;9.6813735733;1.7436245676
6.9511627907;0.1240330162;9.7103914607;1.7436245676
6.9610930233;0.2055611655;9.8312993247;1.7772678415
6.9710232558;0.2583146738;9.9570435034;1.7243998397
6.9809534884;0.3350470495;10.0295882218;1.5225401963
6.9908837209;0.3590259170;10.1311508276;1.2966496429
7.0008139535;0.3782090109;10.2955855228;0.9746354499
7.0107441860;0.3878005579;10.4406749597;0.6189779830
7.0206744186;0.3590259170;10.5712554529;0.2537081521
7.0306046512;0.3014766352;10.6147822839;-0.1500111347
7.0405348837;0.2247442594;10.6583091150;-0.4960562377
7.0504651163;0.1623992041;10.6776543732;-0.7652024288
7.0603953488;0.0568921874;10.6921633169;-1.0007053461
7.0703255814;-0.0246359618;10.7018359461;-1.1304722598
7.0802558140;-0.1013683376;10.7356901480;-1.2410144454
7.0901860465;-0.1733049399;10.6679817441;-1.1160537138
7.1001162791;-0.2404457687;10.7356901480;-1.0103177101
7.1100465116;-0.3267696914;10.7115085752;-0.8180704307
7.1199767442;-0.3603401058;10.7501990917;-0.5441180575
7.1299069767;-0.3891147467;10.6824906878;-0.2509409564
7.1398372093;-0.4082978407;10.6631454296;0.0999103285
7.1497674419;-0.3843189732;10.5809280820;0.3978936117
7.1596976744;-0.3267696914;10.4842017907;0.6910707128
7.1696279070;-0.2884035035;10.3632939267;0.9121550841
7.1795581395;-0.2164669012;10.2085318606;1.0755652716
7.1894883721;-0.1157556581;10.0876239966;1.1476580014
7.1994186047;-0.0582063762;9.9135166723;1.1716889113
7.2093488372;-0.0006570944;9.8409719539;1.0275034518
7.2192790698;0.0760752814;9.9908977053;0.9025427201
7.2292093023;0.1623992041;10.0247519073;0.6958768948
7.2391395349;0.1863780715;9.9280256160;0.4267307036
7.2490697674;0.2199484859;9.8458082684;0.1047165105
7.2590000000;0.2439273533;9.9425345597;-0.2365224104
7.2689302326;0.2295400329;10.0489334801;-0.5585366035
7.2788604651;0.2007653920;10.0054066490;-0.8517137046
7.2887906977;0.1623992041;9.7926088082;-1.0872166219
7.2987209302;0.0952583753;9.6378467422;-1.2746577193
7.3086511628;0.0425048670;9.5362841364;-1.4188431789
7.3185813953;-0.0198401884;9.5121025636;-1.4669049987
7.3285116279;-0.1061641111;9.5121025636;-1.4909359087
7.3384418605;-0.1781007134;9.4008673286;-1.4236493609
7.3483720930;-0.2404457687;9.3234862956;-1.2794639013
7.3583023256;-0.3315654649;9.2751231500;-1.0968289859
7.3682325581;-0.4130936141;9.3234862956;-0.9238064344
7.3781627907;-0.4754386694;9.3379952393;-0.6498540612
7.3880930233;-0.5186006308;9.2799594646;-0.3999325979
7.3980232558;-0.5329879513;9.3138136665;-0.1115616788
7.4079534884;-0.5521710452;9.3573404976;0.1623906944
7.4178837209;-0.5281921778;9.2606142063;0.3882812477
7.4278139535;-0.4850302164;9.0961795112;0.5757223451
7.4377441860;-0.4274809346;9.0961795112;0.7295201687
7.4476744186;-0.3603401058;9.2461052626;0.8208376264
7.4576046512;-0.2788119566;9.3573404976;0.8304499903
7.4675348837;-0.2356499952;9.3573404976;0.7535510786
7.4774651163;-0.1493260725;9.4202125869;0.6718459848
7.4873953488;-0.0582063762;9.6958825170;0.5180481613
7.4973255814;-0.0102486414;9.9376982451;0.2681266980
7.5072558140;0.0568921874;10.0731150529;0.0133990528
7.5171860465;0.0952583753;10.0827876820;-0.2365224104
7.5271162791;0.1288287897;10.0972966257;-0.5345056935
7.5370465116;0.1384203367;10.2665676354;-0.7892333388
7.5469767442;0.1432161101;10.3729665558;-1.0007053461
7.5569069767;0.1144414692;10.3342760393;-1.1977588075
7.5668372093;0.1000541488;10.2568950063;-1.2506268094
7.5767674419;0.0281175465;10.3052581519;-1.2746577193
7.5866976744;-0.0342275088;10.3971481286;-1.2650453553
7.5966279070;-0.1013683376;10.4600202179;-1.0776042579
7.6065581395;-0.1733049399;10.4648565325;-0.8757446145
7.6164883721;-0.2452415422;10.4455112742;-0.6402416972
7.6264186047;-0.3123823709;10.4890381053;-0.3278398682
7.6363488372;-0.3843189732;10.5519101946;0.0085928708
7.6462790698;-0.4274809346;10.4890381053;0.3594441558
7.6562093023;-0.4610513490;10.3632939267;0.6814583488
7.6661395349;-0.4562555755;10.2665676354;0.9986663598
7.6760697674;-0.4370724816;10.2327134335;1.2149445492
7.6860000000;-0.3795231997;10.2472223771;1.3735485547
7.6959302326;-0.3363612384;10.2472223771;1.4696721944
7.7058604651;-0.2788119566;10.1698413441;1.4071918286
7.7157906977;-0.1876922603;10.2955855228;1.3591300088
7.7257209302;-0.1157556581;10.3729665558;1.1957198213
7.7356511628;-0.0246359618;10.4987107344;0.9938601779
7.7455813953;0.0568921874;10.5325649364;0.7343263506
7.7555116279;0.1192372427;10.5277286218;0.4507616135
7.7654418605;0.1959696185;10.5325649364;0.1479721484
7.7753720930;0.2343358064;10.5228923072;-0.1163678608
7.7853023256;0.2774977677;10.4019844432;-0.3374522321
7.7952325581;0.3206597291;10.2182044898;-0.4864438737
7.8051627907;0.3110681821;9.9812250762;-0.5873736954
7.8150930233;0.2966808617;9.9183529869;-0.6114046053
7.8250232558;0.2727019942;10.0586061092;-0.5825675134
7.8349534884;0.2295400329;9.9667161325;-0.4864438737
7.8448837209;0.2007653920;9.8409719539;-0.3278398682
7.8548139535;0.1384203367;9.7974451228;-0.1211740428
7.8647441860;0.0808710548;9.8071177519;0.1383597844
7.8746744186;0.0329133200;9.8022814374;0.4315368856
7.8846046512;-0.0102486414;9.6958825170;0.7295201687
7.8945348837;-0.0390232823;9.3863583850;0.9506045400
7.9044651163;-0.0773894702;9.1880694879;1.1668827293
7.9143953488;-0.0917767906;9.0768342529;1.3735485547
7.9243255814;-0.1013683376;9.0623253092;1.5273463783
7.9342558140;-0.1013683376;9.0187984782;1.6186638360
7.9441860465;-0.0725936967;8.9655990180;1.6330823819
7.9541162791;-0.0630021497;8.9946169054;1.6138576540
7.9640465116;-0.0390232823;9.1058521403;1.5802143801
7.9739767442;0.0089344526;9.2557778918;1.4600598305
7.9839069767;0.0568921874;9.3138136665;1.2678125510
7.9938372093;0.1192372427;9.3476678685;1.0082787238
8.0037674419;0.1767865245;9.3476678685;0.8016128984
8.0136976744;0.2199484859;9.4298852160;0.5276605253
8.0236279070;0.2870893147;9.4879209908;0.2392896061
8.0335581395;0.3302512761;9.5459567655;-0.0202442211
8.0434883721;0.3638216905;9.5701383383;-0.2317162285
8.0534186047;0.3973921049;9.7345730335;-0.3566769601
8.0633488372;0.3925963314;9.8603172121;-0.4816376917
8.0732790698;0.3973921049;9.9522071888;-0.5248933296
8.0832093023;0.3925963314;10.0102429636;-0.5104747836
8.0931395349;0.3782090109;10.0731150529;-0.4383820538
8.1030697674;0.3254555026;10.1166418840;-0.3134213222
8.1130000000;0.2774977677;10.1504960859;-0.1307864068
8.1229302326;0.2295400329;10.1408234568;0.0999103285
8.1328604651;0.1719907511;10.1698413441;0.3498317918
8.1427906977;0.1240330162;10.1553324005;0.6285903470
8.1527209302;0.0568921874;10.2278771189;0.8592870823
8.1626511628;0.0137302260;10.2955855228;1.0899838176
8.1725813953;-0.0342275088;10.3052581519;1.2774249150
8.1825116279;-0.0821852437;10.2762402645;1.3783547367
8.1924418605;-0.0869810171;10.2810765791;1.4216103746
8.2023720930;-0.1205514315;10.2762402645;1.3831609187
8.2123023256;-0.1397345255;10.2907492082;1.2822310970
8.2222325581;-0.1253472050;10.3246034102;1.0707590896
8.2321627907;-0.1061641111;10.3729665558;0.8400623543
8.2420930233;-0.0917767906;10.4261660160;0.5805285271
8.2520232558;-0.0917767906;10.5132196781;0.2777390620
8.2619534884;-0.0534106027;10.6292912276;-0.0586936770
8.2718837209;-0.0246359618;10.7066722606;-0.3422584141
8.2818139535;-0.0102486414;10.7211812043;-0.6017922413
8.2917441860;0.0185259995;10.7115085752;-0.8421013406
8.3016744186;0.0377090935;10.6679817441;-0.9958991642
8.3116046512;0.0616879609;10.5954370257;-1.1448908057
8.3215348837;0.0616879609;10.5374012509;-1.1208598958
8.3314651163;0.0616879609;10.4890381053;-1.0391548020
8.3413953488;0.0520964139;10.4503475888;-0.9430311623
8.3513255814;0.0233217730;10.4164933868;-0.7363653369
8.3612558140;0.0041386791;10.4019844432;-0.5200871476
8.3711860465;-0.0294317353;10.3100944665;-0.2701656843
8.3811162791;-0.0630021497;10.2133681752;-0.0394689490
8.3910465116;-0.1013683376;10.0779513674;0.2344834241
8.4009767442;-0.1301429785;9.9376982451;0.4315368856
8.4109069767;-0.1972838073;9.7442456626;0.5997532550
8.4208372093;-0.2356499952;9.7539182917;0.7295201687
8.4307674419;-0.2692204096;9.7877724937;0.7920005345
8.4406976744;-0.3075865975;9.5507930801;0.7871943525
8.4506279070;-0.3747274263;9.3186499811;0.7295201687
8.4605581395;-0.3987062937;9.2944684083;0.6478150749
8.4704883721;-0.4130936141;9.4492304743;0.4940172514
8.4804186047;-0.4562555755;9.5653020238;0.3113823359
8.4903488372;-0.4754386694;9.4734120471;0.0710732366
8.5002790698;-0.4514598020;9.3428315539;-0.1692358626
8.5102093023;-0.4754386694;9.3525041830;-0.3759016880
8.5201395349;-0.4706428960;9.4395578451;-0.6065984233
8.5300697674;-0.4466640285;9.4637394180;-0.8228766127
8.5400000000;-0.4226851611;9.3138136665;-0.9814806182
8.5499302326;-0.3987062937;9.2267600044;-1.0920228039
8.5598604651;-0.3843189732;9.2364326335;-1.1593093517
8.5697906977;-0.3747274263;9.3331589248;-1.2121773535
8.5797209302;-0.3411570119;9.3766857558;-1.1689217156
8.5896511628;-0.3507485588;9.3718494413;-1.0583795300
8.5995813953;-0.3171781444;9.3911946995;-0.9238064344
8.6095116279;-0.2979950505;9.5217751927;-0.7507838829
8.6194418605;-0.2836077300;9.6233377985;-0.5489242395
8.6293720930;-0.2740161831;9.6136651694;-0.3038089582
8.6393023256;-0.2692204096;9.5314478218;-0.0683060409
8.6492325581;-0.2500373156;9.5314478218;0.2008401502
8.6591627907;-0.2548330891;9.6185014840;0.4315368856
8.6690930233;-0.2356499952;9.6958825170;0.6333965289
8.6790232558;-0.2404457687;9.6668646296;0.7775819885
8.6889534884;-0.2308542217;9.6910462024;0.8688994462
8.6988837209;-0.2452415422;9.7974451228;0.9121550841
8.7088139535;-0.2404457687;9.9473708743;0.8688994462
8.7187441860;-0.2979950505;10.0440971655;0.7823881705
8.7286744186;-0.2740161831;10.0537697946;0.6526212569
8.7386046512;-0.2931992770;10.1166418840;0.4844048874
8.7485348837;-0.3075865975;10.2568950063;0.2681266980
8.7584651163;-0.3123823709;10.4068207577;0.0133990528
8.7683953488;-0.3219739179;10.4696928470;-0.1932667726
8.7783255814;-0.3219739179;10.5132196781;-0.4095449619
8.7882558140;-0.3075865975;10.5374012509;-0.6065984233
8.7981860465;-0.3075865975;10.5712554529;-0.7459777009
8.8081162791;-0.2931992770;10.5615828237;-0.8132642487
8.8180465116;-0.2500373156;10.4745291616;-0.8132642487
8.8279767442;-0.2164669012;10.4213297014;-0.7603962469
8.8379069767;-0.1876922603;10.4551839034;-0.6402416972
8.8478372093;-0.1301429785;10.4987107344;-0.4768315097
8.8577674419;-0.0821852437;10.5470738800;-0.2749718663
8.8676976744;-0.0246359618;10.5374012509;-0.0346627670
8.8776279070;0.0137302260;10.4890381053;0.2633205161
8.8875581395;0.0712795079;10.4696928470;0.5180481613
8.8974883721;0.1480118836;10.4068207577;0.7583572606
8.9074186047;0.1815822980;10.3294397247;0.9602169040
8.9173488372;0.2343358064;10.1843502878;1.1188209095
8.9272790698;0.2583146738;10.0731150529;1.2341692771
8.9372093023;0.3014766352;10.0199155927;1.2918434610
8.9471395349;0.3206597291;10.0102429636;1.2918434610
8.9570697674;0.3206597291;10.0247519073;1.2245569132
8.9670000000;0.3158639556;9.9763887616;1.0851776356
8.9769302326;0.3110681821;9.9860613908;0.9313798120
8.9868604651;0.2966808617;10.0731150529;0.7535510786
8.9967906977;0.2487231268;10.0924603111;0.5468852532
9.0067209302;0.2343358064;9.8554808976;0.3354132458
9.0166511628;0.1959696185;9.6910462024;0.0999103285
9.0265813953;0.1767865245;9.8361356393;-0.0875307689
9.0365116279;0.1480118836;9.8119540665;-0.2221038645
9.0464418605;0.1336245632;9.5991562257;-0.3038089582
9.0563720930;0.1144414692;9.5459567655;-0.3759016880
9.0663023256;0.1192372427;9.5798109675;-0.3759016880
9.0762325581;0.1240330162;9.6475193714;-0.3470645961
9.0861627907;0.1432161101;9.6378467422;-0.2893904123
9.0960930233;0.1719907511;9.5314478218;-0.1500111347
9.1060232558;0.1863780715;9.4589031034;-0.0106318571
9.1159534884;0.2439273533;9.4395578451;0.2056463322
9.1258837209;0.2966808617;9.4830846762;0.3882812477
9.1358139535;0.3590259170;9.4443941597;0.5757223451
9.1457441860;0.3925963314;9.3525041830;0.7054892587
9.1556744186;0.4741244806;9.2847957791;0.8785118102
9.1656046512;0.5268779890;9.3621768121;1.0323096337
9.1755348837;0.5748357238;9.4830846762;1.1140147275
9.1854651163;0.6227934587;9.5024299345;1.1572703654
9.1953953488;0.6371807791;9.4637394180;1.1861074573
9.2053255814;0.6419765526;9.5121025636;1.1140147275
9.2152558140;0.6659554200;9.6620283150;0.9890539959
9.2251860465;0.6323850056;9.7394093480;0.8881241742
9.2351162791;0.5988145912;9.7684272354;0.7391325326
9.2450465116;0.5556526299;9.8264630102;0.5757223451
9.2549767442;0.4837160276;9.9522071888;0.3546379738
9.2649069767;0.4213709723;10.0102429636;0.1239412385
9.2748372093;0.3302512761;10.0489334801;-0.0634998590
9.2847674419;0.2487231268;10.1118055694;-0.2557471384
9.2946976744;0.1719907511;10.2036955461;-0.3999325979
9.3046279070;0.1048499223;10.2617313208;-0.5008624196
9.3145581395;0.0329133200;10.2955855228;-0.5489242395
9.3244883721;-0.0390232823;10.3052581519;-0.5393118755
9.3344186047;-0.0773894702;10.3197670956;-0.5104747836
9.3443488372;-0.1205514315;10.3536212975;-0.4047387799
9.3542790698;-0.1253472050;10.4551839034;-0.2509409564
9.3642093023;-0.1397345255;10.4938744199;-0.1115616788
9.3741395349;-0.1253472050;10.5035470490;0.0902979646
9.3840697674;-0.0773894702;10.5325649364;0.3065761539
9.3940000000;-0.0342275088;10.5760917674;0.5036296153
9.4039302326;0.0041386791;10.5857643966;0.6814583488
9.4138604651;0.0568921874;10.5519101946;0.7775819885
9.4237906977;0.1192372427;10.5228923072;0.8448685363
9.4337209302;0.1576034306;10.5035470490;0.8881241742
9.4436511628;0.1815822980;10.5083833635;0.8400623543
9.4535813953;0.2007653920;10.4406749597;0.7968067165
9.4635116279;0.2103569389;10.4406749597;0.6766521668
9.4734418605;0.2151527124;10.4551839034;0.5228543433
9.4833720930;0.1863780715;10.4503475888;0.3498317918
9.4933023256;0.1432161101;10.4455112742;0.1383597844
9.5032325581;0.0616879609;10.4019844432;-0.1067554968
9.5131627907;-0.0150444149;10.3584576121;-0.2701656843
9.5230930233;-0.0965725641;10.2955855228;-0.3951264160
9.5330232558;-0.1972838073;10.2085318606;-0.5441180575
9.5429534884;-0.3123823709;10.1263145131;-0.6498540612
9.5528837209;-0.4178893876;10.0102429636;-0.6834973351
9.5628139535;-0.5090090838;9.8844987849;-0.6738849711
9.5727441860;-0.6001287801;9.7635909209;-0.6306293333
9.5826744186;-0.6720653823;9.5943199112;-0.5152809656
9.5926046512;-0.7104315702;9.5411204510;-0.3855140520
9.6025348837;-0.7487977581;9.6910462024;-0.2653595024
9.6124651163;-0.7775723990;9.6813735733;-0.1211740428
9.6223953488;-0.7631850786;9.4105399578;0.0758794186
9.6323255814;-0.7392062111;9.2122510607;0.2585143341
9.6422558140;-0.7056357967;9.2751231500;0.3978936117
9.6521860465;-0.6912484763;9.4879209908;0.5324667072
9.6621162791;-0.6241076475;9.4008673286;0.6382027109
9.6720465116;-0.4706428960;9.0574889947;0.7102954407
9.6819767442;-0.4706428960;9.0574889947;0.7102954407
9.6919069767;-0.3315654649;9.3670131267;0.6718459848
9.7018372093;-0.2836077300;9.3041410374;0.5661099811
9.7117674419;-0.2836077300;9.3041410374;0.5661099811
9.7216976744;-0.2020795808;9.2315963189;0.2873514260
9.7316279070;-0.2068753543;9.4347215306;0.1479721484
9.7415581395;-0.1972838073;9.5749746529;-0.0058256751
9.7514883721;-0.2356499952;9.4492304743;-0.1500111347
9.7614186047;-0.2356499952;9.4492304743;-0.1500111347
9.7713488372;-0.2692204096;9.3766857558;-0.2653595024
9.7812790698;-0.3939105202;9.6717009442;-0.4768315097
9.7912093023;-0.4562555755;9.6475193714;-0.4816376917
9.8011395349;-0.4562555755;9.6475193714;-0.4816376917
9.8110697674;-0.5138048573;9.5169388782;-0.4912500557
9.8210000000;-0.5761499126;9.5314478218;-0.4431882358
9.8309302326;-0.6432907414;9.6910462024;-0.3566769601
9.8408604651;-0.6912484763;9.7684272354;-0.2557471384
9.8507906977;-0.7200231172;9.7442456626;-0.0923369509
9.8607209302;-0.7296146642;9.7297367189;0.0662670546
9.8706511628;-0.7296146642;9.7926088082;0.2537081521
9.8805813953;-0.6960442498;9.8990077286;0.4411492495
9.8905116279;-0.6480865149;9.9473708743;0.6141718010
9.9004418605;-0.5569668187;9.9280256160;0.7054892587
9.9103720930;-0.4754386694;9.9086803577;0.8304499903
9.9203023256;-0.3603401058;10.0344245364;0.8929303562
9.9302325581;-0.2596288626;10.1408234568;0.9073489021
9.9401627907;-0.1493260725;10.1891866024;0.8977365381
9.9500930233;-0.0150444149;10.2182044898;0.7920005345
9.9600232558;0.0856668283;10.3246034102;0.6910707128
9.9699534884;0.1911738450;10.4696928470;0.5564976172
9.9798837209;0.2583146738;10.6051096548;0.3882812477
9.9898139535;0.3110681821;10.6438001713;0.2056463322
9.9997441860;0.3398428230;10.6486364859;0.0133990528
10.0096744186;0.3542301435;10.7018359461;-0.1596234987
10.0196046512;0.3494343700;10.7211812043;-0.2893904123
10.0295348837;0.3158639556;10.6679817441;-0.3903202340
10.0394651163;0.2727019942;10.6002733402;-0.4383820538
10.0493953488;0.2151527124;10.5277286218;-0.4576067818
10.0593255814;0.1432161101;10.5132196781;-0.4335758718
10.0692558140;0.0904626018;10.4745291616;-0.3278398682
10.0791860465;0.0185259995;10.4164933868;-0.2461347744
10.0891162791;-0.0102486414;10.3681302412;-0.0971431329
10.0990465116;-0.0390232823;10.3149307810;0.0566546907
10.1089767442;-0.0534106027;10.2617313208;0.2296772422
10.1189069767;-0.0486148293;10.1504960859;0.3978936117
10.1288372093;-0.0342275088;10.0344245364;0.5613037992
10.1387674419;-0.0054528679;9.9086803577;0.6622336209
10.1486976744;0.0329133200;9.8312993247;0.7199078047
10.1586279070;0.1240330162;9.7684272354;0.7679696245
10.1685581395;0.1911738450;9.7055551461;0.7775819885
10.1784883721;0.2870893147;9.6571920005;0.7247139867
10.1884186047;0.3878005579;9.7587546063;0.6766521668
10.1983488372;0.4885118011;9.8554808976;0.5661099811
10.2082790698;0.5748357238;9.8167903811;0.4219245216
10.2182093023;0.6084061382;9.6668646296;0.2729328800
10.2281395349;0.6419765526;9.6281741131;0.0854917826
10.2380697674;0.7187089284;9.8216266956;-0.0827245869
10.2480000000;0.7283004753;9.9183529869;-0.2365224104
10.2579302326;0.7235047018;9.7007188315;-0.3807078700
10.2678604651;0.6899342875;9.4443941597;-0.4768315097
10.2777906977;0.6659554200;9.4685757325;-0.5393118755
10.2877209302;0.6419765526;9.6958825170;-0.6162107873
10.2976511628;0.6084061382;9.7200640898;-0.6162107873
10.3075813953;0.5412653094;9.5749746529;-0.5873736954
10.3175116279;0.4693287071;9.4734120471;-0.5248933296
10.3274418605;0.4165751988;9.6281741131;-0.4287696899
10.3373720930;0.3734132374;9.7635909209;-0.3086151402
10.3473023256;0.2966808617;9.6620283150;-0.1692358626
10.3572325581;0.2487231268;9.4879209908;-0.0298565851
10.3671627907;0.2199484859;9.4975936199;0.1335536024
10.3770930233;0.1719907511;9.6668646296;0.2921576080
10.3870232558;0.1576034306;9.7200640898;0.4267307036
10.3969534884;0.1576034306;9.6571920005;0.5228543433
10.4068837209;0.1576034306;9.6426830568;0.6045594370
10.4168139535;0.1528076571;9.7780998645;0.6478150749
10.4267441860;0.1576034306;9.9376982451;0.6478150749
10.4366744186;0.1911738450;9.9908977053;0.6045594370
10.4466046512;0.1863780715;9.9908977053;0.4747925234
10.4565348837;0.2151527124;10.0440971655;0.3786688837
10.4664651163;0.2487231268;10.1698413441;0.2200648782
10.4763953488;0.2631104473;10.2907492082;0.0422361447
10.4863255814;0.2774977677;10.3729665558;-0.1163678608
10.4962558140;0.2870893147;10.3681302412;-0.2845842303
10.5061860465;0.3014766352;10.4261660160;-0.4047387799
10.5161162791;0.2870893147;10.5567465092;-0.5345056935
10.5260465116;0.2774977677;10.6244549131;-0.6210169693
10.5359767442;0.2391315798;10.5954370257;-0.6498540612
10.5459069767;0.2103569389;10.5567465092;-0.6594664252
10.5558372093;0.1528076571;10.5374012509;-0.6017922413
10.5657674419;0.1096456957;10.5712554529;-0.4912500557
10.5756976744;0.0473006404;10.5615828237;-0.3710955060
10.5856279070;-0.0246359618;10.4503475888;-0.2076853185
10.5955581395;-0.0725936967;10.4116570723;-0.0490813130
10.6054883721;-0.1349387520;10.4310023305;0.1816154223
10.6154186047;-0.1972838073;10.4068207577;0.3642503378
10.6253488372;-0.2452415422;10.3294397247;0.5613037992
10.6352790698;-0.2884035035;10.2375497480;0.6958768948
10.6452093023;-0.3267696914;10.2085318606;0.7968067165
10.6551395349;-0.3507485588;10.1601687150;0.8496747183
10.6650697674;-0.3459527853;10.1021329403;0.8929303562
10.6750000000;-0.3699316528;10.0247519073;0.8352561723
10.6849302326;-0.3747274263;10.0199155927;0.7679696245
10.6948604651;-0.3315654649;10.0150792781;0.6910707128
10.7047906977;-0.3459527853;10.0247519073;0.5420790712
10.7147209302;-0.3219739179;9.9570435034;0.4026997936
10.7246511628;-0.3171781444;9.9135166723;0.2344834241
10.7345813953;-0.2979950505;9.9280256160;0.0710732366
10.7445116279;-0.2884035035;9.9086803577;-0.0490813130
10.7544418605;-0.2740161831;9.8071177519;-0.1740420446
10.7643720930;-0.2836077300;9.7103914607;-0.2269100465
10.7743023256;-0.2740161831;9.7249004044;-0.2749718663
10.7842325581;-0.2979950505;9.7297367189;-0.3134213222
10.7941627907;-0.3075865975;9.5943199112;-0.2701656843
10.8040930233;-0.3363612384;9.4250489015;-0.2076853185
10.8140232558;-0.3555443323;9.3863583850;-0.1067554968
10.8239534884;-0.3843189732;9.4298852160;0.0326237808
10.8338837209;-0.4226851611;9.3960310141;0.1816154223
10.8438139535;-0.4274809346;9.2896320937;0.3642503378
10.8537441860;-0.4562555755;9.2364326335;0.5324667072
10.8636744186;-0.4562555755;9.2315963189;0.6814583488
10.8736046512;-0.4562555755;9.2267600044;0.8256438084
10.8835348837;-0.4706428960;9.1832331733;0.9361859940
10.8934651163;-0.4610513490;9.1203610840;1.0130849058
10.9033953488;-0.4802344429;9.1058521403;1.0803714536
10.9133255814;-0.4514598020;9.1783968588;1.1188209095
10.9232558140;-0.4514598020;9.2219236898;1.0755652716
10.9331860465;-0.4418682550;9.2315963189;1.0323096337
10.9431162791;-0.4130936141;9.2654505209;0.9265736301
10.9530465116;-0.4082978407;9.3621768121;0.8064190804
10.9629767442;-0.3891147467;9.4734120471;0.6718459848
10.9729069767;-0.3507485588;9.5411204510;0.5516914352
10.9828372093;-0.3123823709;9.5846472820;0.3834750657
10.9927674419;-0.2979950505;9.7152277752;0.2056463322
11.0026976744;-0.2548330891;9.8167903811;0.0566546907
11.0126279070;-0.2500373156;9.8699898412;-0.0827245869
11.0225581395;-0.2020795808;9.9038440432;-0.1740420446
11.0324883721;-0.1828964868;9.9618798179;-0.2317162285
11.0424186047;-0.1733049399;10.0682787383;-0.2509409564
11.0523488372;-0.1397345255;10.1311508276;-0.2269100465
11.0622790698;-0.1109598846;10.1553324005;-0.1692358626
11.0722093023;-0.0965725641;10.2278771189;-0.0683060409
11.0821395349;-0.0630021497;10.2907492082;0.0902979646
11.0920697674;-0.0534106027;10.3487849830;0.2248710602
11.1020000000;-0.0342275088;10.3778028703;0.3786688837
11.1119302326;-0.0150444149;10.3923118140;0.5228543433
11.1218604651;-0.0054528679;10.4116570723;0.6862645308
11.1317906977;0.0185259995;10.4164933868;0.7583572606
11.1417209302;0.0473006404;10.4164933868;0.8592870823
11.1516511628;0.0377090935;10.4213297014;0.8881241742
11.1615813953;0.0473006404;10.3874754995;0.8737056282
11.1715116279;0.0664837344;10.3923118140;0.8304499903
11.1814418605;0.0856668283;10.3874754995;0.7535510786
11.1913720930;0.0856668283;10.4068207577;0.6189779830
11.2013023256;0.0904626018;10.4261660160;0.4699863414
11.2112325581;0.1240330162;10.4455112742;0.2873514260
11.2211627907;0.1144414692;10.4503475888;0.1095226925
11.2310930233;0.1000541488;10.4648565325;-0.0971431329
11.2410232558;0.1240330162;10.4261660160;-0.2557471384
11.2509534884;0.1336245632;10.3971481286;-0.3951264160
11.2608837209;0.1144414692;10.3391123538;-0.5008624196
11.2708139535;0.1336245632;10.2423860626;-0.5873736954
11.2807441860;0.1384203367;10.2133681752;-0.6450478792
11.2906744186;0.1480118836;10.1795139733;-0.6258231513
11.3006046512;0.1576034306;10.1456597713;-0.5681489674
11.3105348837;0.1815822980;10.0972966257;-0.5008624196
11.3204651163;0.1959696185;10.0634424238;-0.4287696899
11.3303953488;0.2199484859;10.0054066490;-0.2941965943
11.3403255814;0.2391315798;9.9183529869;-0.1836544086
11.3502558140;0.2679062208;9.8409719539;-0.0538874950
11.3601860465;0.2679062208;9.8071177519;0.0806856006
11.3701162791;0.3110681821;9.8264630102;0.1960339683
11.3800465116;0.3158639556;9.7297367189;0.2921576080
11.3899767442;0.3206597291;9.4685757325;0.3642503378
11.3999069767;0.3398428230;9.4927573053;0.3882812477
11.4098372093;0.3446385965;9.7103914607;0.3882812477
11.4197674419;0.3590259170;9.7055551461;0.3498317918
11.4296976744;0.3494343700;9.4589031034;0.2681266980
11.4396279070;0.3062724086;9.3911946995;0.1864216043
11.4495581395;0.2774977677;9.5314478218;0.0422361447
11.4594883721;0.2870893147;9.6958825170;-0.0683060409
11.4694186047;0.2391315798;9.6039925403;-0.2124915005
11.4793488372;0.2055611655;9.4492304743;-0.3326460502
11.4892790698;0.1767865245;9.4250489015;-0.4576067818
11.4992093023;0.1719907511;9.5943199112;-0.6017922413
11.5091395349;0.1432161101;9.7152277752;-0.6883035171
11.5190697674;0.1048499223;9.6426830568;-0.7748147928
11.5290000000;0.0760752814;9.5798109675;-0.7748147928
11.5389302326;0.0808710548;9.6958825170;-0.7988457027
11.5488604651;0.0329133200;9.8264630102;-0.7844271568
11.5587906977;0.0329133200;9.8361356393;-0.7219467910
11.5687209302;0.0473006404;9.7732635500;-0.6017922413
11.5786511628;0.0233217730;9.7926088082;-0.4720253277
11.5885813953;0.0329133200;9.8844987849;-0.3518707781
11.5985116279;0.0185259995;9.9860613908;-0.1980729546
11.6084418605;0.0473006404;9.9763887616;-0.0442751310
11.6183720930;0.0664837344;9.9715524471;0.0902979646
11.6283023256;0.0856668283;10.0199155927;0.2344834241
11.6382325581;0.0904626018;10.1504960859;0.3738627017
11.6481627907;0.1000541488;10.1940229170;0.4555677955
11.6580930233;0.1144414692;10.2085318606;0.4892110694
11.6680232558;0.1000541488;10.2133681752;0.5132419793
11.6779534884;0.1000541488;10.2665676354;0.4892110694
11.6878837209;0.1048499223;10.3681302412;0.4171183396
11.6978139535;0.0856668283;10.4116570723;0.3065761539
11.7077441860;0.0520964139;10.4213297014;0.2104525142
11.7176744186;0.0089344526;10.4745291616;0.0662670546
11.7276046512;-0.0102486414;10.5180559927;-0.0634998590
11.7375348837;-0.0438190558;10.5567465092;-0.1836544086
11.7474651163;-0.0965725641;10.5422375655;-0.2845842303
11.7573953488;-0.1541218459;10.5083833635;-0.3518707781
11.7673255814;-0.1828964868;10.4551839034;-0.3999325979
11.7772558140;-0.2116711278;10.4164933868;-0.4191573259
11.7871860465;-0.2548330891;10.3632939267;-0.3903202340
11.7971162791;-0.2884035035;10.3439486684;-0.3230336862
11.8070465116;-0.3075865975;10.3004218373;-0.2317162285
11.8169767442;-0.3315654649;10.2375497480;-0.0971431329
11.8269069767;-0.3363612384;10.1795139733;0.0374299627
11.8368372093;-0.3219739179;10.1359871422;0.2200648782
11.8467674419;-0.2931992770;10.1021329403;0.3882812477
11.8566976744;-0.2740161831;10.0005703344;0.5420790712
11.8666279070;-0.2596288626;9.9425345597;0.6910707128
11.8765581395;-0.2356499952;9.8796624704;0.7823881705
11.8864883721;-0.2116711278;9.8361356393;0.8785118102
11.8964186047;-0.1781007134;9.7780998645;0.9265736301
11.9063488372;-0.1589176194;9.7249004044;0.9457983580
11.9162790698;-0.1397345255;9.6668646296;0.9602169040
11.9262093023;-0.1109598846;9.6281741131;0.9121550841
11.9361395349;-0.1013683376;9.5798109675;0.8448685363
11.9460697674;-0.1109598846;9.6523556859;0.7535510786
11.9560000000;-0.1013683376;9.7152277752;0.6670398028
11.9659302326;-0.1349387520;9.5991562257;0.5516914352
11.9758604651;-0.1493260725;9.4685757325;0.4171183396
11.9857906977;-0.1493260725;9.4298852160;0.3113823359
11.9957209302;-0.1828964868;9.4879209908;0.2104525142
12.0056511628;-0.2260584482;9.4637394180;0.1431659664
12.0155813953;-0.2596288626;9.4008673286;0.0999103285
12.0255116279;-0.2836077300;9.3283226102;0.0662670546
12.0354418605;-0.2979950505;9.3283226102;0.0662670546
12.0453720930;-0.3219739179;9.3815220704;0.1431659664
12.0553023256;-0.3555443323;9.3863583850;0.1864216043
12.0652325581;-0.3507485588;9.3331589248;0.2681266980
12.0751627907;-0.3555443323;9.2993047228;0.3786688837
12.0850930233;-0.3459527853;9.3331589248;0.4940172514
12.0950232558;-0.3315654649;9.3863583850;0.6237841650
12.1049534884;-0.3027908240;9.3911946995;0.7343263506
12.1148837209;-0.2692204096;9.3863583850;0.8160314444
12.1248139535;-0.2116711278;9.4153762723;0.9025427201
12.1347441860;-0.1781007134;9.5024299345;0.9746354499
12.1446744186;-0.1349387520;9.6281741131;1.0371158157
12.1546046512;-0.0773894702;9.6426830568;1.0371158157
12.1645348837;-0.0246359618;9.6668646296;1.0082787238
12.1744651163;0.0041386791;9.7297367189;0.9698292679
12.1843953488;0.0377090935;9.8264630102;0.8737056282
12.1943255814;0.0568921874;9.9038440432;0.7583572606
12.2042558140;0.0904626018;9.9570435034;0.6333965289
12.2141860465;0.1096456957;10.0054066490;0.4747925234
12.2241162791;0.1144414692;10.1021329403;0.3258008819
12.2340465116;0.1096456957;10.2230408043;0.2008401502
12.2439767442;0.0952583753;10.3100944665;0.0806856006
12.2539069767;0.0712795079;10.3487849830;-0.0490813130
12.2638372093;0.0568921874;10.3632939267;-0.1500111347
12.2737674419;0.0329133200;10.4164933868;-0.2076853185
12.2836976744;0.0089344526;10.4600202179;-0.2221038645
12.2936279070;-0.0294317353;10.4600202179;-0.2172976825
12.3035581395;-0.0534106027;10.4503475888;-0.1596234987
12.3134883721;-0.0821852437;10.4842017907;-0.1019493148
12.3234186047;-0.1013683376;10.4890381053;0.0326237808
12.3333488372;-0.0869810171;10.4745291616;0.1191350565
12.3432790698;-0.1013683376;10.4696928470;0.2489019701
12.3532093023;-0.0869810171;10.4842017907;0.3546379738
12.3631395349;-0.0677979232;10.4310023305;0.4267307036
12.3730697674;-0.0438190558;10.3874754995;0.5036296153
12.3830000000;-0.0246359618;10.3487849830;0.5805285271
12.3929302326;0.0089344526;10.3197670956;0.5564976172
12.4028604651;0.0520964139;10.2665676354;0.5180481613
12.4127906977;0.0808710548;10.2278771189;0.4844048874
12.4227209302;0.1336245632;10.1988592315;0.3978936117
12.4326511628;0.1719907511;10.1843502878;0.2777390620
12.4425813953;0.2007653920;10.1650050296;0.1671968763
12.4525116279;0.2391315798;10.1021329403;0.0037866888
12.4624418605;0.2487231268;10.0972966257;-0.1644296807
12.4723720930;0.2487231268;10.0876239966;-0.2701656843
12.4823023256;0.2535189003;10.0731150529;-0.4143511439
12.4922325581;0.2535189003;10.0295882218;-0.5393118755
12.5021627907;0.2343358064;9.9522071888;-0.5969860594
12.5120930233;0.2151527124;9.8748261558;-0.6738849711
12.5220232558;0.1911738450;9.8216266956;-0.6834973351
12.5319534884;0.1576034306;9.8022814374;-0.6979158811
12.5418837209;0.1336245632;9.8071177519;-0.6690787891
12.5518139535;0.1000541488;9.7829361791;-0.6017922413
12.5617441860;0.0712795079;9.6910462024;-0.5104747836
12.5716744186;0.0281175465;9.5604657092;-0.4143511439
12.5816046512;-0.0006570944;9.4492304743;-0.3230336862
12.5915348837;-0.0294317353;9.5846472820;-0.1884605906
12.6014651163;-0.0294317353;9.7249004044;-0.1067554968
12.6113953488;-0.0582063762;9.5701383383;-0.0106318571
12.6213255814;-0.0486148293;9.3138136665;0.0854917826
12.6312558140;-0.0582063762;9.2799594646;0.1431659664
12.6411860465;-0.0677979232;9.4589031034;0.1960339683
12.6511162791;-0.0390232823;9.5459567655;0.1864216043
12.6610465116;-0.0390232823;9.4347215306;0.1479721484
12.6709767442;-0.0006570944;9.3718494413;0.1239412385
12.6809069767;-0.0006570944;9.5362841364;0.0182052348
12.6908372093;0.0329133200;9.7732635500;-0.0394689490
12.7007674419;0.0520964139;9.8554808976;-0.1644296807
12.7106976744;0.0712795079;9.7635909209;-0.2461347744
12.7206279070;0.0904626018;9.7345730335;-0.3710955060
12.7305581395;0.1096456957;9.8167903811;-0.4768315097
12.7404883721;0.1096456957;9.9618798179;-0.5537304215
12.7504186047;0.1048499223;9.9473708743;-0.6114046053
12.7603488372;0.1000541488;9.8990077286;-0.6354355152
12.7702790698;0.0856668283;9.9231893014;-0.6450478792
12.7802093023;0.0712795079;10.0634424238;-0.6690787891
12.7901395349;0.0568921874;10.1843502878;-0.6017922413
12.8000697674;0.0137302260;10.2182044898;-0.5441180575
12.8100000000;-0.0150444149;10.1456597713;-0.4143511439
12.8199302326;-0.0438190558;10.1795139733;-0.2990027763
12.8298604651;-0.0821852437;10.2375497480;-0.1692358626
12.8397906977;-0.1253472050;10.2762402645;-0.0106318571
12.8497209302;-0.1637133929;10.1891866024;0.1431659664
12.8596511628;-0.2068753543;10.1553324005;0.2681266980
12.8695813953;-0.2212626747;10.1698413441;0.4026997936
12.8795116279;-0.2404457687;10.2859128937;0.4940172514
12.8894418605;-0.2596288626;10.3391123538;0.5805285271
12.8993720930;-0.2596288626;10.3391123538;0.5949470731
12.9093023256;-0.2644246361;10.3052581519;0.5997532550
12.9192325581;-0.2500373156;10.3536212975;0.5805285271
12.9291627907;-0.2308542217;10.3778028703;0.5084357973
12.9390930233;-0.2116711278;10.3197670956;0.4219245216
12.9490232558;-0.1924880338;10.2859128937;0.3161885179
12.9589534884;-0.1541218459;10.3052581519;0.2152586962
12.9688837209;-0.1013683376;10.4261660160;0.1287474205
12.9788139535;-0.0965725641;10.4310023305;-0.0106318571
12.9887441860;-0.0773894702;10.3487849830;-0.0827245869
12.9986744186;-0.0534106027;10.2810765791;-0.1307864068
13.0086046512;-0.0342275088;10.2472223771;-0.1548173167
13.0185348837;-0.0246359618;10.2230408043;-0.1403987707
13.0284651163;-0.0294317353;10.1069692548;-0.0875307689
13.0383953488;-0.0246359618;10.0005703344;-0.0634998590
13.0483255814;-0.0438190558;9.9135166723;0.0854917826
13.0582558140;-0.0630021497;9.8651535267;0.2296772422
13.0681860465;-0.1013683376;9.8361356393;0.3017699719
13.0781162791;-0.1205514315;9.7490819772;0.4555677955
13.0880465116;-0.1541218459;9.6571920005;0.6333965289
13.0979767442;-0.1828964868;9.5604657092;0.7439387146
13.1079069767;-0.2116711278;9.5798109675;0.8785118102
13.1178372093;-0.2260584482;9.5894835966;0.9506045400
13.1277674419;-0.2548330891;9.5556293947;0.9986663598
13.1376976744;-0.2644246361;9.4057036432;1.0467281797
13.1476279070;-0.2596288626;9.3089773520;1.0419219977
13.1575581395;-0.2644246361;9.2509415772;1.0082787238
13.1674883721;-0.2308542217;9.3138136665;0.9457983580
13.1774186047;-0.2356499952;9.3476678685;0.8688994462
13.1873488372;-0.2164669012;9.2799594646;0.7968067165
13.1972790698;-0.2020795808;9.2654505209;0.6814583488
13.2072093023;-0.1685091664;9.3428315539;0.5805285271
13.2171395349;-0.1349387520;9.4443941597;0.4603739775
13.2270697674;-0.0917767906;9.4589031034;0.3354132458
13.2370000000;-0.0725936967;9.4298852160;0.2633205161
13.2469302326;-0.0342275088;9.4879209908;0.2008401502
13.2568604651;-0.0150444149;9.5701383383;0.1383597844
13.2667906977;0.0137302260;9.5943199112;0.1239412385
13.2767209302;0.0329133200;9.5556293947;0.1287474205
13.2866511628;0.0281175465;9.6185014840;0.1720030583
13.2965813953;0.0664837344;9.7055551461;0.2296772422
13.3065116279;0.0760752814;9.7490819772;0.2969637900
13.3164418605;0.0760752814;9.7732635500;0.3834750657
13.3263720930;0.0856668283;9.8119540665;0.4988234333
13.3363023256;0.0760752814;9.8990077286;0.5997532550
13.3462325581;0.0616879609;9.9473708743;0.7102954407
13.3561627907;0.0281175465;9.9570435034;0.7727758065
13.3660930233;0.0185259995;9.9376982451;0.8304499903
13.3760232558;-0.0102486414;9.9522071888;0.8785118102
13.3859534884;-0.0150444149;9.9667161325;0.8833179922
13.3958837209;-0.0198401884;10.0150792781;0.8688994462
13.4058139535;-0.0438190558;10.0537697946;0.8112252624
13.4157441860;-0.0677979232;10.0731150529;0.7295201687
13.4256744186;-0.0630021497;10.1311508276;0.6478150749
13.4356046512;-0.0677979232;10.2278771189;0.5468852532
13.4455348837;-0.0534106027;10.3391123538;0.3978936117
13.4554651163;-0.0582063762;10.3391123538;0.2537081521
13.4653953488;-0.0438190558;10.3874754995;0.1095226925
13.4753255814;-0.0294317353;10.4358386451;-0.0634998590
13.4852558140;-0.0246359618;10.4600202179;-0.1548173167
13.4951860465;0.0137302260;10.4648565325;-0.2557471384
13.5051162791;0.0377090935;10.4793654762;-0.3326460502
13.5150465116;0.0664837344;10.4164933868;-0.3518707781
13.5249767442;0.0952583753;10.4310023305;-0.3518707781
13.5349069767;0.1048499223;10.4503475888;-0.3134213222
13.5448372093;0.1432161101;10.4503475888;-0.2749718663
13.5547674419;0.1528076571;10.4406749597;-0.2076853185
13.5646976744;0.1719907511;10.4164933868;-0.0971431329
13.5746279070;0.1671949776;10.4019844432;0.0085928708
13.5845581395;0.1863780715;10.3632939267;0.1239412385
13.5944883721;0.1815822980;10.3004218373;0.2008401502
13.6044186047;0.1480118836;10.2182044898;0.2585143341
13.6143488372;0.1480118836;10.1214781985;0.3306070639
13.6242790698;0.1192372427;10.0102429636;0.3450256098
13.6342093023;0.1000541488;9.9425345597;0.3546379738
13.6441395349;0.0664837344;9.8844987849;0.2969637900
13.6540697674;0.0329133200;9.8071177519;0.2344834241
13.6640000000;0.0185259995;9.7732635500;0.1816154223
13.6739302326;0.0185259995;9.8264630102;0.0422361447
13.6838604651;-0.0198401884;9.8699898412;-0.0779184049
13.6937906977;-0.0390232823;9.8796624704;-0.1932667726
13.7037209302;-0.0438190558;9.7345730335;-0.3134213222
13.7136511628;-0.0630021497;9.5894835966;-0.3999325979
13.7235813953;-0.0582063762;9.5362841364;-0.5152809656
13.7335116279;-0.0630021497;9.5943199112;-0.6162107873
13.7434418605;-0.0677979232;9.6668646296;-0.6642726072
13.7533720930;-0.0630021497;9.5991562257;-0.6931096991
13.7633023256;-0.0582063762;9.4975936199;-0.7123344270
13.7732325581;-0.0294317353;9.5121025636;-0.6786911531
13.7831627907;-0.0246359618;9.5411204510;-0.6834973351
13.7930930233;-0.0054528679;9.6088288548;-0.5873736954
13.8030232558;0.0089344526;9.5991562257;-0.4912500557
13.8129534884;0.0281175465;9.5943199112;-0.4383820538
13.8228837209;0.0185259995;9.5991562257;-0.2941965943
13.8328139535;0.0329133200;9.6039925403;-0.2076853185
13.8427441860;0.0377090935;9.5314478218;-0.1019493148
13.8526744186;0.0425048670;9.5024299345;-0.0154380391
13.8626046512;0.0568921874;9.5798109675;0.0614608727
13.8725348837;0.0329133200;9.7249004044;0.1431659664
13.8824651163;0.0377090935;9.7587546063;0.1720030583
13.8923953488;0.0137302260;9.7684272354;0.1864216043
13.9023255814;-0.0102486414;9.7780998645;0.1768092403
13.9122558140;-0.0198401884;9.8458082684;0.1623906944
13.9221860465;-0.0486148293;9.9231893014;0.0806856006
13.9321162791;-0.0773894702;9.9473708743;-0.0010194931
13.9420465116;-0.1109598846;9.9715524471;-0.0875307689
13.9519767442;-0.1493260725;10.0150792781;-0.1596234987
13.9619069767;-0.1685091664;10.0440971655;-0.2701656843
13.9718372093;-0.2020795808;10.0924603111;-0.3182275042
13.9817674419;-0.2116711278;10.1553324005;-0.3710955060
13.9916976744;-0.2356499952;10.2423860626;-0.4239635079
14.0016279070;-0.2500373156;10.2714039500;-0.4576067818
14.0115581395;-0.2500373156;10.3100944665;-0.4768315097
14.0214883721;-0.2404457687;10.3052581519;-0.4239635079
14.0314186047;-0.2260584482;10.3004218373;-0.3326460502
14.0413488372;-0.2116711278;10.3004218373;-0.2557471384
14.0512790698;-0.1972838073;10.3149307810;-0.1548173167
14.0612093023;-0.1637133929;10.3439486684;-0.0394689490
14.0711395349;-0.1445302990;10.3294397247;0.1335536024
14.0810697674;-0.1109598846;10.3246034102;0.2681266980
14.0910000000;-0.0725936967;10.3052581519;0.3642503378
14.1009302326;-0.0821852437;10.3100944665;0.5084357973
14.1108604651;-0.0390232823;10.3004218373;0.5997532550
14.1207906977;-0.0438190558;10.3004218373;0.6526212569
14.1307209302;-0.0342275088;10.2568950063;0.7006830767
14.1406511628;-0.0390232823;10.2230408043;0.7054892587
14.1505813953;-0.0342275088;10.1456597713;0.6958768948
14.1605116279;-0.0438190558;10.1311508276;0.6622336209
14.1704418605;-0.0534106027;10.1359871422;0.6189779830
14.1803720930;-0.0821852437;10.1166418840;0.5324667072
14.1903023256;-0.0917767906;10.0827876820;0.4026997936
14.2002325581;-0.1205514315;10.0247519073;0.3402194278
14.2101627907;-0.1397345255;9.9957340199;0.2681266980
14.2200930233;-0.1685091664;9.9376982451;0.2104525142
14.2300232558;-0.1924880338;9.8844987849;0.1287474205
14.2399534884;-0.2116711278;9.8167903811;0.1239412385
14.2498837209;-0.2260584482;9.7684272354;0.1095226925
14.2598139535;-0.2356499952;9.7152277752;0.1095226925
14.2697441860;-0.2452415422;9.6475193714;0.1575845124
14.2796744186;-0.2308542217;9.5991562257;0.2344834241
14.2896046512;-0.2212626747;9.5604657092;0.2969637900
14.2995348837;-0.2164669012;9.5459567655;0.3930874297
14.3094651163;-0.1924880338;9.5217751927;0.4940172514
14.3193953488;-0.1541218459;9.4589031034;0.6285903470
14.3293255814;-0.1205514315;9.4395578451;0.7295201687
14.3392558140;-0.0917767906;9.4105399578;0.8064190804
14.3491860465;-0.0630021497;9.3621768121;0.8592870823
14.3591162791;-0.0246359618;9.3670131267;0.9409921760
14.3690465116;-0.0006570944;9.3428315539;0.9602169040
14.3789767442;0.0185259995;9.3670131267;0.9650230859
14.3889069767;0.0473006404;9.3766857558;0.9457983580
14.3988372093;0.0760752814;9.4105399578;0.9169612661
14.4087674419;0.0952583753;9.4395578451;0.8640932642
14.4186976744;0.1144414692;9.4395578451;0.8016128984
14.4286279070;0.1096456957;9.4927573053;0.7151016227
14.4385581395;0.1048499223;9.5653020238;0.6333965289
14.4484883721;0.0904626018;9.5991562257;0.5132419793
14.4584186047;0.0760752814;9.6330104277;0.4315368856
14.4683488372;0.0520964139;9.7200640898;0.3402194278
14.4782790698;0.0377090935;9.7974451228;0.2585143341
14.4882093023;0.0329133200;9.8699898412;0.2152586962
14.4981395349;0.0041386791;9.8990077286;0.1479721484
14.5080697674;-0.0294317353;9.9086803577;0.1239412385
14.5180000000;-0.0390232823;9.9715524471;0.1383597844
14.5279302326;-0.0486148293;10.0344245364;0.1287474205
14.5378604651;-0.0725936967;10.0634424238;0.1912277863
14.5477906977;-0.0677979232;10.0682787383;0.2585143341
14.5577209302;-0.0821852437;10.0634424238;0.2969637900
14.5676511628;-0.0677979232;10.0779513674;0.3594441558
14.5775813953;-0.0534106027;10.1553324005;0.4555677955
14.5875116279;-0.0294317353;10.2182044898;0.5372728892
14.5974418605;-0.0102486414;10.2327134335;0.5949470731
14.6073720930;0.0137302260;10.2617313208;0.6382027109
14.6173023256;0.0520964139;10.3681302412;0.6430088929
14.6272325581;0.0664837344;10.4019844432;0.6478150749
14.6371627907;0.1240330162;10.3632939267;0.6093656190
14.6470930233;0.1336245632;10.3197670956;0.5276605253
14.6570232558;0.1576034306;10.3632939267;0.4603739775
14.6669534884;0.1767865245;10.3584576121;0.3161885179
14.6768837209;0.1815822980;10.3536212975;0.2296772422
14.6868139535;0.1863780715;10.3439486684;0.1143288745
14.6967441860;0.1719907511;10.3826391849;-0.0250504031
14.7066744186;0.1576034306;10.3971481286;-0.1355925887
14.7166046512;0.1767865245;10.4019844432;-0.2365224104
14.7265348837;0.1480118836;10.3632939267;-0.2797780483
14.7364651163;0.1288287897;10.3681302412;-0.3662893240
14.7463953488;0.1000541488;10.3439486684;-0.3903202340
14.7563255814;0.0520964139;10.2955855228;-0.3759016880
14.7662558140;0.0137302260;10.1988592315;-0.3807078700
14.7761860465;-0.0054528679;10.0972966257;-0.3374522321
14.7861162791;-0.0246359618;10.0440971655;-0.2941965943
14.7960465116;-0.0630021497;10.0295882218;-0.2172976825
14.8059767442;-0.0821852437;9.9812250762;-0.1692358626
14.8159069767;-0.0965725641;9.9038440432;-0.0971431329
14.8258372093;-0.0917767906;9.8554808976;-0.0298565851
14.8357674419;-0.0869810171;9.8216266956;0.0085928708
14.8456976744;-0.0917767906;9.8071177519;0.0566546907
14.8556279070;-0.0821852437;9.7442456626;0.0999103285
14.8655581395;-0.0677979232;9.6620283150;0.1047165105
14.8754883721;-0.0438190558;9.6185014840;0.0758794186
14.8854186047;-0.0342275088;9.5991562257;0.0470423267
14.8953488372;-0.0150444149;9.5943199112;-0.0346627670
14.9052790698;0.0185259995;9.5991562257;-0.1019493148
14.9152093023;0.0329133200;9.6233377985;-0.1644296807
14.9251395349;0.0425048670;9.6185014840;-0.2365224104
14.9350697674;0.0568921874;9.6378467422;-0.2990027763
14.9450000000;0.0664837344;9.6475193714;-0.3710955060
14.9549302326;0.0760752814;9.6668646296;-0.4239635079
14.9648604651;0.0520964139;9.5943199112;-0.4912500557
14.9747906977;0.0712795079;9.5507930801;-0.5296995116
14.9847209302;0.0473006404;9.5556293947;-0.5441180575
14.9946511628;0.0185259995;9.6088288548;-0.5441180575
15.0045813953;-0.0054528679;9.5991562257;-0.5393118755
15.0145116279;-0.0246359618;9.5991562257;-0.5200871476
15.0244418605;-0.0486148293;9.6475193714;-0.4816376917
15.0343720930;-0.0821852437;9.7200640898;-0.4191573259
15.0443023256;-0.1109598846;9.7732635500;-0.3422584141
15.0542325581;-0.1445302990;9.7829361791;-0.2557471384
15.0641627907;-0.1733049399;9.7829361791;-0.1788482266
15.0740930233;-0.2068753543;9.7829361791;-0.1067554968
15.0840232558;-0.2404457687;9.8216266956;-0.0442751310
15.0939534884;-0.2500373156;9.8458082684;0.0614608727
15.1038837209;-0.2788119566;9.8458082684;0.1143288745
15.1138139535;-0.2788119566;9.8748261558;0.1623906944
15.1237441860;-0.2548330891;9.9570435034;0.2056463322
15.1336744186;-0.2548330891;10.0682787383;0.2104525142
15.1436046512;-0.2308542217;10.0924603111;0.2104525142
15.1535348837;-0.2164669012;10.1311508276;0.1912277863
15.1634651163;-0.1828964868;10.1504960859;0.1335536024
15.1733953488;-0.1349387520;10.2520586917;0.0951041466
15.1833255814;-0.1157556581;10.3004218373;0.0133990528
15.1932558140;-0.0965725641;10.3004218373;-0.0634998590
15.2031860465;-0.0869810171;10.3004218373;-0.0923369509
15.2131162791;-0.0486148293;10.3294397247;-0.1596234987
15.2230465116;-0.0390232823;10.3778028703;-0.1644296807
15.2329767442;-0.0294317353;10.4116570723;-0.1884605906
15.2429069767;-0.0150444149;10.4019844432;-0.1788482266
15.2528372093;-0.0198401884;10.3971481286;-0.1307864068
15.2627674419;-0.0438190558;10.3729665558;-0.1163678608
15.2726976744;-0.0486148293;10.3632939267;-0.0250504031
15.2826279070;-0.0630021497;10.3294397247;0.0566546907
15.2925581395;-0.0965725641;10.2423860626;0.1671968763
15.3024883721;-0.1253472050;10.1601687150;0.2633205161
15.3124186047;-0.1637133929;10.1311508276;0.3642503378
15.3223488372;-0.1972838073;10.0876239966;0.4747925234
15.3322790698;-0.2260584482;10.0295882218;0.5805285271
15.3422093023;-0.2356499952;9.9763887616;0.6285903470
15.3521395349;-0.2548330891;9.9618798179;0.6670398028
15.3620697674;-0.2644246361;9.9425345597;0.7151016227
15.3720000000;-0.2596288626;9.9086803577;0.7343263506
15.3819302326;-0.2500373156;9.8699898412;0.7343263506
15.3918604651;-0.2404457687;9.8216266956;0.7054892587
15.4017906977;-0.2116711278;9.7780998645;0.6814583488
15.4117209302;-0.1828964868;9.7297367189;0.6237841650
15.4216511628;-0.1637133929;9.7007188315;0.5805285271
15.4315813953;-0.1205514315;9.6668646296;0.4988234333
15.4415116279;-0.0869810171;9.6426830568;0.4267307036
15.4514418605;-0.0534106027;9.6233377985;0.4026997936
15.4613720930;-0.0342275088;9.6233377985;0.3209946999
15.4713023256;0.0089344526;9.6136651694;0.3209946999
15.4812325581;0.0185259995;9.6233377985;0.3113823359
15.4911627907;0.0425048670;9.6039925403;0.2825452440
15.5010930233;0.0664837344;9.5749746529;0.3161885179
15.5110232558;0.0712795079;9.5411204510;0.3450256098
15.5209534884;0.0952583753;9.5072662490;0.3978936117
15.5308837209;0.0808710548;9.4830846762;0.4651801594
15.5408139535;0.0712795079;9.4685757325;0.5180481613
15.5507441860;0.0568921874;9.4637394180;0.5853347091
15.5606744186;0.0568921874;9.4685757325;0.6670398028
15.5706046512;0.0281175465;9.4830846762;0.6910707128
15.5805348837;0.0185259995;9.5072662490;0.7535510786
15.5904651163;0.0041386791;9.5459567655;0.8112252624
15.6003953488;-0.0246359618;9.5314478218;0.8208376264
15.6103255814;-0.0150444149;9.5411204510;0.8496747183
15.6202558140;-0.0438190558;9.5653020238;0.8304499903
15.6301860465;-0.0390232823;9.6378467422;0.7920005345
15.6401162791;-0.0582063762;9.6523556859;0.7439387146
15.6500465116;-0.0582063762;9.6958825170;0.6958768948
15.6599767442;-0.0534106027;9.7345730335;0.6430088929
15.6699069767;-0.0582063762;9.8071177519;0.5661099811
15.6798372093;-0.0294317353;9.8941714141;0.4411492495
15.6897674419;-0.0150444149;9.9473708743;0.3450256098
15.6996976744;0.0137302260;10.0102429636;0.2825452440
15.7096279070;0.0233217730;10.0827876820;0.1960339683
15.7195581395;0.0664837344;10.1359871422;0.1335536024
15.7294883721;0.0904626018;10.1650050296;0.0662670546
15.7394186047;0.1288287897;10.2230408043;0.0374299627
15.7493488372;0.1384203367;10.2617313208;0.0230114168
15.7592790698;0.1576034306;10.3052581519;0.0566546907
15.7692093023;0.1815822980;10.3294397247;0.0662670546
15.7791395349;0.2055611655;10.3826391849;0.1143288745
15.7890697674;0.2007653920;10.3874754995;0.1864216043
15.7990000000;0.2055611655;10.4116570723;0.2152586962
15.8089302326;0.1719907511;10.4164933868;0.2537081521
15.8188604651;0.1719907511;10.4164933868;0.3017699719
15.8287906977;0.1576034306;10.4213297014;0.3738627017
15.8387209302;0.1240330162;10.3778028703;0.3834750657
15.8486511628;0.0952583753;10.3100944665;0.3930874297
15.8585813953;0.0568921874;10.3100944665;0.3594441558
15.8685116279;0.0281175465;10.2714039500;0.3306070639
15.8784418605;0.0089344526;10.2230408043;0.2969637900
15.8883720930;-0.0102486414;10.2085318606;0.2200648782
15.8983023256;-0.0342275088;10.2085318606;0.1912277863
15.9082325581;-0.0486148293;10.2036955461;0.0806856006
15.9181627907;-0.0582063762;10.1795139733;-0.0250504031
15.9280930233;-0.0630021497;10.1504960859;-0.1355925887
15.9380232558;-0.0773894702;10.1021329403;-0.2221038645
15.9479534884;-0.0630021497;10.0537697946;-0.2749718663
15.9578837209;-0.0534106027;10.0054066490;-0.3422584141
15.9678139535;-0.0534106027;9.9618798179;-0.3951264160
15.9777441860;-0.0390232823;9.9086803577;-0.4143511439
15.9876744186;-0.0294317353;9.8893350995;-0.4383820538
15.9976046512;-0.0054528679;9.8554808976;-0.4287696899
16.0075348837;0.0137302260;9.8458082684;-0.3999325979
16.0174651163;0.0377090935;9.8264630102;-0.3951264160
16.0273953488;0.0425048670;9.8119540665;-0.3278398682
16.0373255814;0.0760752814;9.7877724937;-0.2990027763
16.0472558140;0.0760752814;9.7394093480;-0.2365224104
16.0571860465;0.0904626018;9.7103914607;-0.2028791365
16.0671162791;0.0760752814;9.6668646296;-0.1403987707
16.0770465116;0.0712795079;9.6281741131;-0.1019493148
16.0869767442;0.0473006404;9.5749746529;-0.0683060409
16.0969069767;0.0377090935;9.5169388782;-0.0490813130
16.1068372093;0.0089344526;9.5314478218;-0.0346627670
16.1167674419;-0.0102486414;9.5411204510;-0.0442751310
16.1266976744;-0.0438190558;9.5701383383;-0.0490813130
16.1366279070;-0.0725936967;9.5459567655;-0.0683060409
16.1465581395;-0.0965725641;9.5411204510;-0.1259802248
16.1564883721;-0.1349387520;9.6039925403;-0.1548173167
16.1664186047;-0.1637133929;9.6233377985;-0.2028791365
16.1763488372;-0.1972838073;9.6136651694;-0.2701656843
16.1862790698;-0.2212626747;9.5846472820;-0.3230336862
16.1962093023;-0.2404457687;9.6620283150;-0.3614831421
16.2061395349;-0.2356499952;9.7249004044;-0.3951264160
16.2160697674;-0.2500373156;9.7442456626;-0.4287696899
16.2260000000;-0.2308542217;9.7635909209;-0.4335758718
16.2359302326;-0.2356499952;9.8119540665;-0.4095449619
16.2458604651;-0.2260584482;9.8941714141;-0.3999325979
16.2557906977;-0.2404457687;9.9425345597;-0.3759016880
16.2657209302;-0.2020795808;9.9231893014;-0.2941965943
16.2756511628;-0.1637133929;9.9328619306;-0.2749718663
16.2855813953;-0.1541218459;9.9763887616;-0.1932667726
16.2955116279;-0.1109598846;10.0537697946;-0.1259802248
16.3054418605;-0.0917767906;10.0634424238;-0.0394689490
16.3153720930;-0.0917767906;10.0731150529;0.0710732366
16.3253023256;-0.0534106027;10.1311508276;0.1527783304
16.3352325581;-0.0390232823;10.2036955461;0.2200648782
16.3451627907;-0.0630021497;10.2472223771;0.2777390620
16.3550930233;-0.0534106027;10.2568950063;0.3017699719
16.3650232558;-0.0582063762;10.2665676354;0.3402194278
16.3749534884;-0.0725936967;10.2762402645;0.3354132458
16.3848837209;-0.0821852437;10.2617313208;0.3450256098
16.3948139535;-0.1157556581;10.2714039500;0.2969637900
16.4047441860;-0.1349387520;10.2762402645;0.2585143341
16.4146744186;-0.1589176194;10.2955855228;0.2248710602
16.4246046512;-0.1876922603;10.3052581519;0.1864216043
16.4345348837;-0.2308542217;10.3197670956;0.1479721484
16.4444651163;-0.2500373156;10.3100944665;0.0902979646
16.4543953488;-0.2500373156;10.2714039500;0.0326237808
16.4643255814;-0.2644246361;10.2375497480;0.0278175988
16.4742558140;-0.2500373156;10.1795139733;0.0182052348
16.4841860465;-0.2500373156;10.1069692548;0.0710732366
16.4941162791;-0.2500373156;10.0344245364;0.1095226925
16.5040465116;-0.2452415422;10.0295882218;0.1575845124
16.5139767442;-0.2260584482;10.0199155927;0.2248710602
16.5239069767;-0.1828964868;9.9522071888;0.2969637900
16.5338372093;-0.1541218459;9.9038440432;0.3594441558
16.5437674419;-0.1301429785;9.8699898412;0.4747925234
16.5536976744;-0.0917767906;9.8844987849;0.5516914352
16.5636279070;-0.0725936967;9.8651535267;0.6189779830
16.5735581395;-0.0534106027;9.7732635500;0.6670398028
16.5834883721;-0.0150444149;9.7103914607;0.7151016227
16.5934186047;0.0089344526;9.7007188315;0.7487448966
16.6033488372;0.0185259995;9.6813735733;0.7775819885
16.6132790698;0.0281175465;9.6378467422;0.7727758065
16.6232093023;0.0520964139;9.5459567655;0.7535510786
16.6331395349;0.0520964139;9.5169388782;0.7439387146
16.6430697674;0.0616879609;9.5556293947;0.6910707128
16.6530000000;0.0712795079;9.5894835966;0.6430088929
16.6629302326;0.0281175465;9.5024299345;0.5949470731
16.6728604651;0.0329133200;9.4782483617;0.5372728892
16.6827906977;0.0041386791;9.5121025636;0.4988234333
16.6927209302;-0.0102486414;9.5266115073;0.4555677955
16.7026511628;-0.0150444149;9.4975936199;0.4123121576
16.7125813953;-0.0294317353;9.4782483617;0.3402194278
16.7225116279;-0.0534106027;9.5121025636;0.3402194278
16.7324418605;-0.0630021497;9.5556293947;0.3354132458
16.7423720930;-0.0630021497;9.5991562257;0.3402194278
16.7523023256;-0.0630021497;9.5556293947;0.3738627017
16.7622325581;-0.0677979232;9.5798109675;0.3834750657
16.7721627907;-0.0438190558;9.6475193714;0.4267307036
16.7820930233;-0.0438190558;9.6813735733;0.4747925234
16.7920232558;-0.0150444149;9.6765372587;0.5228543433
16.8019534884;-0.0054528679;9.6717009442;0.5516914352
16.8118837209;0.0233217730;9.7345730335;0.6141718010
16.8218139535;0.0616879609;9.8071177519;0.6430088929
16.8317441860;0.0808710548;9.8699898412;0.6670398028
16.8416744186;0.1048499223;9.8893350995;0.6670398028
16.8516046512;0.1480118836;9.9231893014;0.6766521668
16.8615348837;0.1528076571;10.0102429636;0.6718459848
16.8714651163;0.2007653920;10.0489334801;0.6237841650
16.8813953488;0.1911738450;10.0634424238;0.5709161631
16.8913255814;0.2055611655;10.0876239966;0.4988234333
16.9012558140;0.2007653920;10.1214781985;0.4315368856
16.9111860465;0.2151527124;10.1891866024;0.3113823359
16.9211162791;0.2007653920;10.2520586917;0.2440957881
16.9310465116;0.1719907511;10.2327134335;0.1768092403
16.9409767442;0.1671949776;10.2810765791;0.1047165105
16.9509069767;0.1480118836;10.3632939267;0.0470423267
16.9608372093;0.1096456957;10.4116570723;-0.0394689490
16.9707674419;0.0808710548;10.3923118140;-0.0586936770
16.9806976744;0.0568921874;10.3487849830;-0.0683060409
16.9906279070;0.0185259995;10.3536212975;-0.0827245869
17.0005581395;-0.0150444149;10.3826391849;-0.0731122229
17.0104883721;-0.0294317353;10.3778028703;-0.0490813130
17.0204186047;-0.0390232823;10.3052581519;-0.0106318571
17.0303488372;-0.0534106027;10.2665676354;0.0374299627
17.0402790698;-0.0438190558;10.2617313208;0.0806856006
17.0502093023;-0.0630021497;10.2665676354;0.1239412385
17.0601395349;-0.0438190558;10.2375497480;0.1383597844
17.0700697674;-0.0486148293;10.1795139733;0.1720030583
17.0800000000;-0.0054528679;10.1263145131;0.1912277863
17.0899302326;-0.0006570944;10.1263145131;0.1671968763
17.0998604651;0.0233217730;10.0876239966;0.1479721484
17.1097906977;0.0377090935;10.0102429636;0.1191350565
17.1197209302;0.0664837344;9.9812250762;0.0566546907
17.1296511628;0.0760752814;9.9667161325;-0.0154380391
17.1395813953;0.1048499223;9.9522071888;-0.0634998590
17.1495116279;0.1192372427;9.9231893014;-0.1259802248
17.1594418605;0.1096456957;9.8893350995;-0.2172976825
17.1693720930;0.1192372427;9.8603172121;-0.2461347744
17.1793023256;0.1096456957;9.8361356393;-0.3182275042
17.1892325581;0.0952583753;9.8264630102;-0.3470645961
17.1991627907;0.0568921874;9.7877724937;-0.3999325979
17.2090930233;0.0425048670;9.7345730335;-0.4383820538
17.2190232558;0.0185259995;9.7007188315;-0.4335758718
17.2289534884;-0.0246359618;9.6862098879;-0.4479944178
17.2388837209;-0.0438190558;9.6136651694;-0.4143511439
17.2488139535;-0.0677979232;9.6136651694;-0.4047387799
17.2587441860;-0.0965725641;9.5749746529;-0.3855140520
17.2686744186;-0.1349387520;9.5653020238;-0.3182275042
17.2786046512;-0.1685091664;9.5459567655;-0.2701656843
17.2885348837;-0.1876922603;9.5314478218;-0.2365224104
17.2984651163;-0.2164669012;9.5459567655;-0.1740420446
17.3083953488;-0.2260584482;9.5411204510;-0.1307864068
17.3183255814;-0.2596288626;9.5556293947;-0.0731122229
17.3282558140;-0.2404457687;9.5556293947;-0.0634998590
17.3381860465;-0.2356499952;9.5894835966;-0.0490813130
17.3481162791;-0.2356499952;9.6233377985;-0.0250504031
17.3580465116;-0.2068753543;9.6330104277;-0.0202442211
17.3679767442;-0.2020795808;9.6862098879;-0.0490813130
17.3779069767;-0.1589176194;9.7442456626;-0.0634998590
17.3878372093;-0.1541218459;9.8022814374;-0.0923369509
17.3977674419;-0.1349387520;9.8361356393;-0.1211740428
17.4076976744;-0.1061641111;9.8796624704;-0.1740420446
17.4176279070;-0.0869810171;9.9086803577;-0.1788482266
17.4275581395;-0.0773894702;9.9667161325;-0.2269100465
17.4374883721;-0.0677979232;10.0005703344;-0.2317162285
17.4474186047;-0.0534106027;10.0295882218;-0.2605533204
17.4573488372;-0.0534106027;10.0392608509;-0.2653595024
17.4672790698;-0.0677979232;10.0731150529;-0.2653595024
17.4772093023;-0.0773894702;10.1166418840;-0.2221038645
17.4871395349;-0.1253472050;10.1746776587;-0.2076853185
17.4970697674;-0.1493260725;10.1650050296;-0.1452049527
17.5070000000;-0.1349387520;10.1795139733;-0.0971431329
17.5169302326;-0.1828964868;10.2085318606;-0.0250504031
17.5268604651;-0.2164669012;10.2182044898;0.0710732366
17.5367906977;-0.2452415422;10.2085318606;0.1335536024
17.5467209302;-0.2500373156;10.1795139733;0.2392896061
17.5566511628;-0.2740161831;10.1746776587;0.2633205161
17.5665813953;-0.2740161831;10.1650050296;0.3209946999
17.5765116279;-0.2788119566;10.1650050296;0.3882812477
17.5864418605;-0.2788119566;10.1456597713;0.4026997936
17.5963720930;-0.2931992770;10.1504960859;0.4315368856
17.6063023256;-0.2740161831;10.1698413441;0.4363430675
17.6162325581;-0.2692204096;10.1504960859;0.4219245216
17.6261627907;-0.2212626747;10.1553324005;0.4171183396
17.6360930233;-0.1828964868;10.1214781985;0.3834750657
17.6460232558;-0.1445302990;10.0972966257;0.3354132458
17.6559534884;-0.1205514315;10.0924603111;0.3209946999
17.6658837209;-0.0773894702;10.0634424238;0.2825452440
17.6758139535;-0.0582063762;10.0634424238;0.2537081521
17.6857441860;-0.0342275088;10.0150792781;0.2344834241
17.6956744186;-0.0102486414;9.9812250762;0.2392896061
17.7056046512;-0.0102486414;9.9667161325;0.2296772422
17.7155348837;0.0137302260;9.9328619306;0.2537081521
17.7254651163;0.0185259995;9.8941714141;0.2777390620
17.7353953488;0.0185259995;9.8554808976;0.3258008819
17.7453255814;0.0281175465;9.8119540665;0.3930874297
17.7552558140;0.0185259995;9.7780998645;0.4411492495
17.7651860465;-0.0006570944;9.7055551461;0.4747925234
17.7751162791;-0.0198401884;9.6426830568;0.5661099811
17.7850465116;-0.0198401884;9.6136651694;0.5997532550
17.7949767442;-0.0438190558;9.6088288548;0.6526212569
17.8049069767;-0.0486148293;9.5556293947;0.6862645308
17.8148372093;-0.0677979232;9.4975936199;0.7295201687
17.8247674419;-0.0725936967;9.4782483617;0.7487448966
17.8346976744;-0.0773894702;9.4589031034;0.7439387146
17.8446279070;-0.0821852437;9.4685757325;0.7679696245
17.8545581395;-0.0725936967;9.4492304743;0.7343263506
17.8644883721;-0.0773894702;9.4492304743;0.7102954407
17.8744186047;-0.0534106027;9.4685757325;0.6766521668
17.8843488372;-0.0438190558;9.4927573053;0.6333965289
17.8942790698;-0.0342275088;9.5072662490;0.5997532550
17.9042093023;0.0089344526;9.5556293947;0.5420790712
17.9141395349;0.0329133200;9.5653020238;0.4892110694
17.9240697674;0.0760752814;9.6378467422;0.4219245216
17.9340000000;0.0904626018;9.7152277752;0.3930874297
17.9439302326;0.1240330162;9.7394093480;0.3498317918
17.9538604651;0.1336245632;9.7587546063;0.3113823359
17.9637906977;0.1767865245;9.7732635500;0.2969637900
17.9737209302;0.2007653920;9.8409719539;0.3161885179
17.9836511628;0.2055611655;9.8893350995;0.3258008819
17.9935813953;0.2151527124;9.9231893014;0.3209946999
18.0035116279;0.2247442594;9.9183529869;0.3450256098
18.0134418605;0.2295400329;10.0005703344;0.3594441558
18.0233720930;0.2103569389;10.0634424238;0.3978936117
18.0333023256;0.1863780715;10.0682787383;0.4507616135
18.0432325581;0.1863780715;10.0537697946;0.4699863414
18.0531627907;0.1815822980;10.0779513674;0.4747925234
18.0630930233;0.1432161101;10.1408234568;0.5180481613
18.0730232558;0.1192372427;10.1408234568;0.4892110694
18.0829534884;0.0904626018;10.1359871422;0.4940172514
18.0928837209;0.0425048670;10.1359871422;0.4507616135
18.1028139535;0.0233217730;10.2085318606;0.4315368856
18.1127441860;0.0185259995;10.2375497480;0.3642503378
18.1226744186;-0.0054528679;10.2617313208;0.3258008819
18.1326046512;-0.0246359618;10.2472223771;0.2440957881
18.1425348837;-0.0294317353;10.2810765791;0.2008401502
18.1524651163;-0.0198401884;10.3052581519;0.0951041466
18.1623953488;-0.0006570944;10.3100944665;0.0374299627
18.1723255814;-0.0102486414;10.2907492082;-0.0538874950
18.1822558140;0.0041386791;10.2907492082;-0.0731122229
18.1921860465;0.0281175465;10.2859128937;-0.1452049527
18.2021162791;0.0233217730;10.3149307810;-0.1740420446
18.2120465116;0.0712795079;10.3004218373;-0.1836544086
18.2219767442;0.0856668283;10.2472223771;-0.1836544086
18.2319069767;0.1096456957;10.2375497480;-0.1884605906
18.2418372093;0.1192372427;10.2568950063;-0.1740420446
18.2517674419;0.1480118836;10.1891866024;-0.1211740428
18.2616976744;0.1384203367;10.1359871422;-0.1067554968
18.2716279070;0.1432161101;10.0682787383;-0.0779184049
18.2815581395;0.1384203367;10.0295882218;-0.0490813130
18.2914883721;0.1096456957;10.0247519073;-0.0154380391
18.3014186047;0.0904626018;9.9618798179;-0.0010194931
18.3113488372;0.0712795079;9.8941714141;0.0182052348
18.3212790698;0.0233217730;9.8796624704;0.0230114168
18.3312093023;0.0137302260;9.8361356393;-0.0058256751
18.3411395349;-0.0150444149;9.7926088082;-0.0154380391
18.3510697674;-0.0630021497;9.7635909209;-0.0442751310
18.3610000000;-0.0773894702;9.7055551461;-0.0923369509
18.3709302326;-0.1061641111;9.6862098879;-0.1355925887
18.3808604651;-0.1541218459;9.7055551461;-0.1740420446
18.3907906977;-0.1685091664;9.6668646296;-0.2509409564
18.4007209302;-0.1924880338;9.6088288548;-0.2990027763
18.4106511628;-0.2116711278;9.5604657092;-0.3230336862
18.4205813953;-0.2260584482;9.5894835966;-0.3566769601
18.4305116279;-0.2212626747;9.6039925403;-0.3807078700
18.4404418605;-0.2308542217;9.5846472820;-0.3807078700
18.4503720930;-0.2212626747;9.5411204510;-0.4239635079
18.4603023256;-0.2020795808;9.6136651694;-0.4047387799
18.4702325581;-0.1924880338;9.6185014840;-0.3807078700
18.4801627907;-0.1781007134;9.6136651694;-0.3807078700
18.4900930233;-0.1589176194;9.6233377985;-0.3230336862
18.5000232558;-0.1301429785;9.6668646296;-0.2893904123
18.5099534884;-0.1253472050;9.7103914607;-0.2365224104
18.5198837209;-0.1061641111;9.7055551461;-0.1788482266
18.5298139535;-0.0917767906;9.7152277752;-0.1500111347
18.5397441860;-0.0821852437;9.7539182917;-0.0971431329
18.5496744186;-0.0821852437;9.7926088082;-0.0634998590
18.5596046512;-0.0821852437;9.8167903811;-0.0106318571
18.5695348837;-0.1013683376;9.8312993247;0.0230114168
18.5794651163;-0.1061641111;9.8844987849;0.0662670546
18.5893953488;-0.1205514315;9.8990077286;0.0758794186
18.5993255814;-0.1445302990;9.9473708743;0.0806856006
18.6092558140;-0.1637133929;9.9570435034;0.0326237808
18.6191860465;-0.1972838073;9.9715524471;0.0566546907
18.6291162791;-0.2164669012;10.0102429636;-0.0058256751
18.6390465116;-0.2356499952;10.0489334801;-0.0250504031
18.6489767442;-0.2788119566;10.0827876820;-0.0490813130
18.6589069767;-0.2836077300;10.0972966257;-0.0586936770
18.6688372093;-0.2979950505;10.0924603111;-0.0779184049
18.6787674419;-0.2931992770;10.1408234568;-0.1067554968
18.6886976744;-0.2884035035;10.1891866024;-0.0875307689
18.6986279070;-0.3075865975;10.1456597713;-0.0634998590
18.7085581395;-0.3027908240;10.1746776587;-0.0779184049
18.7184883721;-0.2884035035;10.1795139733;-0.0394689490
18.7284186047;-0.2596288626;10.1843502878;0.0374299627
18.7383488372;-0.2404457687;10.1891866024;0.0951041466
18.7482790698;-0.2212626747;10.1746776587;0.1479721484
18.7582093023;-0.1733049399;10.1698413441;0.2248710602
18.7681395349;-0.1541218459;10.1650050296;0.2873514260
18.7780697674;-0.1061641111;10.1698413441;0.3354132458
18.7880000000;-0.0773894702;10.1311508276;0.3930874297
18.7979302326;-0.0630021497;10.1214781985;0.4411492495
18.8078604651;-0.0390232823;10.1021329403;0.4892110694
18.8177906977;-0.0198401884;10.0779513674;0.5468852532
18.8277209302;-0.0102486414;10.0440971655;0.5420790712
18.8376511628;-0.0150444149;10.0199155927;0.5661099811
18.8475813953;-0.0054528679;9.9860613908;0.5564976172
18.8575116279;-0.0102486414;9.9618798179;0.5564976172
18.8674418605;-0.0150444149;9.9231893014;0.5228543433
18.8773720930;-0.0150444149;9.9135166723;0.5180481613
18.8873023256;-0.0438190558;9.8603172121;0.4603739775
18.8972325581;-0.0725936967;9.8506445830;0.4555677955
18.9071627907;-0.0773894702;9.7926088082;0.4075059756
18.9170930233;-0.0773894702;9.7587546063;0.3930874297
18.9270232558;-0.0869810171;9.7442456626;0.3690565197
18.9369534884;-0.0917767906;9.7200640898;0.3642503378
18.9468837209;-0.1013683376;9.6668646296;0.3738627017
18.9568139535;-0.0917767906;9.6233377985;0.3690565197
18.9667441860;-0.0773894702;9.5749746529;0.3834750657
18.9766744186;-0.0869810171;9.5507930801;0.4267307036
18.9866046512;-0.0438190558;9.5604657092;0.4603739775
18.9965348837;-0.0438190558;9.5459567655;0.4988234333
19.0064651163;-0.0246359618;9.5217751927;0.5372728892
19.0163953488;0.0185259995;9.5411204510;0.5805285271
19.0263255814;0.0520964139;9.5411204510;0.6333965289
19.0362558140;0.0952583753;9.5604657092;0.6430088929
19.0461860465;0.1144414692;9.5749746529;0.6382027109
19.0561162791;0.1480118836;9.5798109675;0.6766521668
19.0660465116;0.1719907511;9.6039925403;0.6718459848
19.0759767442;0.1863780715;9.6281741131;0.6670398028
19.0859069767;0.2199484859;9.6378467422;0.6766521668
19.0958372093;0.2391315798;9.6668646296;0.6237841650
19.1057674419;0.2487231268;9.7152277752;0.5949470731
19.1156976744;0.2583146738;9.7635909209;0.5709161631
19.1256279070;0.2343358064;9.8216266956;0.4844048874
19.1355581395;0.2295400329;9.8409719539;0.4315368856
19.1454883721;0.2391315798;9.8554808976;0.4123121576
19.1554186047;0.2103569389;9.9231893014;0.3402194278
19.1653488372;0.1767865245;9.9522071888;0.2921576080
19.1752790698;0.1528076571;9.9570435034;0.2633205161
19.1852093023;0.1432161101;9.9812250762;0.2296772422
19.1951395349;0.1000541488;10.0150792781;0.2152586962
19.2050697674;0.0712795079;10.0634424238;0.1960339683
19.2150000000;0.0616879609;10.0779513674;0.1864216043
19.2249302326;0.0377090935;10.0924603111;0.2152586962
19.2348604651;0.0185259995;10.1118055694;0.2248710602
19.2447906977;0.0089344526;10.1601687150;0.2392896061
19.2547209302;0.0089344526;10.2182044898;0.2392896061
19.2646511628;-0.0006570944;10.2085318606;0.2777390620
19.2745813953;0.0233217730;10.2085318606;0.2777390620
19.2845116279;0.0329133200;10.2375497480;0.2729328800
19.2944418605;0.0664837344;10.2859128937;0.2825452440
19.3043720930;0.0760752814;10.2568950063;0.3161885179
19.3143023256;0.0760752814;10.2375497480;0.2729328800
19.3242325581;0.0952583753;10.2810765791;0.2729328800
19.3341627907;0.1336245632;10.2810765791;0.2392896061
19.3440930233;0.1576034306;10.3004218373;0.1960339683
19.3540232558;0.1623992041;10.2714039500;0.1431659664
19.3639534884;0.1623992041;10.2859128937;0.0902979646
19.3738837209;0.1815822980;10.2762402645;0.0085928708
19.3838139535;0.1719907511;10.2472223771;-0.0442751310
19.3937441860;0.1528076571;10.2133681752;-0.0971431329
19.4036744186;0.1480118836;10.1698413441;-0.1452049527
19.4136046512;0.1240330162;10.1456597713;-0.1884605906
19.4235348837;0.0808710548;10.1118055694;-0.2076853185
19.4334651163;0.0425048670;10.0440971655;-0.2365224104
19.4433953488;0.0185259995;10.0295882218;-0.2557471384
19.4533255814;-0.0198401884;10.0054066490;-0.2509409564
19.4632558140;-0.0582063762;9.9522071888;-0.2461347744
19.4731860465;-0.0725936967;9.9038440432;-0.2365224104
19.4831162791;-0.1205514315;9.8699898412;-0.2172976825
19.4930465116;-0.1445302990;9.8554808976;-0.1884605906
19.5029767442;-0.1589176194;9.8071177519;-0.1548173167
19.5129069767;-0.1876922603;9.7539182917;-0.1500111347
19.5228372093;-0.2116711278;9.7055551461;-0.1211740428
19.5327674419;-0.2212626747;9.6910462024;-0.1067554968
19.5426976744;-0.2356499952;9.6813735733;-0.0971431329
19.5526279070;-0.2212626747;9.6426830568;-0.0731122229
19.5625581395;-0.1924880338;9.5943199112;-0.0875307689
19.5724883721;-0.1876922603;9.5943199112;-0.0971431329
19.5824186047;-0.1685091664;9.6330104277;-0.1067554968
19.5923488372;-0.1589176194;9.6523556859;-0.1307864068
19.6022790698;-0.1493260725;9.6039925403;-0.1548173167
19.6122093023;-0.1397345255;9.5846472820;-0.1932667726
19.6221395349;-0.1157556581;9.6233377985;-0.2028791365
19.6320697674;-0.1061641111;9.6426830568;-0.2365224104
19.6420000000;-0.1013683376;9.6765372587;-0.2701656843
19.6519302326;-0.1013683376;9.6620283150;-0.2749718663
19.6618604651;-0.0965725641;9.6668646296;-0.2893904123
19.6717906977;-0.1013683376;9.7007188315;-0.2941965943
19.6817209302;-0.1253472050;9.7394093480;-0.2990027763
19.6916511628;-0.1397345255;9.7442456626;-0.2941965943
19.7015813953;-0.1781007134;9.7587546063;-0.2605533204
19.7115116279;-0.1924880338;9.7587546063;-0.2413285924
19.7214418605;-0.2212626747;9.7974451228;-0.2076853185
19.7313720930;-0.2596288626;9.8071177519;-0.1596234987
19.7413023256;-0.2884035035;9.8022814374;-0.1115616788
19.7512325581;-0.3267696914;9.8216266956;-0.0683060409
19.7611627907;-0.3507485588;9.8748261558;0.0085928708
19.7710930233;-0.3555443323;9.9038440432;0.0614608727
19.7810232558;-0.3747274263;9.9038440432;0.1047165105
19.7909534884;-0.3891147467;9.9183529869;0.1143288745
19.8008837209;-0.3843189732;9.9522071888;0.1671968763
19.8108139535;-0.3747274263;10.0005703344;0.1960339683
19.8207441860;-0.3555443323;10.0295882218;0.1960339683
19.8306744186;-0.3075865975;10.0489334801;0.2008401502
19.8406046512;-0.2931992770;10.0682787383;0.1960339683
19.8505348837;-0.2500373156;10.1021329403;0.2104525142
19.8604651163;-0.2212626747;10.1408234568;0.1623906944
19.8703953488;-0.1733049399;10.1601687150;0.1383597844
19.8803255814;-0.1637133929;10.1746776587;0.1383597844
19.8902558140;-0.1205514315;10.1940229170;0.1287474205
19.9001860465;-0.0917767906;10.2036955461;0.0999103285
19.9101162791;-0.0677979232;10.2182044898;0.1047165105
19.9200465116;-0.0630021497;10.2182044898;0.1191350565
19.9299767442;-0.0582063762;10.1891866024;0.1287474205
19.9399069767;-0.0342275088;10.1698413441;0.1479721484
19.9498372093;-0.0534106027;10.1456597713;0.1912277863
19.9597674419;-0.0342275088;10.1214781985;0.2537081521
19.9696976744;-0.0677979232;10.0779513674;0.2729328800
19.9796279070;-0.0486148293;10.0489334801;0.3354132458
19.9895581395;-0.0725936967;10.0440971655;0.3882812477
19.9994883721;-0.0773894702;10.0054066490;0.4171183396
20.0094186047;-0.1013683376;9.9473708743;0.4699863414
20.0193488372;-0.0965725641;9.9376982451;0.4940172514
20.0292790698;-0.1253472050;9.9038440432;0.5949470731
20.0392093023;-0.1013683376;9.8748261558;0.6045594370
20.0491395349;-0.1205514315;9.8167903811;0.6141718010
20.0590697674;-0.1205514315;9.7829361791;0.6093656190
20.0690000000;-0.0965725641;9.7829361791;0.6045594370
20.0789302326;-0.0821852437;9.7539182917;0.5757223451
20.0888604651;-0.0725936967;9.7297367189;0.5901408911
20.0987906977;-0.0246359618;9.6910462024;0.5613037992
20.1087209302;-0.0102486414;9.7055551461;0.5180481613
20.1186511628;0.0233217730;9.7103914607;0.4795987054
20.1285813953;0.0520964139;9.6668646296;0.4507616135
20.1385116279;0.0904626018;9.6765372587;0.4411492495
20.1484418605;0.1480118836;9.6862098879;0.4219245216
20.1583720930;0.1671949776;9.6765372587;0.3786688837
20.1683023256;0.1863780715;9.6717009442;0.3690565197
20.1782325581;0.2103569389;9.6378467422;0.3642503378
20.1881627907;0.2247442594;9.6185014840;0.3642503378
20.1980930233;0.2487231268;9.6620283150;0.3930874297
20.2080232558;0.2583146738;9.6862098879;0.4026997936
20.2179534884;0.2631104473;9.6958825170;0.4411492495
20.2278837209;0.2727019942;9.6910462024;0.4507616135
20.2378139535;0.2774977677;9.7152277752;0.4699863414
20.2477441860;0.2439273533;9.7200640898;0.5036296153
20.2576744186;0.2295400329;9.7490819772;0.5516914352
20.2676046512;0.2247442594;9.7539182917;0.5516914352
20.2775348837;0.2055611655;9.7442456626;0.5420790712
20.2874651163;0.1959696185;9.7684272354;0.5564976172
20.2973953488;0.1623992041;9.8119540665;0.5324667072
20.3073255814;0.1384203367;9.8071177519;0.5228543433
20.3172558140;0.1336245632;9.8264630102;0.4940172514
20.3271860465;0.1048499223;9.8651535267;0.4795987054
20.3371162791;0.0904626018;9.9376982451;0.4411492495
20.3470465116;0.1048499223;9.9522071888;0.3882812477
20.3569767442;0.0904626018;9.9763887616;0.3113823359
20.3669069767;0.0952583753;10.0102429636;0.2777390620
20.3768372093;0.0952583753;10.0731150529;0.2248710602
20.3867674419;0.1096456957;10.1263145131;0.1816154223
20.3966976744;0.1240330162;10.1263145131;0.1143288745
20.4066279070;0.1432161101;10.1118055694;0.1191350565
20.4165581395;0.1528076571;10.1698413441;0.0854917826
20.4264883721;0.1576034306;10.2472223771;0.0278175988
20.4364186047;0.1767865245;10.2665676354;0.0422361447
20.4463488372;0.1767865245;10.2520586917;0.0278175988
20.4562790698;0.1863780715;10.2810765791;0.0374299627
20.4662093023;0.1911738450;10.3294397247;0.0374299627
20.4761395349;0.1863780715;10.3536212975;0.0758794186
20.4860697674;0.2007653920;10.3100944665;0.0902979646
20.4960000000;0.1767865245;10.2859128937;0.1143288745
20.5059302326;0.1719907511;10.2423860626;0.1287474205
20.5158604651;0.1480118836;10.2327134335;0.1479721484
20.5257906977;0.1240330162;10.2133681752;0.1287474205
20.5357209302;0.0952583753;10.1746776587;0.1383597844
20.5456511628;0.0425048670;10.1263145131;0.1575845124
20.5555813953;-0.0198401884;10.1214781985;0.0806856006
20.5655116279;-0.0198401884;10.1214781985;0.0806856006
20.5754418605;-0.0677979232;10.0344245364;-0.0250504031
20.5853720930;-0.0677979232;10.0344245364;-0.0250504031
20.5953023256;-0.1109598846;9.9812250762;-0.0731122229
20.6052325581;-0.1205514315;9.9860613908;-0.1067554968
20.6151627907;-0.1589176194;9.9715524471;-0.1548173167
20.6250930233;-0.1876922603;9.9231893014;-0.1980729546
20.6350232558;-0.1828964868;9.8506445830;-0.2221038645
20.6449534884;-0.1972838073;9.8409719539;-0.2509409564
20.6548837209;-0.2020795808;9.8554808976;-0.2701656843
20.6648139535;-0.2068753543;9.8264630102;-0.2893904123
20.6747441860;-0.2068753543;9.7877724937;-0.2845842303
20.6846744186;-0.1924880338;9.7635909209;-0.2701656843
20.6946046512;-0.1733049399;9.7635909209;-0.2557471384
20.7045348837;-0.1685091664;9.7442456626;-0.2557471384
20.7144651163;-0.1589176194;9.7345730335;-0.2413285924
20.7243953488;-0.1493260725;9.6523556859;-0.1932667726
20.7343255814;-0.1445302990;9.6426830568;-0.1836544086
20.7442558140;-0.1637133929;9.6475193714;-0.1500111347
20.7541860465;-0.1445302990;9.6426830568;-0.1115616788
20.7641162791;-0.1589176194;9.6233377985;-0.0827245869
20.7740465116;-0.1397345255;9.6233377985;-0.0442751310
20.7839767442;-0.1876922603;9.6039925403;-0.0394689490
20.7939069767;-0.1828964868;9.6185014840;-0.0250504031
20.8038372093;-0.2212626747;9.6136651694;-0.0346627670
20.8137674419;-0.2356499952;9.6233377985;-0.0394689490
20.8236976744;-0.2548330891;9.6185014840;-0.0346627670
20.8336279070;-0.3027908240;9.6426830568;-0.0586936770
20.8435581395;-0.3171781444;9.6717009442;-0.0634998590
20.8534883721;-0.3411570119;9.6620283150;-0.0971431329
20.8634186047;-0.3891147467;9.7055551461;-0.1115616788
20.8733488372;-0.3987062937;9.7249004044;-0.1211740428
20.8832790698;-0.4226851611;9.7442456626;-0.1355925887
20.8932093023;-0.4082978407;9.7732635500;-0.1355925887
20.9031395349;-0.4226851611;9.8022814374;-0.1452049527
20.9130697674;-0.4274809346;9.8167903811;-0.1403987707
20.9230000000;-0.4082978407;9.8554808976;-0.1163678608
20.9329302326;-0.3891147467;9.8699898412;-0.0971431329
20.9428604651;-0.3555443323;9.8941714141;-0.0634998590
20.9527906977;-0.3267696914;9.9231893014;-0.0106318571
20.9627209302;-0.2931992770;9.9376982451;0.0278175988
20.9726511628;-0.2452415422;9.9667161325;0.0951041466
20.9825813953;-0.2356499952;10.0199155927;0.1335536024
20.9925116279;-0.2068753543;10.0344245364;0.1960339683
21.0024418605;-0.1781007134;10.0344245364;0.2392896061
21.0123720930;-0.1493260725;10.0827876820;0.2681266980
21.0223023256;-0.1157556581;10.1069692548;0.2969637900
21.0322325581;-0.1013683376;10.1359871422;0.3402194278
21.0421627907;-0.0773894702;10.1166418840;0.3209946999
21.0520930233;-0.0773894702;10.1021329403;0.3354132458
21.0620232558;-0.0630021497;10.1021329403;0.3882812477
21.0719534884;-0.0630021497;10.1214781985;0.3450256098
21.0818837209;-0.0965725641;10.1504960859;0.3546379738
21.0918139535;-0.0917767906;10.1359871422;0.3450256098
21.1017441860;-0.0917767906;10.1214781985;0.3209946999
21.1116744186;-0.1061641111;10.1214781985;0.3161885179
21.1216046512;-0.1061641111;10.1118055694;0.2873514260
21.1315348837;-0.1253472050;10.0731150529;0.2969637900
21.1414651163;-0.1205514315;10.0392608509;0.2681266980
21.1513953488;-0.1349387520;10.0247519073;0.2825452440
21.1613255814;-0.1253472050;9.9957340199;0.2921576080
21.1712558140;-0.1157556581;9.9715524471;0.2969637900
21.1811860465;-0.0917767906;9.9280256160;0.3113823359
21.1911162791;-0.0869810171;9.8990077286;0.3402194278
21.2010465116;-0.0438190558;9.8941714141;0.3738627017
21.2109767442;-0.0198401884;9.8796624704;0.3978936117
21.2209069767;0.0233217730;9.8603172121;0.4267307036
21.2308372093;0.0473006404;9.8312993247;0.4844048874
21.2407674419;0.1000541488;9.8361356393;0.4844048874
21.2506976744;0.1288287897;9.8071177519;0.5180481613
21.2606279070;0.1623992041;9.7829361791;0.5468852532
21.2705581395;0.1911738450;9.7442456626;0.5420790712
21.2804883721;0.2343358064;9.7345730335;0.5516914352
21.2904186047;0.2727019942;9.7249004044;0.5613037992
21.3003488372;0.2774977677;9.7345730335;0.5661099811
21.3102790698;0.3062724086;9.7200640898;0.5420790712
21.3202093023;0.3254555026;9.7297367189;0.4988234333
21.3301395349;0.3206597291;9.7007188315;0.5036296153
21.3400697674;NaN;NaN;NaN