Time (s);Bx (µT);By (µT);Bz (µT)
0.0123054755;-45.4421360845;-1921.7288429268;-30.1453988119
0.0246109510;-44.5569329807;-1923.5807531707;-31.9621896100
0.0369164265;-44.7339736014;-1923.5807531707;-34.4777460998
0.0492219020;-44.7339736014;-1924.0437307317;-33.0802147166
0.0615273775;-45.0880548430;-1923.5807531707;-32.3814490250
0.0738328530;-44.5569329807;-1923.7350790244;-30.7044113651
0.0861383285;-45.4421360845;-1923.8894048781;-32.8007084400
0.0984438040;-46.1502985676;-1924.0437307317;-32.2416958867
0.1107492795;-45.9732579468;-1923.5807531707;-32.1019427484
0.1230547550;-45.4421360845;-1924.5067082927;-32.1019427484
0.1353602305;-46.1502985676;-1923.4264273171;-31.2634239184
0.1476657061;-46.1502985676;-1923.2721014634;-31.9621896100
0.1599711816;-46.1502985676;-1923.1177756098;-32.9404615783
0.1722766571;-45.9732579468;-1922.6547980488;-32.5212021633
0.1845821326;-46.1502985676;-1922.8091239024;-35.4560180681
0.1968876081;-46.3273391884;-1921.2658653659;-32.6609553016
0.2091930836;-46.6814204299;-1921.8831687805;-33.7789804082
0.2214985591;-47.5666235338;-1920.9572136585;-33.9187335465
0.2338040346;-46.3273391884;-1922.8091239024;-33.0802147166
0.2461095101;-46.6814204299;-1922.3461463415;-31.8224364717
0.2584149856;-45.6191767053;-1922.8091239024;-33.7789804082
0.2707204611;-45.9732579468;-1923.1177756098;-32.5212021633
0.2830259366;-45.6191767053;-1924.9696858537;-32.3814490250
0.2953314121;-46.6814204299;-1923.5807531707;-30.9839176418
0.3076368876;-45.7962173261;-1924.3523824390;-30.7044113651
0.3199423631;-45.7962173261;-1922.9634497561;-31.8224364717
0.3322478386;-45.6191767053;-1924.5067082927;-32.2416958867
0.3445533141;-44.7339736014;-1924.5067082927;-31.9621896100
0.3568587896;-45.2650954637;-1924.9696858537;-30.7044113651
0.3691642651;-45.0880548430;-1925.1240117073;-31.6826833334
0.3814697406;-45.6191767053;-1924.8153600000;-29.5863862586
0.3937752161;-45.9732579468;-1924.9696858537;-29.3068799819
0.4060806916;-45.6191767053;-1923.8894048781;-29.5863862586
0.4183861671;-45.9732579468;-1923.4264273171;-30.4249050885
0.4306916427;-47.2125422922;-1924.1980565854;-30.2851519502
0.4429971182;-47.5666235338;-1923.8894048781;-30.1453988119
0.4553025937;-46.8584610507;-1923.5807531707;-32.3814490250
0.4676080692;-47.9207047753;-1922.6547980488;-30.7044113651
0.4799135447;-47.5666235338;-1921.7288429268;-27.7695954604
0.4922190202;-47.3895829130;-1923.2721014634;-30.2851519502
0.5045244957;-47.2125422922;-1924.0437307317;-31.4031770568
0.5168299712;-47.3895829130;-1921.5745170732;-30.2851519502
0.5291354467;-46.6814204299;-1922.6547980488;-33.4994741316
0.5414409222;-47.0355016715;-1923.1177756098;-30.9839176418
0.5537463977;-46.6814204299;-1923.5807531707;-30.1453988119
0.5660518732;-47.3895829130;-1923.1177756098;-30.5646582268
0.5783573487;-46.3273391884;-1923.5807531707;-31.9621896100
0.5906628242;-47.0355016715;-1923.7350790244;-30.8441645035
0.6029682997;-46.3273391884;-1924.3523824390;-30.9839176418
0.6152737752;-46.3273391884;-1924.1980565854;-30.2851519502
0.6275792507;-46.3273391884;-1923.5807531707;-31.1236707801
0.6398847262;-46.5043798091;-1923.4264273171;-32.3814490250
0.6521902017;-46.5043798091;-1922.6547980488;-30.9839176418
0.6644956772;-46.6814204299;-1923.8894048781;-31.6826833334
0.6768011527;-46.3273391884;-1924.5067082927;-32.6609553016
0.6891066282;-46.1502985676;-1923.2721014634;-33.3597209932
0.7014121037;-47.0355016715;-1923.7350790244;-29.1671268436
0.7137175793;-46.6814204299;-1921.7288429268;-29.1671268436
0.7260230548;-46.5043798091;-1923.5807531707;-29.5863862586
0.7383285303;-46.5043798091;-1921.8831687805;-32.1019427484
0.7506340058;-47.2125422922;-1922.5004721951;-30.8441645035
0.7629394813;-46.8584610507;-1922.6547980488;-31.1236707801
0.7752449568;-46.3273391884;-1922.8091239024;-31.4031770568
0.7875504323;-46.1502985676;-1921.7288429268;-30.8441645035
0.7998559078;-45.9732579468;-1923.2721014634;-33.6392272699
0.8121613833;-46.3273391884;-1922.3461463415;-31.8224364717
0.8244668588;-45.9732579468;-1922.8091239024;-32.3814490250
0.8367723343;-46.3273391884;-1922.6547980488;-30.9839176418
0.8490778098;-45.7962173261;-1922.6547980488;-33.3597209932
0.8613832853;-46.3273391884;-1922.8091239024;-30.4249050885
0.8736887608;-45.7962173261;-1924.6610341463;-30.9839176418
0.8859942363;-45.7962173261;-1923.8894048781;-32.8007084400
0.8982997118;-45.7962173261;-1923.8894048781;-29.5863862586
0.9106051873;-45.4421360845;-1924.0437307317;-31.9621896100
0.9229106628;-44.9110142222;-1924.0437307317;-31.1236707801
0.9352161383;-45.4421360845;-1925.5869892683;-31.1236707801
0.9475216138;-45.4421360845;-1924.0437307317;-32.6609553016
0.9598270893;-45.2650954637;-1925.5869892683;-32.8007084400
0.9721325648;-45.9732579468;-1925.5869892683;-31.9621896100
0.9844380403;-45.2650954637;-1925.4326634146;-32.6609553016
0.9967435159;-45.4421360845;-1924.9696858537;-31.6826833334
1.0090489914;-45.4421360845;-1923.7350790244;-32.9404615783
1.0213544669;-45.9732579468;-1923.5807531707;-30.0056456735
1.0336599424;-45.2650954637;-1924.1980565854;-33.7789804082
1.0459654179;-45.4421360845;-1923.7350790244;-30.9839176418
1.0582708934;-45.4421360845;-1924.0437307317;-30.8441645035
1.0705763689;-45.7962173261;-1924.8153600000;-33.3597209932
1.0828818444;-44.9110142222;-1922.9634497561;-33.4994741316
1.0951873199;-45.2650954637;-1925.4326634146;-31.1236707801
1.1074927954;-44.9110142222;-1924.5067082927;-32.1019427484
1.1197982709;-45.0880548430;-1924.0437307317;-31.9621896100
1.1321037464;-44.5569329807;-1923.5807531707;-34.7572523765
1.1444092219;-44.2028517391;-1923.4264273171;-35.4560180681
1.1567146974;-44.5569329807;-1923.7350790244;-33.6392272699
1.1690201729;-44.0258111184;-1925.5869892683;-34.0584866849
1.1813256484;-43.3176486353;-1924.0437307317;-34.6174992381
1.1936311239;-43.4946892560;-1924.8153600000;-35.5957712064
1.2059365994;-43.1406080145;-1924.1980565854;-33.0802147166
1.2182420749;-44.2028517391;-1923.8894048781;-32.3814490250
1.2305475504;-42.9635673937;-1925.2783375610;-33.0802147166
1.2428530259;-43.4946892560;-1924.5067082927;-33.3597209932
1.2551585014;-42.7865267730;-1926.0499668293;-35.5957712064
1.2674639769;-43.4946892560;-1925.1240117073;-33.9187335465
1.2797694524;-44.0258111184;-1924.0437307317;-33.3597209932
1.2920749280;-44.2028517391;-1926.3586185366;-34.4777460998
1.3043804035;-44.5569329807;-1925.2783375610;-33.4994741316
1.3166858790;-44.3798923599;-1923.1177756098;-31.5429301951
1.3289913545;-44.5569329807;-1924.3523824390;-34.3379929615
1.3412968300;-44.5569329807;-1924.8153600000;-34.0584866849
1.3536023055;-45.4421360845;-1923.2721014634;-32.6609553016
1.3659077810;-44.9110142222;-1924.6610341463;-31.4031770568
1.3782132565;-44.3798923599;-1924.5067082927;-31.2634239184
1.3905187320;-44.5569329807;-1924.8153600000;-34.4777460998
1.4028242075;-44.7339736014;-1924.1980565854;-33.4994741316
1.4151296830;-44.3798923599;-1924.9696858537;-31.9621896100
1.4274351585;-44.3798923599;-1923.2721014634;-30.9839176418
1.4397406340;-44.7339736014;-1924.3523824390;-31.5429301951
1.4520461095;-44.9110142222;-1925.5869892683;-31.5429301951
1.4643515850;-45.2650954637;-1925.2783375610;-31.9621896100
1.4766570605;-45.4421360845;-1924.1980565854;-32.8007084400
1.4889625360;-45.0880548430;-1924.5067082927;-31.9621896100
1.5012680115;-44.5569329807;-1923.7350790244;-33.3597209932
1.5135734870;-44.7339736014;-1924.8153600000;-31.2634239184
1.5258789625;-45.0880548430;-1924.0437307317;-32.2416958867
1.5381844380;-44.9110142222;-1925.2783375610;-33.7789804082
1.5504899135;-45.2650954637;-1924.0437307317;-34.1982398232
1.5627953890;-45.9732579468;-1924.3523824390;-31.2634239184
1.5751008646;-45.2650954637;-1925.2783375610;-31.9621896100
1.5874063401;-46.3273391884;-1925.4326634146;-32.5212021633
1.5997118156;-45.6191767053;-1925.8956409756;-32.1019427484
1.6120172911;-45.4421360845;-1924.3523824390;-34.3379929615
1.6243227666;-44.3798923599;-1925.2783375610;-33.6392272699
1.6366282421;-45.9732579468;-1923.7350790244;-33.4994741316
1.6489337176;-45.2650954637;-1924.1980565854;-33.7789804082
1.6612391931;-44.7339736014;-1923.1177756098;-31.8224364717
1.6735446686;-45.0880548430;-1922.9634497561;-30.8441645035
1.6858501441;-44.5569329807;-1924.0437307317;-32.6609553016
1.6981556196;-44.9110142222;-1924.5067082927;-31.9621896100
1.7104610951;-44.9110142222;-1923.4264273171;-33.9187335465
1.7227665706;-44.5569329807;-1923.2721014634;-29.7261393969
1.7350720461;-44.9110142222;-1923.8894048781;-30.5646582268
1.7473775216;-44.7339736014;-1924.5067082927;-31.9621896100
1.7596829971;-45.2650954637;-1924.8153600000;-30.7044113651
1.7719884726;-45.4421360845;-1925.2783375610;-32.8007084400
1.7842939481;-45.0880548430;-1925.2783375610;-32.2416958867
1.7965994236;-45.6191767053;-1925.8956409756;-32.2416958867
1.8089048991;-45.0880548430;-1924.1980565854;-34.1982398232
1.8212103746;-44.7339736014;-1923.5807531707;-30.9839176418
1.8335158501;-44.7339736014;-1924.5067082927;-30.8441645035
1.8458213256;-45.6191767053;-1924.3523824390;-31.9621896100
1.8581268012;-45.2650954637;-1924.5067082927;-33.2199678549
1.8704322767;-45.0880548430;-1924.0437307317;-30.8441645035
1.8827377522;-45.0880548430;-1924.5067082927;-29.3068799819
1.8950432277;-45.7962173261;-1924.6610341463;-32.5212021633
1.9073487032;-45.2650954637;-1924.1980565854;-30.5646582268
1.9196541787;-46.1502985676;-1924.0437307317;-32.3814490250
1.9319596542;-45.7962173261;-1924.6610341463;-31.6826833334
1.9442651297;-45.2650954637;-1923.4264273171;-32.2416958867
1.9565706052;-45.7962173261;-1922.6547980488;-32.6609553016
1.9688760807;-45.0880548430;-1923.2721014634;-32.2416958867
1.9811815562;-45.2650954637;-1924.0437307317;-30.7044113651
1.9934870317;-45.0880548430;-1923.1177756098;-30.8441645035
2.0057925072;-45.0880548430;-1924.0437307317;-34.0584866849
2.0180979827;-45.0880548430;-1924.5067082927;-31.1236707801
2.0304034582;-45.2650954637;-1924.1980565854;-31.9621896100
2.0427089337;-44.7339736014;-1924.0437307317;-32.6609553016
2.0550144092;-45.6191767053;-1923.7350790244;-33.6392272699
2.0673198847;-45.6191767053;-1924.9696858537;-31.4031770568
2.0796253602;-45.9732579468;-1924.8153600000;-33.6392272699
2.0919308357;-45.7962173261;-1925.1240117073;-32.6609553016
2.1042363112;-45.7962173261;-1923.8894048781;-33.7789804082
2.1165417867;-45.9732579468;-1923.8894048781;-31.4031770568
2.1288472622;-45.0880548430;-1923.5807531707;-31.1236707801
2.1411527378;-45.0880548430;-1924.1980565854;-30.8441645035
2.1534582133;-45.0880548430;-1924.0437307317;-34.4777460998
2.1657636888;-45.4421360845;-1924.1980565854;-33.0802147166
2.1780691643;-44.7339736014;-1924.1980565854;-31.4031770568
2.1903746398;-44.9110142222;-1923.7350790244;-32.5212021633
2.2026801153;-45.0880548430;-1924.5067082927;-32.6609553016
2.2149855908;-44.0258111184;-1926.9759219512;-32.5212021633
2.2272910663;-44.5569329807;-1926.6672702439;-30.0056456735
2.2395965418;-45.0880548430;-1925.7413151220;-30.1453988119
2.2519020173;-44.7339736014;-1927.9018770732;-28.3286080137
2.2642074928;-45.2650954637;-1928.6735063415;-26.5118172155
2.2765129683;-45.2650954637;-1927.5932253659;-24.8347795557
2.2888184438;-45.7962173261;-1929.4451356098;-22.0397167892
2.3011239193;-45.9732579468;-1928.9821580488;-22.8782356192
2.3134293948;-46.5043798091;-1927.2845736585;-18.9651477462
2.3257348703;-47.0355016715;-1927.7475512195;-20.6421854060
2.3380403458;-46.3273391884;-1927.4388995122;-19.9434197144
2.3503458213;-47.2125422922;-1925.4326634146;-21.3409510976
2.3626512968;-47.2125422922;-1926.0499668293;-22.0397167892
2.3749567723;-47.3895829130;-1926.0499668293;-23.2974950341
2.3872622478;-46.6814204299;-1926.9759219512;-23.9962607257
2.3995677233;-47.3895829130;-1926.9759219512;-22.0397167892
2.4118731988;-47.0355016715;-1925.8956409756;-22.0397167892
2.4241786744;-47.5666235338;-1928.0562029268;-20.0831728527
2.4364841499;-46.8584610507;-1926.8215960976;-23.0179887575
2.4487896254;-46.6814204299;-1928.0562029268;-20.0831728527
2.4610951009;-46.6814204299;-1927.5932253659;-18.4061351929
2.4734005764;-46.5043798091;-1927.4388995122;-18.6856414695
2.4857060519;-46.8584610507;-1928.5191804878;-15.3315661498
2.4980115274;-46.1502985676;-1928.8278321951;-15.0520598732
2.5103170029;-46.5043798091;-1928.6735063415;-15.1918130115
2.5226224784;-46.5043798091;-1927.5932253659;-13.7942816283
2.5349279539;-46.1502985676;-1928.3648546341;-11.4184782768
2.5472334294;-46.6814204299;-1928.0562029268;-7.7848966805
2.5595389049;-46.6814204299;-1927.2845736585;-8.4836623721
2.5718443804;-46.8584610507;-1926.9759219512;-10.3004531703
2.5841498559;-47.5666235338;-1927.2845736585;-7.5053904038
2.5964553314;-46.5043798091;-1926.3586185366;-10.4402063086
2.6087608069;-47.0355016715;-1927.1302478049;-9.8811937553
2.6210662824;-47.5666235338;-1926.2042926829;-9.3221812020
2.6333717579;-46.3273391884;-1926.3586185366;-8.7631686487
2.6456772334;-46.8584610507;-1927.1302478049;-10.8594657235
2.6579827089;-46.3273391884;-1926.9759219512;-12.1172439684
2.6702881844;-47.5666235338;-1927.9018770732;-10.4402063086
2.6825936599;-46.6814204299;-1927.2845736585;-9.1824280637
2.6948991354;-46.8584610507;-1926.6672702439;-10.9992188619
2.7072046110;-46.5043798091;-1926.5129443902;-10.8594657235
2.7195100865;-45.2650954637;-1929.1364839024;-10.1607000319
2.7318155620;-45.6191767053;-1928.3648546341;-10.4402063086
2.7441210375;-45.6191767053;-1928.3648546341;-10.8594657235
2.7564265130;-45.7962173261;-1927.4388995122;-9.8811937553
2.7687319885;-45.0880548430;-1928.6735063415;-6.9463778506
2.7810374640;-45.7962173261;-1927.5932253659;-8.4836623721
2.7933429395;-45.9732579468;-1928.5191804878;-7.0861309889
2.8056484150;-46.1502985676;-1927.9018770732;-10.0209468936
2.8179538905;-45.6191767053;-1927.2845736585;-9.3221812020
2.8302593660;-45.6191767053;-1927.1302478049;-6.1078590206
2.8425648415;-46.5043798091;-1927.4388995122;-10.5799594469
2.8548703170;-46.6814204299;-1927.7475512195;-10.3004531703
2.8671757925;-46.1502985676;-1928.3648546341;-10.7197125852
2.8794812680;-46.3273391884;-1926.8215960976;-13.5147753516
2.8917867435;-46.5043798091;-1927.4388995122;-15.3315661498
2.9040922190;-45.9732579468;-1928.8278321951;-17.0086038097
2.9163976945;-45.4421360845;-1927.4388995122;-16.1700849798
2.9287031700;-46.1502985676;-1928.0562029268;-18.5458883312
2.9410086455;-45.7962173261;-1927.7475512195;-20.9216916827
2.9533141210;-45.7962173261;-1928.5191804878;-21.0614448210
2.9656195965;-45.2650954637;-1928.2105287805;-19.5241602995
2.9779250720;-45.7962173261;-1928.2105287805;-20.2229259911
2.9902305476;-45.9732579468;-1927.2845736585;-19.3844071611
3.0025360231;-45.0880548430;-1927.4388995122;-20.5024322677
3.0148414986;-46.1502985676;-1928.3648546341;-19.5241602995
3.0271469741;-45.7962173261;-1928.2105287805;-17.9868757779
3.0394524496;-45.7962173261;-1928.5191804878;-21.4807042360
3.0517579251;-45.6191767053;-1928.3648546341;-21.2011979593
3.0640634006;-45.6191767053;-1928.3648546341;-21.0614448210
3.0763688761;-45.9732579468;-1928.5191804878;-21.3409510976
3.0886743516;-45.4421360845;-1927.4388995122;-23.2974950341
3.1009798271;-45.6191767053;-1927.2845736585;-21.6204573743
3.1132853026;-45.6191767053;-1927.5932253659;-22.1794699276
3.1255907781;-45.7962173261;-1926.5129443902;-27.3503360454
3.1378962536;-45.9732579468;-1925.8956409756;-27.6298423221
3.1502017291;-45.4421360845;-1924.6610341463;-29.8658925352
3.1625072046;-45.0880548430;-1925.4326634146;-31.1236707801
3.1748126801;-45.7962173261;-1924.6610341463;-29.1671268436
3.1871181556;-46.1502985676;-1922.5004721951;-31.8224364717
3.1994236311;-46.1502985676;-1924.1980565854;-30.9839176418
3.2117291066;-46.6814204299;-1925.4326634146;-32.9404615783
3.2240345821;-45.9732579468;-1924.5067082927;-29.0273737053
3.2363400576;-45.4421360845;-1926.2042926829;-30.5646582268
3.2486455331;-45.4421360845;-1925.8956409756;-28.4683611520
3.2609510086;-45.6191767053;-1926.5129443902;-29.4466331203
3.2732564841;-44.7339736014;-1926.8215960976;-28.6081142903
3.2855619597;-44.5569329807;-1926.9759219512;-26.6515703538
3.2978674352;-44.7339736014;-1927.1302478049;-28.3286080137
3.3101729107;-44.0258111184;-1929.2908097561;-27.6298423221
3.3224783862;-44.0258111184;-1927.2845736585;-28.0491017370
3.3347838617;-44.2028517391;-1926.5129443902;-26.5118172155
3.3470893372;-43.6717298768;-1925.5869892683;-25.9528046622
3.3593948127;-44.5569329807;-1927.2845736585;-27.4900891838
3.3717002882;-44.7339736014;-1928.5191804878;-27.4900891838
3.3840057637;-45.2650954637;-1925.5869892683;-28.4683611520
3.3963112392;-45.4421360845;-1926.6672702439;-28.6081142903
3.4086167147;-45.4421360845;-1925.4326634146;-29.3068799819
3.4209221902;-45.2650954637;-1924.1980565854;-30.5646582268
3.4332276657;-45.4421360845;-1924.8153600000;-30.1453988119
3.4455331412;-45.2650954637;-1924.6610341463;-29.1671268436
3.4578386167;-46.1502985676;-1924.0437307317;-27.9093485987
3.4701440922;-47.0355016715;-1924.5067082927;-27.7695954604
3.4824495677;-46.8584610507;-1925.4326634146;-25.8130515239
3.4947550432;-46.5043798091;-1925.7413151220;-23.2974950341
3.5070605187;-46.5043798091;-1924.5067082927;-23.5770013108
3.5193659942;-46.6814204299;-1925.8956409756;-19.1049008845
3.5316714697;-46.1502985676;-1925.8956409756;-19.8036665761
3.5439769452;-46.6814204299;-1926.2042926829;-17.8471226396
3.5562824207;-46.3273391884;-1926.8215960976;-18.4061351929
3.5685878963;-46.1502985676;-1927.7475512195;-17.2881100863
3.5808933718;-46.3273391884;-1926.9759219512;-17.4278632246
3.5931988473;-45.9732579468;-1927.9018770732;-17.0086038097
3.6055043228;-45.9732579468;-1928.0562029268;-15.0520598732
3.6178097983;-47.0355016715;-1927.2845736585;-16.1700849798
3.6301152738;-46.5043798091;-1928.6735063415;-15.8905787031
3.6424207493;-45.9732579468;-1926.2042926829;-17.2881100863
3.6547262248;-46.3273391884;-1928.0562029268;-17.2881100863
3.6670317003;-45.9732579468;-1927.5932253659;-16.1700849798
3.6793371758;-46.1502985676;-1927.2845736585;-17.2881100863
3.6916426513;-45.7962173261;-1926.8215960976;-15.4713192881
3.7039481268;-46.3273391884;-1927.2845736585;-12.6762565217
3.7162536023;-46.6814204299;-1926.5129443902;-13.9340347666
3.7285590778;-45.7962173261;-1926.9759219512;-12.8160096600
3.7408645533;-46.5043798091;-1926.2042926829;-11.1389720002
3.7531700288;-46.8584610507;-1925.2783375610;-10.5799594469
3.7654755043;-46.1502985676;-1926.0499668293;-6.6668715739
3.7777809798;-45.7962173261;-1927.7475512195;-9.8811937553
3.7900864553;-45.9732579468;-1926.8215960976;-7.2258841272
3.8023919308;-45.6191767053;-1925.7413151220;-4.8500807757
3.8146974063;-45.7962173261;-1928.2105287805;-6.3873652973
3.8270028818;-45.4421360845;-1927.4388995122;-4.1513150841
3.8393083573;-45.4421360845;-1928.2105287805;-8.2041560954
3.8516138329;-44.9110142222;-1928.3648546341;-7.6451435422
3.8639193084;-45.4421360845;-1928.3648546341;-4.4308213608
3.8762247839;-44.3798923599;-1928.5191804878;-5.6885996057
3.8885302594;-44.2028517391;-1927.4388995122;-6.3873652973
3.9008357349;-44.3798923599;-1928.2105287805;-6.8066247122
3.9131412104;-43.6717298768;-1928.0562029268;-9.3221812020
3.9254466859;-43.8487704976;-1929.4451356098;-10.0209468936
3.9377521614;-44.0258111184;-1929.7537873171;-11.6979845535
3.9500576369;-43.8487704976;-1929.1364839024;-11.5582314152
3.9623631124;-44.2028517391;-1929.1364839024;-8.3439092338
3.9746685879;-43.8487704976;-1928.0562029268;-10.9992188619
3.9869740634;-45.0880548430;-1928.3648546341;-11.5582314152
3.9992795389;-45.6191767053;-1928.0562029268;-9.6016874787
4.0115850144;-46.6814204299;-1928.5191804878;-9.3221812020
4.0238904899;-45.7962173261;-1928.6735063415;-12.9557627984
4.0361959654;-46.1502985676;-1928.2105287805;-10.1607000319
4.0485014409;-45.9732579468;-1928.0562029268;-13.6545284900
4.0608069164;-45.7962173261;-1928.2105287805;-11.6979845535
4.0731123919;-45.6191767053;-1929.1364839024;-12.5365033834
4.0854178674;-44.9110142222;-1928.2105287805;-10.5799594469
4.0977233429;-44.5569329807;-1930.2167648781;-12.5365033834
4.1100288184;-44.3798923599;-1929.4451356098;-15.7508255648
4.1223342939;-44.5569329807;-1928.9821580488;-15.4713192881
4.1346397695;-45.2650954637;-1930.6797424390;-17.4278632246
4.1469452450;-44.7339736014;-1930.2167648781;-16.4495912564
4.1592507205;-44.9110142222;-1928.2105287805;-17.2881100863
4.1715561960;-44.7339736014;-1927.2845736585;-17.1483569480
4.1838616715;-45.2650954637;-1928.2105287805;-20.5024322677
4.1961671470;-45.0880548430;-1927.5932253659;-22.3192230659
4.2084726225;-45.9732579468;-1928.5191804878;-22.1794699276
4.2207780980;-45.2650954637;-1928.6735063415;-23.1577418958
4.2330835735;-45.6191767053;-1926.8215960976;-21.8999636509
4.2453890490;-45.6191767053;-1927.7475512195;-22.5987293425
4.2576945245;-46.6814204299;-1928.2105287805;-21.0614448210
4.2700000000;-45.9732579468;-1927.7475512195;-21.7602105126
4.2823054755;-45.6191767053;-1928.6735063415;-23.0179887575
4.2946109510;-46.3273391884;-1927.9018770732;-21.0614448210
4.3069164265;-46.8584610507;-1928.5191804878;-23.9962607257
4.3192219020;-45.9732579468;-1927.5932253659;-22.4589762042
4.3315273775;-46.1502985676;-1926.6672702439;-20.3626791294
4.3438328530;-45.6191767053;-1927.4388995122;-21.2011979593
4.3561383285;-45.4421360845;-1928.2105287805;-23.1577418958
4.3684438040;-45.2650954637;-1927.9018770732;-26.0925578005
4.3807492795;-45.4421360845;-1928.5191804878;-24.2757670024
4.3930547550;-45.4421360845;-1926.3586185366;-24.8347795557
4.4053602305;-45.0880548430;-1926.2042926829;-25.3937921089
4.4176657061;-44.7339736014;-1927.4388995122;-28.8876205670
4.4299711816;-45.7962173261;-1927.7475512195;-27.6298423221
4.4422766571;-45.6191767053;-1926.9759219512;-30.8441645035
4.4545821326;-44.9110142222;-1926.3586185366;-30.1453988119
4.4668876081;-45.2650954637;-1926.5129443902;-29.1671268436
4.4791930836;-44.9110142222;-1925.7413151220;-29.3068799819
4.4914985591;-46.1502985676;-1926.3586185366;-29.4466331203
4.5038040346;-44.9110142222;-1925.8956409756;-28.3286080137
4.5161095101;-46.8584610507;-1925.2783375610;-25.3937921089
4.5284149856;-46.8584610507;-1926.9759219512;-24.5552732790
4.5407204611;-46.8584610507;-1928.2105287805;-26.0925578005
4.5530259366;-47.2125422922;-1926.9759219512;-23.5770013108
4.5653314121;-47.9207047753;-1928.0562029268;-22.3192230659
4.5776368876;-47.7436641545;-1927.4388995122;-24.1360138641
4.5899423631;-46.5043798091;-1927.4388995122;-24.9745326940
4.6022478386;-47.5666235338;-1926.8215960976;-24.9745326940
4.6145533141;-46.8584610507;-1927.7475512195;-23.5770013108
4.6268587896;-47.3895829130;-1926.9759219512;-24.4155201407
4.6391642651;-46.8584610507;-1926.0499668293;-22.4589762042
4.6514697406;-46.1502985676;-1926.8215960976;-22.7384824808
4.6637752161;-46.5043798091;-1927.1302478049;-22.5987293425
4.6760806916;-46.6814204299;-1926.0499668293;-25.2540389706
4.6883861671;-46.5043798091;-1926.0499668293;-24.8347795557
4.7006916427;-46.5043798091;-1926.6672702439;-22.0397167892
4.7129971182;-47.3895829130;-1926.5129443902;-20.6421854060
4.7253025937;-46.6814204299;-1926.9759219512;-21.3409510976
4.7376080692;-47.7436641545;-1927.7475512195;-19.9434197144
4.7499135447;-47.2125422922;-1926.5129443902;-16.5893443947
4.7622190202;-47.2125422922;-1928.0562029268;-18.1266289162
4.7745244957;-47.0355016715;-1928.3648546341;-18.6856414695
4.7868299712;-47.7436641545;-1925.5869892683;-15.1918130115
4.7991354467;-47.0355016715;-1928.0562029268;-13.5147753516
4.8114409222;-47.2125422922;-1926.9759219512;-12.9557627984
4.8237463977;-46.6814204299;-1926.0499668293;-13.7942816283
4.8360518732;-47.7436641545;-1925.8956409756;-12.9557627984
4.8483573487;-46.5043798091;-1926.6672702439;-11.5582314152
4.8606628242;-46.3273391884;-1926.2042926829;-10.9992188619
4.8729682997;-46.3273391884;-1928.3648546341;-10.8594657235
4.8852737752;-46.3273391884;-1927.2845736585;-12.1172439684
4.8975792507;-47.0355016715;-1927.4388995122;-13.5147753516
4.9098847262;-45.9732579468;-1927.7475512195;-11.5582314152
4.9221902017;-45.0880548430;-1928.3648546341;-11.4184782768
4.9344956772;-44.3798923599;-1928.3648546341;-12.2569971068
4.9468011527;-44.3798923599;-1929.2908097561;-10.9992188619
4.9591066282;-44.7339736014;-1928.3648546341;-9.6016874787
4.9714121037;-43.8487704976;-1930.2167648781;-10.3004531703
4.9837175793;-44.2028517391;-1929.5994614634;-10.0209468936
4.9960230548;-43.8487704976;-1928.2105287805;-8.0644029571
5.0083285303;-44.7339736014;-1928.5191804878;-8.7631686487
5.0206340058;-44.7339736014;-1929.4451356098;-7.3656372655
5.0329394813;-45.2650954637;-1927.5932253659;-6.2476121590
5.0452449568;-44.3798923599;-1928.2105287805;-6.6668715739
5.0575504323;-44.7339736014;-1927.1302478049;-7.3656372655
5.0698559078;-44.9110142222;-1926.9759219512;-5.4090933290
5.0821613833;-45.0880548430;-1927.5932253659;-5.1295870524
5.0944668588;-44.5569329807;-1928.9821580488;-7.6451435422
5.1067723343;-44.2028517391;-1927.9018770732;-6.5271184356
5.1190778098;-44.3798923599;-1928.6735063415;-7.6451435422
5.1313832853;-43.4946892560;-1928.9821580488;-8.7631686487
5.1436887608;-44.0258111184;-1928.8278321951;-7.7848966805
5.1559942363;-44.9110142222;-1928.5191804878;-9.8811937553
5.1682997118;-44.9110142222;-1928.9821580488;-8.4836623721
5.1806051873;-43.4946892560;-1930.5254165854;-9.3221812020
5.1929106628;-43.4946892560;-1930.5254165854;-10.7197125852
5.2052161383;-44.0258111184;-1930.5254165854;-11.1389720002
5.2175216138;-43.3176486353;-1930.2167648781;-13.3750222133
5.2298270893;-43.8487704976;-1930.0624390244;-12.5365033834
5.2421325648;-43.8487704976;-1929.9081131707;-12.9557627984
5.2544380403;-44.0258111184;-1930.2167648781;-14.2135410433
5.2667435159;-44.7339736014;-1928.8278321951;-12.6762565217
5.2790489914;-44.2028517391;-1928.8278321951;-15.7508255648
5.2913544669;-45.0880548430;-1927.9018770732;-12.9557627984
5.3036599424;-44.9110142222;-1928.8278321951;-13.2352690750
5.3159654179;-45.2650954637;-1928.6735063415;-14.7725535965
5.3282708934;-45.9732579468;-1928.9821580488;-14.9123067349
5.3405763689;-46.6814204299;-1927.4388995122;-16.3098381181
5.3528818444;-45.4421360845;-1928.3648546341;-18.1266289162
5.3651873199;-45.2650954637;-1927.5932253659;-17.2881100863
5.3774927954;-45.6191767053;-1928.5191804878;-20.2229259911
5.3897982709;-45.9732579468;-1926.8215960976;-18.4061351929
5.4021037464;-46.3273391884;-1927.9018770732;-21.6204573743
5.4144092219;-46.1502985676;-1927.2845736585;-21.7602105126
5.4267146974;-45.9732579468;-1926.0499668293;-22.4589762042
5.4390201729;-45.4421360845;-1927.1302478049;-23.1577418958
5.4513256484;-45.4421360845;-1926.6672702439;-24.1360138641
5.4636311239;-45.9732579468;-1927.4388995122;-25.2540389706
5.4759365994;-44.9110142222;-1927.9018770732;-23.8565075874
5.4882420749;-45.9732579468;-1928.0562029268;-24.5552732790
5.5005475504;-45.6191767053;-1927.2845736585;-22.3192230659
5.5128530259;-45.2650954637;-1927.7475512195;-23.2974950341
5.5251585014;-45.6191767053;-1927.5932253659;-23.1577418958
5.5374639769;-45.6191767053;-1927.2845736585;-24.2757670024
5.5497694524;-46.6814204299;-1926.3586185366;-23.8565075874
5.5620749280;-46.6814204299;-1926.2042926829;-25.2540389706
5.5743804035;-46.6814204299;-1926.2042926829;-22.5987293425
5.5866858790;-46.6814204299;-1926.8215960976;-25.1142858323
5.5989913545;-46.8584610507;-1926.5129443902;-23.8565075874
5.6112968300;-47.0355016715;-1926.3586185366;-23.9962607257
5.6236023055;-47.2125422922;-1926.5129443902;-26.7913234922
5.6359077810;-47.2125422922;-1926.2042926829;-26.2323109389
5.6482132565;-47.0355016715;-1925.7413151220;-25.2540389706
5.6605187320;-47.5666235338;-1925.1240117073;-27.9093485987
5.6728242075;-46.3273391884;-1924.6610341463;-25.9528046622
5.6851296830;-47.2125422922;-1925.4326634146;-26.0925578005
5.6974351585;-46.8584610507;-1925.8956409756;-24.8347795557
5.7097406340;-47.7436641545;-1926.3586185366;-24.6950264173
5.7220461095;-47.2125422922;-1925.5869892683;-25.3937921089
5.7343515850;-47.5666235338;-1925.7413151220;-24.6950264173
5.7466570605;-47.0355016715;-1926.0499668293;-20.9216916827
5.7589625360;-47.0355016715;-1926.0499668293;-22.0397167892
5.7712680115;-46.3273391884;-1927.4388995122;-22.1794699276
5.7835734870;-47.2125422922;-1926.9759219512;-19.8036665761
5.7958789625;-47.3895829130;-1926.9759219512;-19.3844071611
5.8081844380;-47.2125422922;-1926.3586185366;-18.9651477462
5.8204899135;-46.6814204299;-1926.9759219512;-17.1483569480
5.8327953890;-48.0977453961;-1925.1240117073;-18.6856414695
5.8451008646;-47.7436641545;-1926.6672702439;-15.8905787031
5.8574063401;-47.7436641545;-1926.9759219512;-17.8471226396
5.8697118156;-48.0977453961;-1926.2042926829;-18.8253946079
5.8820172911;-47.2125422922;-1926.2042926829;-18.5458883312
5.8943227666;-48.8059078792;-1924.0437307317;-15.6110724265
5.9066282421;-47.7436641545;-1925.7413151220;-17.8471226396
5.9189337176;-47.2125422922;-1925.8956409756;-18.5458883312
5.9312391931;-47.5666235338;-1926.3586185366;-17.2881100863
5.9435446686;-46.8584610507;-1925.8956409756;-14.2135410433
5.9558501441;-46.8584610507;-1926.3586185366;-12.6762565217
5.9681556196;-47.0355016715;-1926.0499668293;-14.0737879049
5.9804610951;-46.1502985676;-1927.5932253659;-10.8594657235
5.9927665706;-47.0355016715;-1927.9018770732;-12.1172439684
6.0050720461;-45.9732579468;-1927.1302478049;-12.8160096600
6.0173775216;-45.2650954637;-1927.4388995122;-9.0426749254
6.0296829971;-45.4421360845;-1928.0562029268;-8.4836623721
6.0419884726;-46.3273391884;-1927.1302478049;-9.0426749254
6.0542939481;-45.9732579468;-1927.5932253659;-8.9029217871
6.0665994236;-45.7962173261;-1929.1364839024;-5.4090933290
6.0789048991;-45.9732579468;-1927.5932253659;-9.0426749254
6.0912103746;-45.6191767053;-1925.7413151220;-7.5053904038
6.1035158501;-45.7962173261;-1926.8215960976;-6.3873652973
6.1158213256;-45.6191767053;-1928.0562029268;-7.5053904038
6.1281268012;-45.6191767053;-1928.5191804878;-6.6668715739
6.1404322767;-44.7339736014;-1928.9821580488;-8.0644029571
6.1527377522;-44.7339736014;-1928.5191804878;-7.5053904038
6.1650432277;-44.9110142222;-1929.4451356098;-8.0644029571
6.1773487032;-44.2028517391;-1929.4451356098;-6.6668715739
6.1896541787;-44.7339736014;-1929.1364839024;-6.5271184356
6.2019596542;-44.2028517391;-1928.8278321951;-6.9463778506
6.2142651297;-43.4946892560;-1930.0624390244;-6.1078590206
6.2265706052;-44.3798923599;-1930.0624390244;-3.8718088075
6.2388760807;-42.9635673937;-1930.2167648781;-7.5053904038
6.2511815562;-43.1406080145;-1929.9081131707;-7.7848966805
6.2634870317;-43.6717298768;-1929.4451356098;-6.8066247122
6.2757925072;-44.0258111184;-1929.7537873171;-4.8500807757
6.2880979827;-42.7865267730;-1929.4451356098;-6.9463778506
6.3004034582;-43.4946892560;-1928.5191804878;-5.5488464673
6.3127089337;-43.8487704976;-1928.8278321951;-6.1078590206
6.3250144092;-43.4946892560;-1928.0562029268;-4.1513150841
6.3373198847;-44.5569329807;-1929.7537873171;-7.3656372655
6.3496253602;-44.2028517391;-1929.4451356098;-9.4619343403
6.3619308357;-44.0258111184;-1929.9081131707;-9.1824280637
6.3742363112;-44.9110142222;-1928.6735063415;-9.3221812020
6.3865417867;-45.6191767053;-1928.3648546341;-10.1607000319
6.3988472622;-45.9732579468;-1929.1364839024;-12.5365033834
6.4111527378;-45.2650954637;-1929.1364839024;-12.6762565217
6.4234582133;-44.9110142222;-1929.2908097561;-15.0520598732
6.4357636888;-45.6191767053;-1930.2167648781;-13.5147753516
6.4480691643;-45.2650954637;-1929.4451356098;-14.3532941816
6.4603746398;-45.9732579468;-1928.9821580488;-15.1918130115
6.4726801153;-45.7962173261;-1927.7475512195;-14.2135410433
6.4849855908;-44.7339736014;-1928.6735063415;-15.6110724265
6.4972910663;-46.1502985676;-1928.5191804878;-14.0737879049
6.5095965418;-45.7962173261;-1930.2167648781;-15.1918130115
6.5219020173;-46.3273391884;-1928.6735063415;-13.6545284900
6.5342074928;-45.6191767053;-1929.2908097561;-13.3750222133
6.5465129683;-45.9732579468;-1929.2908097561;-15.0520598732
6.5588184438;-45.9732579468;-1927.5932253659;-14.9123067349
6.5711239193;-45.4421360845;-1928.0562029268;-15.3315661498
6.5834293948;-45.9732579468;-1928.9821580488;-19.2446540228
6.5957348703;-45.2650954637;-1929.7537873171;-18.2663820546
6.6080403458;-46.1502985676;-1929.1364839024;-18.6856414695
6.6203458213;-46.1502985676;-1928.8278321951;-18.6856414695
6.6326512968;-46.1502985676;-1928.0562029268;-20.6421854060
6.6449567723;-46.3273391884;-1927.7475512195;-21.6204573743
6.6572622478;-46.5043798091;-1926.9759219512;-22.7384824808
6.6695677233;-46.5043798091;-1926.6672702439;-23.4372481724
6.6818731988;-47.0355016715;-1926.3586185366;-20.9216916827
6.6941786744;-47.5666235338;-1925.2783375610;-22.4589762042
6.7064841499;-47.9207047753;-1925.1240117073;-22.8782356192
6.7187896254;-47.5666235338;-1925.7413151220;-23.0179887575
6.7310951009;-47.7436641545;-1925.2783375610;-22.7384824808
6.7434005764;-47.2125422922;-1926.2042926829;-21.8999636509
6.7557060519;-47.5666235338;-1926.5129443902;-22.8782356192
6.7680115274;-47.7436641545;-1925.7413151220;-22.4589762042
6.7803170029;-47.0355016715;-1925.7413151220;-18.4061351929
6.7926224784;-47.5666235338;-1925.1240117073;-20.9216916827
6.8049279539;-47.5666235338;-1924.3523824390;-21.0614448210
6.8172334294;-47.0355016715;-1925.8956409756;-20.3626791294
6.8295389049;-47.3895829130;-1926.3586185366;-19.8036665761
6.8418443804;-47.7436641545;-1926.2042926829;-20.9216916827
6.8541498559;-47.9207047753;-1925.2783375610;-23.8565075874
6.8664553314;-47.9207047753;-1926.5129443902;-21.0614448210
6.8787608069;-47.3895829130;-1925.8956409756;-20.0831728527
6.8910662824;-47.5666235338;-1924.8153600000;-19.3844071611
6.9033717579;-47.5666235338;-1926.6672702439;-19.8036665761
6.9156772334;-48.8059078792;-1925.1240117073;-18.2663820546
6.9279827089;-48.4518266376;-1924.5067082927;-18.6856414695
6.9402881844;-48.0977453961;-1925.7413151220;-21.0614448210
6.9525936599;-48.0977453961;-1925.7413151220;-20.3626791294
6.9648991354;-48.4518266376;-1925.5869892683;-18.6856414695
6.9772046110;-48.8059078792;-1926.0499668293;-19.5241602995
6.9895100865;-49.3370297415;-1924.8153600000;-16.5893443947
7.0018155620;-49.5140703622;-1925.4326634146;-16.8688506714
7.0141210375;-49.1599891207;-1926.0499668293;-14.7725535965
7.0264265130;-47.7436641545;-1925.8956409756;-14.4930473199
7.0387319885;-48.4518266376;-1925.1240117073;-13.2352690750
7.0510374640;-47.9207047753;-1925.2783375610;-10.9992188619
7.0633429395;-48.2747860168;-1926.3586185366;-10.5799594469
7.0756484150;-47.7436641545;-1926.6672702439;-11.1389720002
7.0879538905;-47.2125422922;-1927.4388995122;-9.7414406170
7.1002593660;-46.8584610507;-1927.4388995122;-9.1824280637
7.1125648415;-46.1502985676;-1927.5932253659;-8.7631686487
7.1248703170;-46.1502985676;-1927.1302478049;-9.4619343403
7.1371757925;-45.9732579468;-1928.6735063415;-8.0644029571
7.1494812680;-45.2650954637;-1928.2105287805;-9.0426749254
7.1617867435;-45.6191767053;-1927.4388995122;-10.4402063086
7.1740922190;-45.4421360845;-1927.9018770732;-9.8811937553
7.1863976945;-45.2650954637;-1927.5932253659;-9.3221812020
7.1987031700;-45.6191767053;-1928.5191804878;-5.4090933290
7.2110086455;-45.0880548430;-1928.5191804878;-7.5053904038
7.2233141210;-43.6717298768;-1927.9018770732;-4.2910682225
7.2356195965;-44.0258111184;-1928.0562029268;-4.1513150841
7.2479250720;-44.2028517391;-1927.9018770732;-3.5923025309
7.2602305476;-43.8487704976;-1927.7475512195;-2.6140305626
7.2725360231;-43.6717298768;-1928.3648546341;-2.3345242860
7.2848414986;-42.6094861522;-1927.7475512195;0.1810322038
7.2971469741;-42.0783642899;-1928.6735063415;-0.2382272111
7.3094524496;-42.0783642899;-1928.9821580488;-0.2382272111
7.3217579251;-41.9013236691;-1928.8278321951;-1.0767460411
7.3340634006;-42.0783642899;-1928.6735063415;-1.0767460411
7.3463688761;-41.7242830483;-1929.2908097561;-2.3345242860
7.3586743516;-40.8390799445;-1930.9883941463;-0.2382272111
7.3709798271;-40.6620393237;-1931.1427200000;-0.6574866261
7.3832853026;-40.1309174614;-1930.6797424390;0.8797978954
7.3955907781;-40.4849987029;-1930.5254165854;-0.7972397644
7.4078962536;-40.6620393237;-1930.6797424390;-4.8500807757
7.4202017291;-40.1309174614;-1930.8340682927;-2.6140305626
7.4325072046;-39.5997955991;-1931.7600234146;-3.4525493925
7.4448126801;-39.7768362199;-1930.3710907317;-1.0767460411
7.4571181556;-41.0161205653;-1931.6056975610;-3.1730431159
7.4694236311;-40.4849987029;-1930.9883941463;-3.8718088075
7.4817291066;-41.3702018068;-1930.8340682927;-1.7755117327
7.4940345821;-41.1931611860;-1930.6797424390;-3.8718088075
7.5063400576;-41.5472424276;-1929.1364839024;-2.3345242860
7.5186455331;-40.8390799445;-1930.3710907317;-4.0115619458
7.5309510086;-41.3702018068;-1930.3710907317;-5.5488464673
7.5432564841;-41.7242830483;-1930.8340682927;-2.8935368392
7.5555619597;-41.7242830483;-1929.2908097561;-4.1513150841
7.5678674352;-42.2554049107;-1929.5994614634;-4.5705744991
7.5801729107;-42.4324455314;-1928.8278321951;-4.7103276374
7.5924783862;-41.7242830483;-1930.0624390244;-4.0115619458
7.6047838617;-41.7242830483;-1928.8278321951;-5.4090933290
7.6170893372;-42.7865267730;-1929.2908097561;-6.3873652973
7.6293948127;-42.2554049107;-1930.3710907317;-8.3439092338
7.6417002882;-42.2554049107;-1929.1364839024;-8.9029217871
7.6540057637;-42.9635673937;-1930.2167648781;-7.6451435422
7.6663112392;-42.9635673937;-1930.9883941463;-8.3439092338
7.6786167147;-43.4946892560;-1930.2167648781;-9.7414406170
7.6909221902;-44.0258111184;-1929.9081131707;-10.4402063086
7.7032276657;-43.3176486353;-1930.2167648781;-10.9992188619
7.7155331412;-43.4946892560;-1928.9821580488;-9.6016874787
7.7278386167;-44.7339736014;-1929.4451356098;-13.3750222133
7.7401440922;-45.9732579468;-1929.1364839024;-11.6979845535
7.7524495677;-46.1502985676;-1929.1364839024;-11.2787251385
7.7647550432;-45.7962173261;-1926.8215960976;-12.6762565217
7.7770605187;-46.3273391884;-1928.8278321951;-11.2787251385
7.7893659942;-46.6814204299;-1927.5932253659;-10.0209468936
7.8016714697;-45.4421360845;-1927.4388995122;-10.8594657235
7.8139769452;-46.8584610507;-1927.4388995122;-11.6979845535
7.8262824207;-47.3895829130;-1927.1302478049;-12.8160096600
7.8385878963;-47.5666235338;-1926.8215960976;-10.5799594469
7.8508933718;-47.2125422922;-1926.8215960976;-11.9774908301
7.8631988473;-47.7436641545;-1927.9018770732;-12.2569971068
7.8755043228;-48.9829484999;-1926.8215960976;-11.1389720002
7.8878097983;-49.1599891207;-1926.2042926829;-13.9340347666
7.9001152738;-48.6288672584;-1927.1302478049;-13.9340347666
7.9124207493;-47.9207047753;-1925.4326634146;-13.2352690750
7.9247262248;-48.2747860168;-1926.3586185366;-13.3750222133
7.9370317003;-48.9829484999;-1927.2845736585;-16.3098381181
7.9493371758;-49.5140703622;-1925.7413151220;-14.3532941816
7.9616426513;-49.5140703622;-1926.2042926829;-16.8688506714
7.9739481268;-49.8681516038;-1926.2042926829;-14.9123067349
7.9862536023;-48.8059078792;-1925.8956409756;-12.6762565217
7.9985590778;-49.5140703622;-1924.8153600000;-11.9774908301
8.0108645533;-49.1599891207;-1925.2783375610;-13.0955159367
8.0231700288;-49.3370297415;-1926.0499668293;-11.9774908301
8.0354755043;-49.3370297415;-1924.1980565854;-7.0861309889
8.0477809798;-48.9829484999;-1925.1240117073;-11.9774908301
8.0600864553;-48.8059078792;-1923.4264273171;-9.4619343403
8.0723919308;-48.8059078792;-1924.6610341463;-8.9029217871
8.0846974063;-48.9829484999;-1924.3523824390;-9.4619343403
8.0970028818;-48.8059078792;-1926.0499668293;-9.1824280637
8.1093083573;-48.8059078792;-1924.8153600000;-10.9992188619
8.1216138329;-48.2747860168;-1925.2783375610;-8.3439092338
8.1339193084;-47.2125422922;-1924.8153600000;-6.9463778506
8.1462247839;-47.5666235338;-1924.9696858537;-7.2258841272
8.1585302594;-47.2125422922;-1924.6610341463;-7.2258841272
8.1708357349;-45.9732579468;-1926.6672702439;-5.2693401907
8.1831412104;-45.6191767053;-1926.6672702439;-6.1078590206
8.1954466859;-45.2650954637;-1927.1302478049;-6.1078590206
8.2077521614;-44.5569329807;-1927.1302478049;-4.4308213608
8.2200576369;-44.2028517391;-1926.3586185366;-3.1730431159
8.2323631124;-43.6717298768;-1927.4388995122;-2.8935368392
8.2446685879;-43.4946892560;-1927.4388995122;-1.3562523177
8.2569740634;-42.9635673937;-1926.9759219512;-1.9152648710
8.2692795389;-42.2554049107;-1927.9018770732;-0.2382272111
8.2815850144;-41.3702018068;-1927.2845736585;1.8580698637
8.2938904899;-41.7242830483;-1926.9759219512;-1.0767460411
8.3061959654;-41.0161205653;-1926.5129443902;1.2990573104
8.3185014409;-39.7768362199;-1926.3586185366;2.6965886936
8.3308069164;-40.3079580822;-1926.0499668293;3.6748606618
8.3431123919;-39.7768362199;-1927.4388995122;4.3736263535
8.3554178674;-38.5375518745;-1926.6672702439;2.1375761403
8.3677233429;-37.6523487706;-1928.9821580488;3.2556012469
8.3800288184;-37.2982675291;-1929.7537873171;2.6965886936
8.3923342939;-36.0589831837;-1929.5994614634;3.5351075235
8.4046397695;-35.1737800798;-1929.5994614634;1.9978230020
8.4169452450;-35.5278613214;-1931.6056975610;4.0941200768
8.4292507205;-34.6426582175;-1930.6797424390;4.9326389067
8.4415561960;-33.2263332514;-1932.8403043902;3.8146138002
8.4538616715;-32.8722520098;-1932.3773268293;4.6531326301
8.4661671470;-32.6952113890;-1931.1427200000;6.1904171516
8.4784726225;-31.9870489060;-1931.2970458537;7.4481953965
8.4907780980;-31.4559270437;-1930.6797424390;8.7059736414
8.5030835735;-31.6329676644;-1930.6797424390;9.4047393330
8.5153890490;-30.7477645606;-1932.6859785366;8.9854799180
8.5276945245;-29.8625614567;-1930.9883941463;9.4047393330
8.5400000000;-30.2166426983;-1930.8340682927;8.8457267797
8.5523054755;-29.6855208360;-1930.8340682927;8.5662205031
8.5646109510;-29.6855208360;-1931.2970458537;9.8239987480
8.5769164265;-29.6855208360;-1932.5316526829;7.1686891199
8.5892219020;-29.8625614567;-1931.7600234146;8.8457267797
8.6015273775;-29.6855208360;-1931.9143492683;8.5662205031
8.6138328530;-29.3314395944;-1930.3710907317;8.9854799180
8.6261383285;-29.5084802152;-1932.5316526829;8.2867142264
8.6384438040;-29.8625614567;-1932.8403043902;6.0506640133
8.6507492795;-30.2166426983;-1932.3773268293;7.4481953965
8.6630547550;-30.5707239398;-1932.6859785366;8.0072079498
8.6753602305;-30.9248051813;-1933.3032819512;7.7277016732
8.6876657061;-31.4559270437;-1932.5316526829;5.3518983217
8.6999711816;-31.2788864229;-1934.2292370732;5.4916514600
8.7122766571;-30.2166426983;-1933.7662595122;4.3736263535
8.7245821326;-30.9248051813;-1933.4576078049;5.6314045983
8.7368876081;-31.6329676644;-1934.0749112195;6.4699234283
8.7491930836;-31.4559270437;-1934.3835629268;5.9109108750
8.7614985591;-32.3411301475;-1932.2230009756;7.5879485348
8.7738040346;-32.1640895267;-1931.7600234146;4.7928857684
8.7861095101;-33.0492926306;-1933.3032819512;7.5879485348
8.7984149856;-33.9344957344;-1932.8403043902;4.3736263535
8.8107204611;-33.9344957344;-1932.2230009756;4.5133794918
8.8230259366;-34.8196988383;-1931.4513717073;5.6314045983
8.8353314121;-34.8196988383;-1932.0686751220;4.6531326301
8.8476368876;-35.7049019421;-1931.7600234146;5.0723920451
8.8599423631;-36.7671456668;-1930.8340682927;5.3518983217
8.8722478386;-37.4753081498;-1931.1427200000;1.8580698637
8.8845533141;-37.1212269083;-1930.0624390244;2.9760949702
8.8968587896;-37.4753081498;-1930.2167648781;1.9978230020
8.9091642651;-38.0064300122;-1931.2970458537;2.9760949702
8.9214697406;-38.5375518745;-1928.6735063415;0.7400447571
8.9337752161;-39.0686737368;-1930.0624390244;2.8363418319
8.9460806916;-39.0686737368;-1929.1364839024;2.6965886936
8.9583861671;-39.0686737368;-1928.2105287805;2.1375761403
8.9706916427;-39.7768362199;-1928.0562029268;2.4170824170
8.9829971182;-39.4227549783;-1928.6735063415;0.4605384805
8.9953025937;-40.1309174614;-1927.1302478049;4.6531326301
9.0076080692;-39.9538768406;-1926.6672702439;2.8363418319
9.0199135447;-39.7768362199;-1925.7413151220;2.1375761403
9.0322190202;-39.7768362199;-1926.0499668293;3.3953543852
9.0445244957;-39.9538768406;-1926.6672702439;3.6748606618
9.0568299712;-39.7768362199;-1926.8215960976;3.5351075235
9.0691354467;-39.9538768406;-1925.5869892683;4.0941200768
9.0814409222;-40.1309174614;-1926.2042926829;4.0941200768
9.0937463977;-40.8390799445;-1926.2042926829;4.9326389067
9.1060518732;-40.6620393237;-1925.5869892683;4.7928857684
9.1183573487;-39.9538768406;-1927.1302478049;4.3736263535
9.1306628242;-40.4849987029;-1924.5067082927;6.0506640133
9.1429682997;-39.5997955991;-1926.3586185366;4.7928857684
9.1552737752;-39.9538768406;-1925.4326634146;5.3518983217
9.1675792507;-40.4849987029;-1925.5869892683;5.9109108750
9.1798847262;-39.4227549783;-1925.5869892683;6.1904171516
9.1921902017;-38.7145924952;-1925.8956409756;6.7494297049
9.2044956772;-38.3605112537;-1926.2042926829;8.7059736414
9.2168011527;-37.2982675291;-1925.5869892683;8.8457267797
9.2291066282;-36.7671456668;-1925.2783375610;9.5444924713
9.2414121037;-36.2360238045;-1925.5869892683;8.4264673648
9.2537175793;-35.3508207006;-1924.9696858537;11.0817769929
9.2660230548;-33.9344957344;-1925.1240117073;13.3178272060
9.2783285303;-33.2263332514;-1925.4326634146;10.8022707162
9.2906340058;-32.5181707683;-1925.1240117073;13.7370866210
9.3029394813;-31.6329676644;-1925.5869892683;9.9637518863
9.3152449568;-30.5707239398;-1926.5129443902;11.7805426845
9.3275504323;-30.0396020775;-1927.1302478049;12.0600489611
9.3398559078;-28.8003177321;-1928.9821580488;14.7153585892
9.3521613833;-28.2691958698;-1928.2105287805;9.9637518863
9.3644668588;-27.7380740075;-1928.6735063415;13.1780740677
9.3767723343;-27.2069521452;-1928.8278321951;13.7370866210
9.3890778098;-26.8528709036;-1929.2908097561;12.6190615144
9.4013832853;-25.6135865582;-1928.6735063415;12.3395552378
9.4136887608;-23.6661397298;-1931.2970458537;14.7153585892
9.4259942363;-23.1350178674;-1930.6797424390;13.5973334826
9.4382997118;-22.0727741428;-1930.9883941463;15.2743711425
9.4506051873;-20.6564491767;-1930.6797424390;13.3178272060
9.4629106628;-20.4794085559;-1930.3710907317;13.5973334826
9.4752161383;-19.0630835897;-1929.9081131707;15.8333836958
9.4875216138;-17.6467586236;-1929.2908097561;16.9514088024
9.4998270893;-16.4074742782;-1930.6797424390;16.5321493874
9.5121325648;-15.5222711743;-1930.5254165854;15.8333836958
9.5244380403;-14.2829868289;-1930.0624390244;17.5104213556
9.5367435159;-12.1584993797;-1932.0686751220;14.8551117275
9.5490489914;-11.0962556551;-1932.0686751220;17.9296807706
9.5613544669;-10.5651337927;-1932.2230009756;15.9731368341
9.5736599424;-9.5028900681;-1933.3032819512;16.5321493874
9.5859654179;-8.4406463435;-1933.6119336585;16.6719025257
9.5982708934;-8.4406463435;-1932.6859785366;17.3706682173
9.6105763689;-6.8472807566;-1933.9205853659;15.8333836958
9.6228818444;-6.1391182735;-1935.1551921951;17.3706682173
9.6351873199;-5.7850370319;-1934.2292370732;17.2309150790
9.6474927954;-5.7850370319;-1935.4638439024;16.3923962491
9.6597982709;-4.7227933073;-1935.0008663415;15.6936305575
9.6721037464;-4.7227933073;-1935.0008663415;15.6936305575
9.6844092219;-3.8375902035;-1935.3095180488;16.5321493874
9.6967146974;-3.3064683412;-1935.6181697561;18.0694339089
9.7090201729;-3.3064683412;-1935.6181697561;18.0694339089
9.7213256484;-3.1294277204;-1934.3835629268;16.8116556640
9.7336311239;-3.3064683412;-1934.8465404878;17.7899276323
9.7459365994;-3.1294277204;-1934.8465404878;15.5538774191
9.7582420749;-2.2442246165;-1935.0008663415;14.8551117275
9.7705475504;-2.2442246165;-1935.0008663415;14.8551117275
9.7828530259;-2.4212652373;-1935.3095180488;15.9731368341
9.7951585014;-1.5360621335;-1935.6181697561;16.2526431107
9.8074639769;-1.5360621335;-1935.6181697561;16.2526431107
9.8197694524;-0.8278996504;-1936.0811473171;17.0911619407
9.8320749280;-1.0049402711;-1935.4638439024;15.2743711425
9.8443804035;-1.0049402711;-1935.7724956098;14.2960991743
9.8566858790;-1.3590215127;-1934.5378887805;15.2743711425
9.8689913545;-2.2442246165;-1936.2354731707;14.8551117275
9.8812968300;-1.7131027542;-1937.3157541463;14.2960991743
9.8936023055;-2.2442246165;-1935.9268214634;15.9731368341
9.9059077810;-2.7753464789;-1935.9268214634;14.7153585892
9.9182132565;-2.7753464789;-1936.0811473171;15.8333836958
9.9305187320;-3.4835089619;-1935.3095180488;12.7588146527
9.9428242075;-4.3687120658;-1937.0071024390;14.4358523126
9.9551296830;-5.0768745489;-1936.8527765854;16.8116556640
9.9674351585;-5.6079964112;-1936.0811473171;14.2960991743
9.9797406340;-6.1391182735;-1935.9268214634;14.5756054509
9.9920461095;-7.2013619981;-1936.5441248781;15.9731368341
10.0043515850;-7.3784026189;-1934.6922146341;15.5538774191
10.0166570605;-7.7324838604;-1933.9205853659;15.9731368341
10.0289625360;-8.2636057227;-1933.4576078049;17.5104213556
10.0412680115;-7.7324838604;-1933.7662595122;16.1128899724
10.0535734870;-8.4406463435;-1933.4576078049;17.9296807706
10.0658789625;-9.5028900681;-1933.4576078049;16.1128899724
10.0781844380;-8.7947275850;-1932.5316526829;16.5321493874
10.0904899135;-8.6176869643;-1931.9143492683;17.5104213556
10.1027953890;-8.7947275850;-1931.4513717073;19.6067184305
10.1151008646;-8.4406463435;-1933.3032819512;15.8333836958
10.1274063401;-8.9717682058;-1931.4513717073;19.0477058772
10.1397118156;-8.7947275850;-1932.2230009756;16.5321493874
10.1520172911;-8.7947275850;-1931.6056975610;14.7153585892
10.1643227666;-9.3258494474;-1932.0686751220;16.3923962491
10.1766282421;-9.3258494474;-1933.1489560976;16.3923962491
10.1889337176;-9.1488088266;-1932.3773268293;18.6284464622
10.2012391931;-9.3258494474;-1931.2970458537;17.7899276323
10.2135446686;-9.3258494474;-1931.4513717073;16.5321493874
10.2258501441;-9.6799306889;-1929.1364839024;17.9296807706
10.2381556196;-10.0340119304;-1929.5994614634;17.9296807706
10.2504610951;-9.3258494474;-1929.9081131707;19.1874590155
10.2627665706;-9.1488088266;-1929.2908097561;21.0042498137
10.2750720461;-8.9717682058;-1928.9821580488;17.9296807706
10.2873775216;-7.7324838604;-1927.2845736585;20.8644966753
10.2996829971;-8.0865651020;-1929.1364839024;20.7247435370
10.3119884726;-7.3784026189;-1928.3648546341;20.5849903987
10.3242939481;-7.2013619981;-1926.8215960976;20.8644966753
10.3365994236;-5.7850370319;-1928.5191804878;20.1657309837
10.3489048991;-5.4309557904;-1927.9018770732;21.5632623669
10.3612103746;-4.7227933073;-1928.9821580488;22.5415343352
10.3735158501;-3.8375902035;-1929.7537873171;21.0042498137
10.3858213256;-3.4835089619;-1929.4451356098;17.9296807706
10.3981268012;-2.7753464789;-1928.9821580488;18.2091870472
10.4104322767;-1.7131027542;-1928.8278321951;18.7681996005
10.4227377522;-0.6508590296;-1928.9821580488;22.4017811969
10.4350432277;0.2343440742;-1928.9821580488;19.8862247071
10.4473487032;1.1195471781;-1930.3710907317;18.2091870472
10.4596541787;1.6506690404;-1929.2908097561;18.2091870472
10.4719596542;2.5358721443;-1931.6056975610;20.4452372604
10.4842651297;2.7129127650;-1930.0624390244;18.7681996005
10.4965706052;3.9521971104;-1929.4451356098;19.4669652921
10.5088760807;4.1292377312;-1929.7537873171;20.4452372604
10.5211815562;5.5455626974;-1930.0624390244;20.3054841221
10.5334870317;7.1389282843;-1929.5994614634;19.6067184305
10.5457925072;7.3159689051;-1929.7537873171;20.4452372604
10.5580979827;8.5552532505;-1931.4513717073;18.6284464622
10.5704034582;8.5552532505;-1931.7600234146;18.3489401856
10.5827089337;9.4404563543;-1932.5316526829;16.5321493874
10.5950144092;10.1486188374;-1931.9143492683;16.2526431107
10.6073198847;10.3256594582;-1930.8340682927;16.2526431107
10.6196253602;12.4501469074;-1932.3773268293;15.9731368341
10.6319308357;12.9812687697;-1933.4576078049;15.6936305575
10.6442363112;13.8664718736;-1934.8465404878;13.5973334826
10.6565417867;15.4598374605;-1933.6119336585;14.5756054509
10.6688472622;16.1679999436;-1933.9205853659;15.1346180042
10.6811527378;16.8761624267;-1935.9268214634;10.9420238545
10.6934582133;17.4072842890;-1934.0749112195;11.9202958228
10.7057636888;18.6465686344;-1935.3095180488;11.9202958228
10.7180691643;19.0006498759;-1935.1551921951;10.9420238545
10.7303746398;19.1776904967;-1933.1489560976;10.8022707162
10.7426801153;19.3547311174;-1934.3835629268;10.9420238545
10.7549855908;20.2399342213;-1936.5441248781;10.6625175779
10.7672910663;20.0628936005;-1935.3095180488;10.5227644396
10.7795965418;20.7710560836;-1936.2354731707;12.3395552378
10.7919020173;22.1873810498;-1937.4700800000;7.8674548115
10.8042074928;21.6562591875;-1936.6984507317;8.0072079498
10.8165129683;22.5414622913;-1935.7724956098;9.8239987480
10.8288184438;24.1348278782;-1936.8527765854;8.0072079498
10.8411239193;23.0725841536;-1936.6984507317;7.1686891199
10.8534293948;23.6037060159;-1937.9330575610;8.0072079498
10.8657348703;23.4266653952;-1937.6244058537;5.9109108750
10.8780403458;24.4889091198;-1937.3157541463;6.6096765666
10.8903458213;24.8429903613;-1938.0873834146;5.7711577367
10.9026512968;24.6659497406;-1939.1676643902;6.1904171516
10.9149567723;25.1970716029;-1938.2417092683;7.3084422582
10.9272622478;24.6659497406;-1938.5503609756;5.4916514600
10.9395677233;24.3118684990;-1938.8590126829;5.2121451834
10.9518731988;24.6659497406;-1938.0873834146;5.3518983217
10.9641786744;24.6659497406;-1939.3219902439;6.1904171516
10.9764841499;23.9577872575;-1939.0133385366;5.4916514600
10.9887896254;23.6037060159;-1939.1676643902;5.7711577367
11.0010951009;23.9577872575;-1939.4763160976;6.7494297049
11.0134005764;23.6037060159;-1938.5503609756;4.5133794918
11.0257060519;24.1348278782;-1937.7787317073;5.6314045983
11.0380115274;22.7185029121;-1938.3960351220;6.1904171516
11.0503170029;22.8955435329;-1938.2417092683;9.1252330564
11.0626224784;22.7185029121;-1938.2417092683;5.0723920451
11.0749279539;23.6037060159;-1937.7787317073;7.0289359816
11.0872334294;22.7185029121;-1936.5441248781;8.0072079498
11.0995389049;22.3644216705;-1938.3960351220;5.9109108750
11.1118443804;21.4792185667;-1937.4700800000;7.8674548115
11.1241498559;21.4792185667;-1937.6244058537;6.7494297049
11.1364553314;21.1251373252;-1936.8527765854;6.8891828432
11.1487608069;20.9480967044;-1938.0873834146;8.0072079498
11.1610662824;21.6562591875;-1937.6244058537;6.7494297049
11.1733717579;20.5940154628;-1938.0873834146;7.5879485348
11.1856772334;21.4792185667;-1937.4700800000;7.8674548115
11.1979827089;20.0628936005;-1936.0811473171;7.7277016732
11.2102881844;20.0628936005;-1936.8527765854;10.5227644396
11.2225936599;19.5317717382;-1936.6984507317;10.1035050246
11.2348991354;19.3547311174;-1936.3897990244;9.6842456097
11.2472046110;18.1154467721;-1936.5441248781;9.9637518863
11.2595100865;19.7088123590;-1935.9268214634;13.4575803443
11.2718155620;19.8858529798;-1934.8465404878;12.0600489611
11.2841210375;19.1776904967;-1934.5378887805;13.8768397593
11.2964265130;19.5317717382;-1934.3835629268;10.8022707162
11.3087319885;19.5317717382;-1933.4576078049;12.4793083761
11.3210374640;19.1776904967;-1935.1551921951;14.0165928976
11.3333429395;20.0628936005;-1933.9205853659;12.3395552378
11.3456484150;18.6465686344;-1934.3835629268;11.3612832695
11.3579538905;19.1776904967;-1933.4576078049;12.8985677910
11.3702593660;19.0006498759;-1933.6119336585;15.6936305575
11.3825648415;19.5317717382;-1932.9946302439;13.3178272060
11.3948703170;20.5940154628;-1933.7662595122;13.5973334826
11.4071757925;20.9480967044;-1933.4576078049;12.3395552378
11.4194812680;19.5317717382;-1932.9946302439;13.7370866210
11.4317867435;19.7088123590;-1932.9946302439;15.1346180042
11.4440922190;20.7710560836;-1933.1489560976;13.8768397593
11.4563976945;21.3021779459;-1933.1489560976;14.0165928976
11.4687031700;20.4169748421;-1931.9143492683;15.4141242808
11.4810086455;22.0103404290;-1932.9946302439;14.9948648659
11.4933141210;22.3644216705;-1932.3773268293;14.8551117275
11.5056195965;23.0725841536;-1932.8403043902;12.8985677910
11.5179250720;22.1873810498;-1931.4513717073;14.9948648659
11.5302305476;23.6037060159;-1931.6056975610;15.2743711425
11.5425360231;24.1348278782;-1930.8340682927;14.5756054509
11.5548414986;23.9577872575;-1930.8340682927;12.4793083761
11.5671469741;24.1348278782;-1930.6797424390;13.5973334826
11.5794524496;25.1970716029;-1930.3710907317;13.5973334826
11.5917579251;25.3741122236;-1931.1427200000;11.5010364078
11.6040634006;25.1970716029;-1932.6859785366;11.2215301312
11.6163688761;25.3741122236;-1931.1427200000;9.6842456097
11.6286743516;26.7904371898;-1932.6859785366;10.1035050246
11.6409798271;26.7904371898;-1933.3032819512;8.1469610881
11.6532853026;28.2067621560;-1932.5316526829;8.7059736414
11.6655907781;27.8526809144;-1934.2292370732;7.0289359816
11.6778962536;28.5608433975;-1933.6119336585;8.5662205031
11.6902017291;28.5608433975;-1933.3032819512;8.9854799180
11.7025072046;29.2690058806;-1934.2292370732;8.0072079498
11.7148126801;29.2690058806;-1934.0749112195;7.5879485348
11.7271181556;30.3312496052;-1935.0008663415;7.0289359816
11.7394236311;29.6230871221;-1933.7662595122;6.6096765666
11.7517291066;30.3312496052;-1934.0749112195;5.4916514600
11.7640345821;31.5705339506;-1933.7662595122;5.7711577367
11.7763400576;31.7475745714;-1932.6859785366;6.8891828432
11.7886455331;31.5705339506;-1932.2230009756;6.6096765666
11.8009510086;32.1016558129;-1932.3773268293;7.0289359816
11.8132564841;32.6327776752;-1934.3835629268;4.7928857684
11.8255619597;32.6327776752;-1934.3835629268;2.9760949702
11.8378674352;32.2786964337;-1936.5441248781;1.4388104487
11.8501729107;32.8098182960;-1936.5441248781;1.4388104487
11.8624783862;33.3409401583;-1935.4638439024;2.1375761403
11.8747838617;32.9868589168;-1936.2354731707;-1.0767460411
11.8870893372;33.6950213998;-1936.2354731707;0.3207853421
11.8993948127;33.6950213998;-1935.7724956098;1.1593041721
11.9117002882;32.8098182960;-1936.6984507317;0.1810322038
11.9240057637;33.1638995375;-1936.8527765854;-4.0115619458
11.9363112392;33.1638995375;-1937.0071024390;-3.0332899776
11.9486167147;33.1638995375;-1936.3897990244;-2.6140305626
11.9609221902;34.2261432622;-1938.5503609756;-2.3345242860
11.9732276657;33.6950213998;-1937.1614282927;-4.8500807757
11.9855331412;33.6950213998;-1937.0071024390;-4.1513150841
11.9978386167;34.7572651245;-1937.6244058537;-5.8283527440
12.0101440922;34.0491026414;-1938.2417092683;-1.7755117327
12.0224495677;34.0491026414;-1937.4700800000;-4.8500807757
12.0347550432;34.2261432622;-1938.2417092683;-4.5705744991
12.0470605187;34.5802245037;-1938.0873834146;-5.8283527440
12.0593659942;34.4031838829;-1937.7787317073;-4.9898339141
12.0716714697;33.8720620206;-1937.7787317073;-5.6885996057
12.0839769452;34.0491026414;-1939.3219902439;-3.7320556692
12.0962824207;34.0491026414;-1940.2479453659;-5.1295870524
12.1085878963;33.3409401583;-1939.9392936585;-5.8283527440
12.1208933718;34.0491026414;-1940.7109229268;-6.8066247122
12.1331988473;33.1638995375;-1939.9392936585;-8.2041560954
12.1455043228;33.6950213998;-1938.2417092683;-6.6668715739
12.1578097983;32.4557370545;-1939.3219902439;-5.1295870524
12.1701152738;33.1638995375;-1939.4763160976;-4.2910682225
12.1824207493;31.7475745714;-1938.2417092683;-4.1513150841
12.1947262248;31.9246151921;-1938.7046868293;-4.0115619458
12.2070317003;31.5705339506;-1938.7046868293;-4.9898339141
12.2193371758;32.1016558129;-1939.4763160976;-3.1730431159
12.2316426513;31.2164527091;-1937.7787317073;-1.2164991794
12.2439481268;30.8623714675;-1938.0873834146;-3.3127962542
12.2562536023;31.3934933298;-1939.1676643902;-2.4742774243
12.2685590778;31.0394120883;-1937.9330575610;-2.3345242860
12.2808645533;31.5705339506;-1938.5503609756;-1.2164991794
12.2931700288;31.2164527091;-1937.9330575610;-0.5177334878
12.3054755043;31.7475745714;-1937.9330575610;1.4388104487
12.3177809798;30.5082902260;-1938.2417092683;0.1810322038
12.3300864553;30.8623714675;-1938.8590126829;1.4388104487
12.3423919308;30.1542089844;-1937.9330575610;3.1158481086
12.3546974063;30.6853308468;-1938.2417092683;-0.6574866261
12.3670028818;30.5082902260;-1939.1676643902;-0.3779803495
12.3793083573;31.2164527091;-1937.4700800000;0.3207853421
12.3916138329;30.1542089844;-1936.6984507317;2.1375761403
12.4039193084;30.1542089844;-1937.1614282927;0.6002916188
12.4162247839;30.1542089844;-1935.9268214634;2.1375761403
12.4285302594;30.5082902260;-1936.0811473171;1.7183167254
12.4408357349;29.9771683637;-1935.1551921951;2.1375761403
12.4531412104;29.4460465014;-1936.3897990244;3.9543669385
12.4654466859;30.5082902260;-1936.2354731707;2.6965886936
12.4777521614;30.6853308468;-1935.3095180488;4.0941200768
12.4900576369;30.6853308468;-1935.0008663415;4.9326389067
12.5023631124;30.6853308468;-1934.6922146341;6.0506640133
12.5146685879;29.9771683637;-1934.3835629268;5.2121451834
12.5269740634;29.6230871221;-1933.4576078049;5.7711577367
12.5392795389;29.8001277429;-1933.1489560976;4.2338732151
12.5515850144;31.0394120883;-1934.2292370732;3.5351075235
12.5638904899;30.8623714675;-1933.6119336585;5.4916514600
12.5761959654;30.6853308468;-1933.1489560976;5.2121451834
12.5885014409;31.3934933298;-1931.7600234146;4.5133794918
12.6008069164;31.5705339506;-1932.9946302439;5.4916514600
12.6131123919;31.7475745714;-1932.3773268293;4.9326389067
12.6254178674;31.5705339506;-1932.3773268293;5.3518983217
12.6377233429;32.1016558129;-1932.3773268293;6.0506640133
12.6500288184;32.8098182960;-1932.5316526829;2.5568355553
12.6623342939;32.9868589168;-1931.7600234146;2.4170824170
12.6746397695;33.1638995375;-1931.9143492683;6.0506640133
12.6869452450;33.1638995375;-1932.3773268293;4.2338732151
12.6992507205;33.6950213998;-1933.4576078049;5.4916514600
12.7115561960;33.5179807791;-1931.7600234146;3.2556012469
12.7238616715;34.2261432622;-1931.2970458537;5.9109108750
12.7361671470;34.0491026414;-1931.2970458537;3.8146138002
12.7484726225;34.4031838829;-1930.6797424390;6.8891828432
12.7607780980;34.7572651245;-1930.5254165854;4.5133794918
12.7730835735;34.5802245037;-1932.2230009756;5.0723920451
12.7853890490;35.2883869868;-1932.6859785366;3.9543669385
12.7976945245;36.1735900906;-1931.6056975610;5.0723920451
12.8100000000;35.8195088491;-1931.2970458537;6.3301702899
12.8223054755;35.8195088491;-1932.6859785366;2.4170824170
12.8346109510;35.9965494699;-1932.2230009756;1.7183167254
12.8469164265;36.7047119529;-1932.0686751220;-2.1947711476
12.8592219020;36.3506307114;-1931.1427200000;-0.0984740728
12.8715273775;36.5276713322;-1932.0686751220;-3.0332899776
12.8838328530;36.5276713322;-1933.9205853659;-1.0767460411
12.8961383285;36.7047119529;-1932.3773268293;-1.3562523177
12.9084438040;37.2358338153;-1932.5316526829;-2.6140305626
12.9207492795;37.2358338153;-1932.6859785366;-0.6574866261
12.9330547550;37.4128744360;-1932.9946302439;-0.9369929027
12.9453602305;37.2358338153;-1933.9205853659;-3.4525493925
12.9576657061;37.2358338153;-1933.9205853659;-1.2164991794
12.9699711816;37.2358338153;-1932.8403043902;-3.5923025309
12.9822766571;37.2358338153;-1933.1489560976;-4.4308213608
12.9945821326;37.7669556776;-1935.0008663415;-3.5923025309
13.0068876081;37.7669556776;-1934.5378887805;-3.7320556692
13.0191930836;37.0587931945;-1935.0008663415;-6.8066247122
13.0314985591;37.2358338153;-1936.5441248781;-4.7103276374
13.0438040346;36.7047119529;-1935.1551921951;-4.8500807757
13.0561095101;37.4128744360;-1935.6181697561;-7.2258841272
13.0684149856;37.0587931945;-1936.2354731707;-9.4619343403
13.0807204611;36.3506307114;-1936.0811473171;-8.2041560954
13.0930259366;36.8817525737;-1937.3157541463;-9.0426749254
13.1053314121;36.1735900906;-1937.1614282927;-9.7414406170
13.1176368876;36.7047119529;-1936.5441248781;-10.8594657235
13.1299423631;36.3506307114;-1936.2354731707;-10.5799594469
13.1422478386;35.9965494699;-1935.9268214634;-14.2135410433
13.1545533141;36.3506307114;-1937.9330575610;-10.9992188619
13.1668587896;36.3506307114;-1936.8527765854;-13.5147753516
13.1791642651;35.6424682283;-1937.3157541463;-12.6762565217
13.1914697406;35.8195088491;-1936.8527765854;-12.2569971068
13.2037752161;35.1113463660;-1938.0873834146;-12.5365033834
13.2160806916;35.2883869868;-1937.4700800000;-11.1389720002
13.2283861671;35.2883869868;-1937.4700800000;-10.0209468936
13.2406916427;35.2883869868;-1937.3157541463;-11.9774908301
13.2529971182;35.2883869868;-1936.6984507317;-10.0209468936
13.2653025937;35.8195088491;-1937.1614282927;-10.0209468936
13.2776080692;35.2883869868;-1938.7046868293;-11.6979845535
13.2899135447;34.7572651245;-1937.9330575610;-9.4619343403
13.3022190202;34.5802245037;-1938.8590126829;-10.8594657235
13.3145244957;33.8720620206;-1939.6306419512;-12.1172439684
13.3268299712;33.8720620206;-1939.6306419512;-12.9557627984
13.3391354467;33.8720620206;-1939.7849678049;-9.3221812020
13.3514409222;33.6950213998;-1939.9392936585;-10.9992188619
13.3637463977;32.8098182960;-1938.3960351220;-11.9774908301
13.3760518732;33.5179807791;-1939.0133385366;-9.6016874787
13.3883573487;33.8720620206;-1939.6306419512;-8.9029217871
13.4006628242;33.6950213998;-1939.0133385366;-9.1824280637
13.4129682997;33.3409401583;-1939.4763160976;-9.1824280637
13.4252737752;34.7572651245;-1939.6306419512;-9.3221812020
13.4375792507;34.0491026414;-1939.9392936585;-7.5053904038
13.4498847262;33.3409401583;-1939.3219902439;-6.6668715739
13.4621902017;32.9868589168;-1938.7046868293;-7.6451435422
13.4744956772;33.8720620206;-1938.7046868293;-4.8500807757
13.4868011527;33.3409401583;-1938.3960351220;-6.2476121590
13.4991066282;33.5179807791;-1938.2417092683;-3.8718088075
13.5114121037;32.6327776752;-1938.2417092683;-3.1730431159
13.5237175793;33.6950213998;-1936.5441248781;-1.9152648710
13.5360230548;33.5179807791;-1937.6244058537;-3.7320556692
13.5483285303;33.8720620206;-1937.4700800000;-3.3127962542
13.5606340058;34.0491026414;-1936.3897990244;-1.3562523177
13.5729394813;33.6950213998;-1935.9268214634;0.7400447571
13.5852449568;33.5179807791;-1937.3157541463;0.6002916188
13.5975504323;33.6950213998;-1936.2354731707;-2.8935368392
13.6098559078;34.0491026414;-1935.0008663415;-1.3562523177
13.6221613833;34.2261432622;-1935.6181697561;1.0195510337
13.6344668588;34.5802245037;-1935.7724956098;-0.3779803495
13.6467723343;33.5179807791;-1935.0008663415;-0.2382272111
13.6590778098;34.4031838829;-1934.2292370732;2.4170824170
13.6713832853;33.5179807791;-1935.0008663415;1.9978230020
13.6836887608;34.5802245037;-1934.0749112195;0.8797978954
13.6959942363;34.0491026414;-1934.5378887805;-1.4960054560
13.7082997118;34.9343057452;-1933.3032819512;0.4605384805
13.7206051873;34.9343057452;-1933.6119336585;2.2773292786
13.7329106628;35.6424682283;-1931.9143492683;2.4170824170
13.7452161383;34.9343057452;-1932.8403043902;3.2556012469
13.7575216138;35.6424682283;-1933.9205853659;2.1375761403
13.7698270893;35.4654276076;-1931.4513717073;3.3953543852
13.7821325648;35.8195088491;-1932.8403043902;1.4388104487
13.7944380403;35.9965494699;-1932.0686751220;0.6002916188
13.8067435159;35.1113463660;-1932.3773268293;2.1375761403
13.8190489914;35.2883869868;-1931.2970458537;2.8363418319
13.8313544669;36.5276713322;-1933.4576078049;3.3953543852
13.8436599424;36.5276713322;-1930.5254165854;0.4605384805
13.8559654179;36.7047119529;-1931.1427200000;1.2990573104
13.8682708934;36.5276713322;-1931.2970458537;2.9760949702
13.8805763689;36.8817525737;-1932.2230009756;1.0195510337
13.8928818444;37.5899150568;-1932.0686751220;1.0195510337
13.9051873199;37.5899150568;-1929.7537873171;1.7183167254
13.9174927954;36.8817525737;-1931.2970458537;0.8797978954
13.9297982709;37.2358338153;-1931.7600234146;-2.4742774243
13.9421037464;37.4128744360;-1932.5316526829;-2.4742774243
13.9544092219;37.4128744360;-1931.2970458537;1.5785635870
13.9667146974;37.2358338153;-1932.5316526829;-2.8935368392
13.9790201729;37.2358338153;-1930.6797424390;-2.3345242860
13.9913256484;37.7669556776;-1932.2230009756;-0.9369929027
14.0036311239;38.1210369191;-1932.0686751220;-1.9152648710
14.0159365994;38.2980775399;-1931.2970458537;-0.9369929027
14.0282420749;37.7669556776;-1932.2230009756;-3.7320556692
14.0405475504;39.0062400230;-1932.6859785366;-3.5923025309
14.0528530259;38.8291994022;-1932.3773268293;-2.4742774243
14.0651585014;38.2980775399;-1933.6119336585;-4.5705744991
14.0774639769;38.4751181606;-1932.8403043902;-4.2910682225
14.0897694524;37.9439962983;-1933.9205853659;-6.3873652973
14.1020749280;38.1210369191;-1933.3032819512;-5.5488464673
14.1143804035;38.4751181606;-1934.6922146341;-5.1295870524
14.1266858790;37.7669556776;-1934.2292370732;-7.5053904038
14.1389913545;37.2358338153;-1935.0008663415;-8.3439092338
14.1512968300;37.0587931945;-1934.6922146341;-8.3439092338
14.1636023055;37.4128744360;-1935.1551921951;-7.9246498188
14.1759077810;37.9439962983;-1936.3897990244;-9.4619343403
14.1882132565;36.7047119529;-1936.3897990244;-9.1824280637
14.2005187320;36.8817525737;-1935.7724956098;-10.8594657235
14.2128242075;37.9439962983;-1937.1614282927;-9.3221812020
14.2251296830;37.4128744360;-1938.2417092683;-11.5582314152
14.2374351585;36.7047119529;-1937.3157541463;-12.3967502451
14.2497406340;37.0587931945;-1936.6984507317;-9.6016874787
14.2620461095;37.4128744360;-1937.1614282927;-14.0737879049
14.2743515850;36.8817525737;-1937.7787317073;-14.4930473199
14.2866570605;36.3506307114;-1938.0873834146;-14.9123067349
14.2989625360;35.9965494699;-1937.3157541463;-13.7942816283
14.3112680115;36.3506307114;-1936.8527765854;-15.3315661498
14.3235734870;36.5276713322;-1937.6244058537;-12.8160096600
14.3358789625;34.9343057452;-1937.9330575610;-15.7508255648
14.3481844380;35.4654276076;-1937.7787317073;-11.8377376918
14.3604899135;34.7572651245;-1938.7046868293;-14.9123067349
14.3727953890;35.2883869868;-1939.0133385366;-14.0737879049
14.3851008646;35.4654276076;-1938.8590126829;-15.1918130115
14.3974063401;34.4031838829;-1938.0873834146;-15.4713192881
14.4097118156;34.0491026414;-1938.2417092683;-13.6545284900
14.4220172911;33.5179807791;-1938.0873834146;-15.1918130115
14.4343227666;33.6950213998;-1937.3157541463;-15.4713192881
14.4466282421;34.5802245037;-1939.4763160976;-14.2135410433
14.4589337176;33.6950213998;-1939.1676643902;-13.3750222133
14.4712391931;33.5179807791;-1939.1676643902;-13.0955159367
14.4835446686;33.3409401583;-1940.8652487805;-13.5147753516
14.4958501441;32.9868589168;-1939.0133385366;-12.9557627984
14.5081556196;33.5179807791;-1938.3960351220;-13.2352690750
14.5204610951;33.5179807791;-1941.1739004878;-12.2569971068
14.5327665706;34.4031838829;-1939.7849678049;-13.0955159367
14.5450720461;34.0491026414;-1940.8652487805;-13.3750222133
14.5573775216;33.8720620206;-1941.0195746341;-13.5147753516
14.5696829971;33.6950213998;-1939.3219902439;-8.9029217871
14.5819884726;34.0491026414;-1939.6306419512;-10.1607000319
14.5942939481;33.6950213998;-1938.8590126829;-11.5582314152
14.6065994236;33.6950213998;-1939.0133385366;-10.1607000319
14.6189048991;33.6950213998;-1939.0133385366;-10.0209468936
14.6312103746;34.5802245037;-1939.1676643902;-8.0644029571
14.6435158501;33.8720620206;-1939.0133385366;-7.0861309889
14.6558213256;34.0491026414;-1939.3219902439;-9.1824280637
14.6681268012;34.2261432622;-1939.3219902439;-7.0861309889
14.6804322767;34.0491026414;-1937.6244058537;-5.2693401907
14.6927377522;34.2261432622;-1937.0071024390;-4.8500807757
14.7050432277;34.2261432622;-1937.0071024390;-4.8500807757
14.7173487032;33.8720620206;-1936.8527765854;-4.0115619458
14.7296541787;33.8720620206;-1935.9268214634;-3.8718088075
14.7419596542;33.8720620206;-1935.6181697561;-4.0115619458
14.7542651297;33.8720620206;-1935.9268214634;-1.9152648710
14.7665706052;34.2261432622;-1936.2354731707;-4.5705744991
14.7788760807;35.4654276076;-1935.6181697561;-3.7320556692
14.7911815562;34.4031838829;-1934.5378887805;-0.7972397644
14.8034870317;35.1113463660;-1935.1551921951;-3.1730431159
14.8157925072;33.6950213998;-1934.3835629268;-3.0332899776
14.8280979827;35.1113463660;-1933.6119336585;-3.7320556692
14.8404034582;35.8195088491;-1933.9205853659;-3.4525493925
14.8527089337;37.0587931945;-1934.3835629268;-2.1947711476
14.8650144092;36.3506307114;-1933.9205853659;-0.9369929027
14.8773198847;35.4654276076;-1933.4576078049;-0.7972397644
14.8896253602;35.9965494699;-1933.3032819512;-0.6574866261
14.9019308357;36.7047119529;-1933.3032819512;1.1593041721
14.9142363112;36.5276713322;-1933.1489560976;-1.0767460411
14.9265417867;36.8817525737;-1932.5316526829;-0.9369929027
14.9388472622;36.8817525737;-1931.7600234146;0.7400447571
14.9511527378;36.7047119529;-1930.5254165854;2.8363418319
14.9634582133;37.0587931945;-1932.2230009756;-1.2164991794
14.9757636888;36.8817525737;-1930.6797424390;-0.9369929027
14.9880691643;37.5899150568;-1931.6056975610;-0.2382272111
15.0003746398;37.4128744360;-1932.2230009756;0.1810322038
15.0126801153;37.7669556776;-1930.5254165854;0.8797978954
15.0249855908;37.9439962983;-1930.3710907317;-2.6140305626
15.0372910663;37.7669556776;-1931.4513717073;-1.0767460411
15.0495965418;37.7669556776;-1931.6056975610;-0.7972397644
15.0619020173;38.2980775399;-1930.3710907317;-0.6574866261
15.0742074928;38.4751181606;-1930.5254165854;-1.4960054560
15.0865129683;38.8291994022;-1931.1427200000;-1.4960054560
15.0988184438;38.6521587814;-1930.5254165854;-2.1947711476
15.1111239193;39.3603212645;-1930.6797424390;-4.5705744991
15.1234293948;39.0062400230;-1932.0686751220;-1.9152648710
15.1357348703;39.5373618853;-1930.8340682927;-2.4742774243
15.1480403458;39.3603212645;-1931.2970458537;-2.3345242860
15.1603458213;39.3603212645;-1932.3773268293;-2.1947711476
15.1726512968;39.1832806437;-1931.1427200000;-3.7320556692
15.1849567723;39.1832806437;-1932.0686751220;-2.4742774243
15.1972622478;40.0684837476;-1932.8403043902;-3.3127962542
15.2095677233;39.3603212645;-1932.2230009756;-5.1295870524
15.2218731988;39.1832806437;-1932.3773268293;-3.4525493925
15.2341786744;38.1210369191;-1932.0686751220;-4.2910682225
15.2464841499;39.3603212645;-1933.1489560976;-6.5271184356
15.2587896254;37.7669556776;-1931.7600234146;-8.4836623721
15.2710951009;38.2980775399;-1932.6859785366;-6.1078590206
15.2834005764;37.7669556776;-1932.9946302439;-6.9463778506
15.2957060519;38.4751181606;-1933.9205853659;-6.9463778506
15.3080115274;38.1210369191;-1933.7662595122;-8.0644029571
15.3203170029;38.4751181606;-1934.2292370732;-9.3221812020
15.3326224784;38.2980775399;-1932.8403043902;-9.6016874787
15.3449279539;38.6521587814;-1935.3095180488;-10.9992188619
15.3572334294;38.8291994022;-1934.5378887805;-10.3004531703
15.3695389049;38.2980775399;-1936.8527765854;-11.9774908301
15.3818443804;37.0587931945;-1935.0008663415;-11.8377376918
15.3941498559;37.2358338153;-1937.0071024390;-11.5582314152
15.4064553314;37.0587931945;-1937.0071024390;-14.2135410433
15.4187608069;37.2358338153;-1938.0873834146;-12.8160096600
15.4310662824;36.3506307114;-1937.3157541463;-12.8160096600
15.4433717579;36.7047119529;-1937.9330575610;-11.6979845535
15.4556772334;35.8195088491;-1937.3157541463;-12.5365033834
15.4679827089;35.8195088491;-1937.9330575610;-15.8905787031
15.4802881844;35.2883869868;-1940.2479453659;-15.8905787031
15.4925936599;35.4654276076;-1939.1676643902;-13.0955159367
15.5048991354;34.5802245037;-1939.6306419512;-13.3750222133
15.5172046110;34.7572651245;-1939.7849678049;-14.4930473199
15.5295100865;33.6950213998;-1939.9392936585;-15.8905787031
15.5418155620;33.5179807791;-1939.4763160976;-14.9123067349
15.5541210375;33.6950213998;-1939.6306419512;-15.6110724265
15.5664265130;34.2261432622;-1939.9392936585;-14.4930473199
15.5787319885;33.8720620206;-1940.2479453659;-16.8688506714
15.5910374640;34.0491026414;-1939.7849678049;-14.6328004582
15.6033429395;33.3409401583;-1938.2417092683;-14.2135410433
15.6156484150;33.1638995375;-1939.7849678049;-15.3315661498
15.6279538905;32.6327776752;-1939.1676643902;-14.3532941816
15.6402593660;32.9868589168;-1938.5503609756;-15.6110724265
15.6525648415;32.9868589168;-1939.1676643902;-12.3967502451
15.6648703170;33.3409401583;-1940.2479453659;-13.9340347666
15.6771757925;33.1638995375;-1941.1739004878;-12.1172439684
15.6894812680;32.9868589168;-1939.0133385366;-12.6762565217
15.7017867435;32.8098182960;-1941.0195746341;-13.7942816283
15.7140922190;32.4557370545;-1940.4022712195;-10.4402063086
15.7263976945;32.2786964337;-1940.7109229268;-11.5582314152
15.7387031700;33.1638995375;-1939.7849678049;-13.0955159367
15.7510086455;31.9246151921;-1939.9392936585;-11.6979845535
15.7633141210;32.8098182960;-1940.2479453659;-9.1824280637
15.7756195965;32.1016558129;-1939.6306419512;-10.4402063086
15.7879250720;32.8098182960;-1940.2479453659;-7.7848966805
15.8002305476;32.6327776752;-1940.2479453659;-9.1824280637
15.8125360231;32.9868589168;-1938.8590126829;-6.9463778506
15.8248414986;33.1638995375;-1940.0936195122;-8.2041560954
15.8371469741;32.9868589168;-1938.5503609756;-9.7414406170
15.8494524496;33.3409401583;-1937.0071024390;-7.2258841272
15.8617579251;33.8720620206;-1937.9330575610;-7.6451435422
15.8740634006;33.8720620206;-1938.5503609756;-7.2258841272
15.8863688761;34.2261432622;-1938.5503609756;-5.8283527440
15.8986743516;34.2261432622;-1936.8527765854;-6.6668715739
15.9109798271;34.2261432622;-1935.9268214634;-5.8283527440
15.9232853026;34.9343057452;-1936.3897990244;-2.1947711476
15.9355907781;35.8195088491;-1936.2354731707;-2.7537837009
15.9478962536;35.9965494699;-1935.1551921951;-3.4525493925
15.9602017291;34.9343057452;-1934.8465404878;-3.1730431159
15.9725072046;35.9965494699;-1934.6922146341;-2.7537837009
15.9848126801;35.9965494699;-1933.9205853659;-3.4525493925
15.9971181556;35.8195088491;-1934.2292370732;0.0412790655
16.0094236311;36.5276713322;-1935.6181697561;-1.0767460411
16.0217291066;36.5276713322;-1933.4576078049;-0.9369929027
16.0340345821;35.2883869868;-1933.4576078049;-0.2382272111
16.0463400576;35.9965494699;-1932.3773268293;-0.6574866261
16.0586455331;37.2358338153;-1933.4576078049;-2.4742774243
16.0709510086;37.2358338153;-1932.6859785366;-0.0984740728
16.0832564841;36.8817525737;-1931.6056975610;-0.0984740728
16.0955619597;36.5276713322;-1932.8403043902;-2.1947711476
16.1078674352;36.7047119529;-1931.7600234146;-1.0767460411
16.1201729107;37.9439962983;-1930.9883941463;-0.6574866261
16.1324783862;36.8817525737;-1931.6056975610;-3.0332899776
16.1447838617;37.7669556776;-1931.6056975610;-2.4742774243
16.1570893372;37.5899150568;-1930.9883941463;-2.0550180093
16.1693948127;37.7669556776;-1929.9081131707;0.0412790655
16.1817002882;38.6521587814;-1930.0624390244;-3.7320556692
16.1940057637;38.6521587814;-1929.9081131707;-3.1730431159
16.2063112392;38.8291994022;-1930.0624390244;0.0412790655
16.2186167147;39.3603212645;-1930.3710907317;-3.7320556692
16.2309221902;39.5373618853;-1930.2167648781;1.5785635870
16.2432276657;39.5373618853;-1930.0624390244;-1.6357585944
16.2555331412;39.3603212645;-1930.3710907317;-1.2164991794
16.2678386167;40.0684837476;-1930.0624390244;-1.0767460411
16.2801440922;39.8914431268;-1930.2167648781;-2.4742774243
16.2924495677;40.2455243684;-1930.9883941463;-2.7537837009
16.3047550432;39.8914431268;-1931.2970458537;-1.7755117327
16.3170605187;39.8914431268;-1930.0624390244;-4.7103276374
16.3293659942;40.2455243684;-1932.0686751220;-4.4308213608
16.3416714697;40.0684837476;-1931.9143492683;-5.6885996057
16.3539769452;40.0684837476;-1931.9143492683;-6.1078590206
16.3662824207;39.1832806437;-1931.7600234146;-4.1513150841
16.3785878963;39.1832806437;-1932.5316526829;-4.1513150841
16.3908933718;39.7144025060;-1931.6056975610;-7.6451435422
16.4031988473;39.0062400230;-1932.3773268293;-8.7631686487
16.4155043228;39.7144025060;-1933.7662595122;-4.9898339141
16.4278097983;39.7144025060;-1932.3773268293;-7.0861309889
16.4401152738;40.2455243684;-1933.4576078049;-8.0644029571
16.4524207493;39.5373618853;-1934.0749112195;-8.7631686487
16.4647262248;39.1832806437;-1934.2292370732;-9.1824280637
16.4770317003;39.1832806437;-1933.9205853659;-8.0644029571
16.4893371758;39.7144025060;-1934.6922146341;-9.3221812020
16.5016426513;38.8291994022;-1935.4638439024;-10.0209468936
16.5139481268;38.6521587814;-1936.2354731707;-10.3004531703
16.5262536023;38.4751181606;-1935.4638439024;-8.3439092338
16.5385590778;37.4128744360;-1936.3897990244;-11.6979845535
16.5508645533;37.9439962983;-1935.1551921951;-12.1172439684
16.5631700288;37.5899150568;-1936.6984507317;-10.3004531703
16.5754755043;37.4128744360;-1936.3897990244;-13.3750222133
16.5877809798;36.7047119529;-1936.0811473171;-13.5147753516
16.6000864553;36.3506307114;-1936.5441248781;-13.0955159367
16.6123919308;35.6424682283;-1937.7787317073;-13.3750222133
16.6246974063;35.4654276076;-1938.5503609756;-15.1918130115
16.6370028818;35.6424682283;-1938.8590126829;-13.9340347666
16.6493083573;34.9343057452;-1937.7787317073;-14.3532941816
16.6616138329;35.4654276076;-1939.9392936585;-15.6110724265
16.6739193084;35.4654276076;-1939.4763160976;-15.1918130115
16.6862247839;34.9343057452;-1938.5503609756;-16.7290975330
16.6985302594;34.7572651245;-1939.3219902439;-14.0737879049
16.7108357349;34.5802245037;-1939.4763160976;-17.1483569480
16.7231412104;34.4031838829;-1939.4763160976;-15.1918130115
16.7354466859;34.4031838829;-1939.6306419512;-15.0520598732
16.7477521614;33.8720620206;-1940.4022712195;-16.4495912564
16.7600576369;33.1638995375;-1940.2479453659;-15.4713192881
16.7723631124;32.6327776752;-1941.4825521951;-15.7508255648
16.7846685879;33.5179807791;-1939.0133385366;-16.1700849798
16.7969740634;32.9868589168;-1940.7109229268;-16.3098381181
16.8092795389;32.4557370545;-1940.8652487805;-15.4713192881
16.8215850144;32.4557370545;-1940.4022712195;-13.2352690750
16.8338904899;32.8098182960;-1940.4022712195;-13.7942816283
16.8461959654;32.8098182960;-1939.7849678049;-11.9774908301
16.8585014409;32.8098182960;-1940.7109229268;-11.6979845535
16.8708069164;32.2786964337;-1940.2479453659;-11.4184782768
16.8831123919;33.1638995375;-1940.0936195122;-11.9774908301
16.8954178674;32.1016558129;-1940.8652487805;-13.6545284900
16.9077233429;31.7475745714;-1939.9392936585;-9.6016874787
16.9200288184;32.8098182960;-1940.8652487805;-10.1607000319
16.9323342939;32.8098182960;-1939.9392936585;-9.6016874787
16.9446397695;33.3409401583;-1939.9392936585;-11.1389720002
16.9569452450;32.8098182960;-1939.0133385366;-8.7631686487
16.9692507205;33.6950213998;-1939.4763160976;-7.6451435422
16.9815561960;33.3409401583;-1938.8590126829;-8.2041560954
16.9938616715;34.4031838829;-1938.5503609756;-7.5053904038
17.0061671470;33.8720620206;-1937.0071024390;-5.8283527440
17.0184726225;34.0491026414;-1937.1614282927;-6.9463778506
17.0307780980;34.2261432622;-1936.8527765854;-4.4308213608
17.0430835735;34.7572651245;-1937.7787317073;-4.1513150841
17.0553890490;35.4654276076;-1939.1676643902;-6.8066247122
17.0676945245;34.9343057452;-1937.4700800000;-6.8066247122
17.0800000000;34.9343057452;-1937.0071024390;-4.9898339141
17.0923054755;34.7572651245;-1936.0811473171;-6.3873652973
17.1046109510;35.1113463660;-1936.0811473171;-2.1947711476
17.1169164265;35.8195088491;-1935.3095180488;-2.4742774243
17.1292219020;36.1735900906;-1936.2354731707;-3.1730431159
17.1415273775;35.8195088491;-1935.0008663415;-3.5923025309
17.1538328530;36.7047119529;-1935.7724956098;-2.4742774243
17.1661383285;36.7047119529;-1934.6922146341;-4.1513150841
17.1784438040;36.8817525737;-1932.9946302439;-3.3127962542
17.1907492795;37.0587931945;-1934.2292370732;-1.4960054560
17.2030547550;37.5899150568;-1934.0749112195;-3.3127962542
17.2153602305;37.4128744360;-1932.8403043902;-2.6140305626
17.2276657061;37.4128744360;-1932.5316526829;-0.5177334878
17.2399711816;38.1210369191;-1933.7662595122;-0.2382272111
17.2522766571;38.2980775399;-1931.6056975610;-0.7972397644
17.2645821326;38.2980775399;-1932.6859785366;-1.7755117327
17.2768876081;38.4751181606;-1931.9143492683;-0.6574866261
17.2891930836;38.1210369191;-1929.9081131707;0.6002916188
17.3014985591;39.5373618853;-1932.6859785366;-1.6357585944
17.3138040346;39.7144025060;-1931.7600234146;-2.7537837009
17.3261095101;38.8291994022;-1932.0686751220;-3.5923025309
17.3384149856;39.1832806437;-1930.0624390244;-1.4960054560
17.3507204611;38.6521587814;-1930.3710907317;-2.3345242860
17.3630259366;40.2455243684;-1930.0624390244;-4.1513150841
17.3753314121;39.1832806437;-1931.4513717073;-4.1513150841
17.3876368876;39.7144025060;-1931.4513717073;-2.0550180093
17.3999423631;39.0062400230;-1930.6797424390;-2.4742774243
17.4122478386;39.7144025060;-1929.5994614634;-1.4960054560
17.4245533141;39.8914431268;-1929.9081131707;-4.7103276374
17.4368587896;40.4225649891;-1931.7600234146;-6.5271184356
17.4491642651;39.8914431268;-1929.9081131707;-3.1730431159
17.4614697406;40.7766462307;-1930.8340682927;-4.2910682225
17.4737752161;40.5996056099;-1929.7537873171;-4.2910682225
17.4860806916;41.1307274722;-1930.6797424390;-5.6885996057
17.4983861671;40.4225649891;-1930.3710907317;-4.5705744991
17.5106916427;40.2455243684;-1932.2230009756;-4.9898339141
17.5229971182;40.2455243684;-1931.9143492683;-5.6885996057
17.5353025937;40.4225649891;-1932.5316526829;-8.9029217871
17.5476080692;40.2455243684;-1933.3032819512;-7.3656372655
17.5599135447;40.7766462307;-1933.3032819512;-6.3873652973
17.5722190202;40.5996056099;-1932.6859785366;-7.6451435422
17.5845244957;40.4225649891;-1933.3032819512;-6.5271184356
17.5968299712;40.0684837476;-1933.4576078049;-9.0426749254
17.6091354467;39.8914431268;-1933.6119336585;-10.5799594469
17.6214409222;40.2455243684;-1933.9205853659;-10.0209468936
17.6337463977;40.4225649891;-1934.3835629268;-11.4184782768
17.6460518732;39.0062400230;-1935.7724956098;-11.8377376918
17.6583573487;39.0062400230;-1935.4638439024;-11.6979845535
17.6706628242;38.8291994022;-1934.2292370732;-10.8594657235
17.6829682997;37.9439962983;-1936.0811473171;-15.1918130115
17.6952737752;38.2980775399;-1935.9268214634;-13.6545284900
17.7075792507;38.2980775399;-1936.2354731707;-12.6762565217
17.7198847262;37.5899150568;-1935.7724956098;-12.6762565217
17.7321902017;36.7047119529;-1935.9268214634;-11.9774908301
17.7444956772;36.5276713322;-1937.1614282927;-14.4930473199
17.7568011527;35.4654276076;-1937.0071024390;-14.6328004582
17.7691066282;36.8817525737;-1937.4700800000;-15.0520598732
17.7814121037;35.2883869868;-1938.7046868293;-15.7508255648
17.7937175793;35.2883869868;-1938.5503609756;-16.0303318414
17.8060230548;36.1735900906;-1940.2479453659;-15.7508255648
17.8183285303;34.9343057452;-1938.8590126829;-19.2446540228
17.8306340058;34.5802245037;-1938.7046868293;-16.7290975330
17.8429394813;34.7572651245;-1939.7849678049;-15.8905787031
17.8552449568;35.6424682283;-1940.0936195122;-17.8471226396
17.8675504323;34.0491026414;-1940.0936195122;-17.7073695013
17.8798559078;34.2261432622;-1939.1676643902;-17.1483569480
17.8921613833;34.0491026414;-1939.6306419512;-16.8688506714
17.9044668588;33.5179807791;-1940.8652487805;-16.8688506714
17.9167723343;33.1638995375;-1939.1676643902;-16.0303318414
17.9290778098;33.3409401583;-1940.5565970732;-16.8688506714
17.9413832853;32.8098182960;-1940.8652487805;-17.2881100863
17.9536887608;32.8098182960;-1940.8652487805;-17.7073695013
17.9659942363;32.4557370545;-1940.5565970732;-15.6110724265
17.9782997118;32.1016558129;-1940.2479453659;-15.3315661498
17.9906051873;31.7475745714;-1941.1739004878;-15.3315661498
18.0029106628;31.5705339506;-1939.9392936585;-17.0086038097
18.0152161383;31.9246151921;-1940.7109229268;-14.6328004582
18.0275216138;31.5705339506;-1940.8652487805;-12.2569971068
18.0398270893;31.7475745714;-1940.4022712195;-11.6979845535
18.0521325648;31.7475745714;-1941.3282263415;-13.7942816283
18.0644380403;32.4557370545;-1940.7109229268;-12.6762565217
18.0767435159;31.2164527091;-1941.1739004878;-12.8160096600
18.0890489914;32.8098182960;-1939.3219902439;-11.2787251385
18.1013544669;32.9868589168;-1941.1739004878;-12.3967502451
18.1136599424;33.6950213998;-1941.4825521951;-12.3967502451
18.1259654179;33.1638995375;-1941.6368780488;-10.3004531703
18.1382708934;33.8720620206;-1940.7109229268;-9.8811937553
18.1505763689;33.5179807791;-1939.7849678049;-9.1824280637
18.1628818444;34.4031838829;-1940.2479453659;-7.6451435422
18.1751873199;34.7572651245;-1938.5503609756;-6.5271184356
18.1874927954;34.5802245037;-1939.3219902439;-8.2041560954
18.1997982709;34.7572651245;-1937.6244058537;-5.4090933290
18.2121037464;34.9343057452;-1937.0071024390;-7.2258841272
18.2244092219;35.2883869868;-1937.7787317073;-6.1078590206
18.2367146974;34.9343057452;-1937.1614282927;-4.0115619458
18.2490201729;36.3506307114;-1937.7787317073;-5.4090933290
18.2613256484;35.8195088491;-1935.9268214634;-3.5923025309
18.2736311239;36.1735900906;-1938.2417092683;-6.1078590206
18.2859365994;35.9965494699;-1936.0811473171;-4.8500807757
18.2982420749;36.1735900906;-1935.6181697561;-2.4742774243
18.3105475504;36.5276713322;-1934.0749112195;-2.7537837009
18.3228530259;37.4128744360;-1933.3032819512;-2.7537837009
18.3351585014;38.1210369191;-1934.2292370732;-4.4308213608
18.3474639769;38.6521587814;-1932.9946302439;-4.1513150841
18.3597694524;38.2980775399;-1933.7662595122;-4.5705744991
18.3720749280;38.2980775399;-1932.6859785366;-3.7320556692
18.3843804035;38.8291994022;-1932.2230009756;-2.0550180093
18.3966858790;39.3603212645;-1932.3773268293;-2.0550180093
18.4089913545;39.3603212645;-1932.5316526829;-2.8935368392
18.4212968300;39.8914431268;-1930.8340682927;-4.8500807757
18.4336023055;40.0684837476;-1930.0624390244;-2.0550180093
18.4459077810;40.2455243684;-1931.1427200000;-1.3562523177
18.4582132565;39.8914431268;-1930.2167648781;-3.4525493925
18.4705187320;40.2455243684;-1929.7537873171;-3.4525493925
18.4828242075;41.1307274722;-1930.0624390244;-2.4742774243
18.4951296830;40.4225649891;-1929.9081131707;-2.8935368392
18.5074351585;40.7766462307;-1929.5994614634;-3.7320556692
18.5197406340;40.7766462307;-1929.9081131707;-3.1730431159
18.5320461095;40.9536868514;-1929.4451356098;-4.1513150841
18.5443515850;40.9536868514;-1929.7537873171;-4.8500807757
18.5566570605;41.1307274722;-1930.0624390244;-4.4308213608
18.5689625360;41.1307274722;-1928.6735063415;-4.0115619458
18.5812680115;41.3077680930;-1930.0624390244;-7.3656372655
18.5935734870;41.6618493345;-1931.1427200000;-7.0861309889
18.6058789625;41.1307274722;-1930.6797424390;-4.4308213608
18.6181844380;42.0159305761;-1929.7537873171;-8.0644029571
18.6304899135;41.4848087137;-1930.2167648781;-4.0115619458
18.6427953890;41.1307274722;-1930.8340682927;-7.0861309889
18.6551008646;41.8388899553;-1930.6797424390;-7.9246498188
18.6674063401;42.1929711968;-1931.6056975610;-9.0426749254
18.6797118156;41.3077680930;-1931.4513717073;-9.3221812020
18.6920172911;41.6618493345;-1932.3773268293;-8.2041560954
18.7043227666;42.0159305761;-1931.7600234146;-9.0426749254
18.7166282421;41.3077680930;-1931.4513717073;-8.3439092338
18.7289337176;40.5996056099;-1931.6056975610;-6.8066247122
18.7412391931;40.4225649891;-1932.3773268293;-10.0209468936
18.7535446686;40.2455243684;-1932.9946302439;-10.1607000319
18.7658501441;40.7766462307;-1933.9205853659;-9.8811937553
18.7781556196;40.2455243684;-1933.3032819512;-9.7414406170
18.7904610951;40.0684837476;-1934.3835629268;-11.4184782768
18.8027665706;39.5373618853;-1934.5378887805;-13.5147753516
18.8150720461;39.0062400230;-1934.8465404878;-12.8160096600
18.8273775216;39.0062400230;-1934.6922146341;-13.9340347666
18.8396829971;38.2980775399;-1934.3835629268;-11.9774908301
18.8519884726;38.1210369191;-1934.6922146341;-12.5365033834
18.8642939481;38.6521587814;-1935.3095180488;-15.7508255648
18.8765994236;38.4751181606;-1936.3897990244;-14.7725535965
18.8889048991;37.5899150568;-1936.6984507317;-15.4713192881
18.9012103746;37.7669556776;-1936.6984507317;-13.3750222133
18.9135158501;37.5899150568;-1937.1614282927;-18.2663820546
18.9258213256;37.0587931945;-1936.0811473171;-16.0303318414
18.9381268012;37.2358338153;-1937.0071024390;-17.1483569480
18.9504322767;36.8817525737;-1938.7046868293;-17.9868757779
18.9627377522;36.1735900906;-1937.6244058537;-17.2881100863
18.9750432277;35.4654276076;-1938.2417092683;-17.4278632246
18.9873487032;35.1113463660;-1939.4763160976;-17.2881100863
18.9996541787;34.7572651245;-1939.1676643902;-18.8253946079
19.0119596542;33.6950213998;-1939.7849678049;-17.8471226396
19.0242651297;33.8720620206;-1939.1676643902;-17.8471226396
19.0365706052;34.4031838829;-1940.0936195122;-17.7073695013
19.0488760807;33.6950213998;-1940.8652487805;-17.0086038097
19.0611815562;33.1638995375;-1940.2479453659;-18.4061351929
19.0734870317;33.1638995375;-1941.4825521951;-18.8253946079
19.0857925072;32.9868589168;-1940.7109229268;-16.4495912564
19.0980979827;31.9246151921;-1941.0195746341;-15.8905787031
19.1104034582;32.6327776752;-1940.8652487805;-17.1483569480
19.1227089337;32.2786964337;-1940.8652487805;-18.2663820546
19.1350144092;31.9246151921;-1940.5565970732;-15.7508255648
19.1473198847;31.9246151921;-1940.4022712195;-16.4495912564
19.1596253602;32.1016558129;-1941.6368780488;-14.6328004582
19.1719308357;31.2164527091;-1941.3282263415;-16.4495912564
19.1842363112;32.4557370545;-1941.1739004878;-14.0737879049
19.1965417867;32.2786964337;-1940.8652487805;-15.0520598732
19.2088472622;32.6327776752;-1941.0195746341;-14.9123067349
19.2211527378;32.8098182960;-1940.0936195122;-13.6545284900
19.2334582133;32.1016558129;-1938.7046868293;-12.2569971068
19.2457636888;32.8098182960;-1940.7109229268;-13.2352690750
19.2580691643;32.8098182960;-1939.9392936585;-11.8377376918
19.2703746398;34.0491026414;-1940.2479453659;-10.4402063086
19.2826801153;32.9868589168;-1940.0936195122;-9.1824280637
19.2949855908;33.1638995375;-1939.9392936585;-12.1172439684
19.3072910663;33.3409401583;-1938.7046868293;-12.9557627984
19.3195965418;33.3409401583;-1938.3960351220;-9.0426749254
19.3319020173;34.0491026414;-1938.8590126829;-9.8811937553
19.3442074928;34.2261432622;-1939.6306419512;-9.1824280637
19.3565129683;35.2883869868;-1939.1676643902;-9.0426749254
19.3688184438;35.4654276076;-1937.9330575610;-9.7414406170
19.3811239193;34.7572651245;-1938.2417092683;-8.9029217871
19.3934293948;35.8195088491;-1938.5503609756;-8.0644029571
19.4057348703;35.4654276076;-1938.0873834146;-8.2041560954
19.4180403458;36.1735900906;-1938.5503609756;-8.4836623721
19.4303458213;36.7047119529;-1935.9268214634;-7.0861309889
19.4426512968;37.0587931945;-1935.3095180488;-4.4308213608
19.4549567723;37.7669556776;-1934.5378887805;-5.9681058823
19.4672622478;38.2980775399;-1935.1551921951;-7.2258841272
19.4795677233;38.6521587814;-1935.1551921951;-7.6451435422
19.4918731988;38.8291994022;-1933.7662595122;-7.5053904038
19.5041786744;39.3603212645;-1933.7662595122;-6.1078590206
19.5164841499;39.3603212645;-1933.3032819512;-6.5271184356
19.5287896254;40.0684837476;-1933.9205853659;-6.9463778506
19.5410951009;39.7144025060;-1932.3773268293;-6.8066247122
19.5534005764;39.7144025060;-1932.6859785366;-8.0644029571
19.5657060519;40.4225649891;-1931.2970458537;-6.6668715739
19.5780115274;40.4225649891;-1932.8403043902;-7.5053904038
19.5903170029;40.4225649891;-1930.0624390244;-5.9681058823
19.6026224784;41.8388899553;-1931.1427200000;-8.7631686487
19.6149279539;41.4848087137;-1929.7537873171;-5.5488464673
19.6272334294;41.8388899553;-1930.3710907317;-5.6885996057
19.6395389049;41.6618493345;-1930.8340682927;-6.8066247122
19.6518443804;41.4848087137;-1929.7537873171;-6.1078590206
19.6641498559;42.1929711968;-1928.5191804878;-5.9681058823
19.6764553314;42.0159305761;-1930.8340682927;-6.2476121590
19.6887608069;42.3700118176;-1928.3648546341;-5.5488464673
19.7010662824;41.6618493345;-1929.2908097561;-6.6668715739
19.7133717579;41.3077680930;-1929.1364839024;-6.2476121590
19.7256772334;42.0159305761;-1929.1364839024;-8.0644029571
19.7379827089;42.3700118176;-1927.4388995122;-7.2258841272
19.7502881844;42.7240930591;-1928.3648546341;-7.3656372655
19.7625936599;42.9011336799;-1929.2908097561;-8.0644029571
19.7748991354;42.0159305761;-1928.3648546341;-8.0644029571
19.7872046110;42.3700118176;-1928.9821580488;-10.3004531703
19.7995100865;41.8388899553;-1929.7537873171;-8.4836623721
19.8118155620;42.3700118176;-1930.9883941463;-10.0209468936
19.8241210375;41.6618493345;-1930.9883941463;-8.4836623721
19.8364265130;42.1929711968;-1930.8340682927;-11.1389720002
19.8487319885;42.3700118176;-1931.6056975610;-13.2352690750
19.8610374640;41.3077680930;-1931.2970458537;-11.4184782768
19.8733429395;42.9011336799;-1931.9143492683;-11.2787251385
19.8856484150;42.3700118176;-1931.6056975610;-11.9774908301
19.8979538905;41.6618493345;-1932.6859785366;-14.4930473199
19.9102593660;40.7766462307;-1932.9946302439;-13.7942816283
19.9225648415;40.9536868514;-1932.5316526829;-10.0209468936
19.9348703170;40.5996056099;-1933.1489560976;-14.6328004582
19.9471757925;40.0684837476;-1933.4576078049;-14.3532941816
19.9594812680;40.0684837476;-1934.6922146341;-15.6110724265
19.9717867435;39.3603212645;-1934.3835629268;-14.7725535965
19.9840922190;39.7144025060;-1934.6922146341;-15.3315661498
19.9963976945;39.1832806437;-1933.9205853659;-14.9123067349
20.0087031700;38.1210369191;-1935.4638439024;-18.6856414695
20.0210086455;37.9439962983;-1936.2354731707;-19.1049008845
20.0333141210;37.5899150568;-1936.0811473171;-16.8688506714
20.0456195965;37.5899150568;-1936.0811473171;-16.3098381181
20.0579250720;37.2358338153;-1935.7724956098;-20.3626791294
20.0702305476;36.1735900906;-1937.6244058537;-19.2446540228
20.0825360231;35.6424682283;-1938.8590126829;-18.5458883312
20.0948414986;34.9343057452;-1939.0133385366;-19.8036665761
20.1071469741;34.7572651245;-1939.0133385366;-20.2229259911
20.1194524496;33.8720620206;-1937.7787317073;-19.5241602995
20.1317579251;33.8720620206;-1938.3960351220;-20.9216916827
20.1440634006;33.3409401583;-1938.5503609756;-19.3844071611
20.1563688761;33.1638995375;-1939.7849678049;-21.3409510976
20.1686743516;33.3409401583;-1939.9392936585;-22.7384824808
20.1809798271;32.2786964337;-1940.4022712195;-22.1794699276
20.1932853026;31.0394120883;-1939.9392936585;-23.1577418958
20.2055907781;31.2164527091;-1940.4022712195;-21.2011979593
20.2178962536;31.2164527091;-1940.8652487805;-21.6204573743
20.2302017291;31.0394120883;-1941.1739004878;-20.9216916827
20.2425072046;30.6853308468;-1940.2479453659;-20.5024322677
20.2548126801;30.5082902260;-1939.0133385366;-19.9434197144
20.2671181556;31.3934933298;-1941.4825521951;-21.2011979593
20.2794236311;30.5082902260;-1941.6368780488;-19.9434197144
20.2917291066;30.6853308468;-1939.4763160976;-20.0831728527
20.3040345821;31.0394120883;-1940.7109229268;-21.4807042360
20.3163400576;30.5082902260;-1941.7912039024;-17.8471226396
20.3286455331;30.8623714675;-1941.3282263415;-21.3409510976
20.3409510086;31.3934933298;-1940.7109229268;-21.0614448210
20.3532564841;31.5705339506;-1941.1739004878;-20.7819385443
20.3655619597;31.2164527091;-1941.7912039024;-19.3844071611
20.3778674352;31.2164527091;-1941.9455297561;-18.1266289162
20.3901729107;31.3934933298;-1941.1739004878;-19.1049008845
20.4024783862;32.4557370545;-1941.4825521951;-17.2881100863
20.4147838617;31.9246151921;-1940.0936195122;-14.6328004582
20.4270893372;31.9246151921;-1939.9392936585;-15.6110724265
20.4393948127;32.1016558129;-1940.5565970732;-14.9123067349
20.4517002882;32.8098182960;-1939.7849678049;-17.9868757779
20.4640057637;33.1638995375;-1939.1676643902;-14.3532941816
20.4763112392;34.2261432622;-1939.7849678049;-15.8905787031
20.4886167147;33.3409401583;-1939.9392936585;-15.7508255648
20.5009221902;34.2261432622;-1939.6306419512;-12.9557627984
20.5132276657;35.4654276076;-1939.4763160976;-14.3532941816
20.5255331412;35.2883869868;-1937.9330575610;-14.7725535965
20.5378386167;35.9965494699;-1939.0133385366;-14.2135410433
20.5501440922;37.7669556776;-1937.9330575610;-13.0955159367
20.5624495677;37.7669556776;-1937.9330575610;-13.0955159367
20.5747550432;38.2980775399;-1935.4638439024;-15.4713192881
20.5870605187;38.2980775399;-1935.4638439024;-15.4713192881
20.5993659942;38.2980775399;-1934.2292370732;-11.4184782768
20.6116714697;37.7669556776;-1934.6922146341;-12.2569971068
20.6239769452;38.2980775399;-1934.5378887805;-12.5365033834
20.6362824207;38.8291994022;-1934.6922146341;-13.0955159367
20.6485878963;39.7144025060;-1935.0008663415;-13.6545284900
20.6608933718;39.1832806437;-1932.9946302439;-12.9557627984
20.6731988473;40.0684837476;-1934.0749112195;-14.7725535965
20.6855043228;40.4225649891;-1932.9946302439;-10.3004531703
20.6978097983;40.5996056099;-1934.0749112195;-12.3967502451
20.7101152738;40.5996056099;-1931.7600234146;-11.8377376918
20.7224207493;41.1307274722;-1931.4513717073;-15.1918130115
20.7347262248;42.7240930591;-1932.0686751220;-14.7725535965
20.7470317003;42.1929711968;-1931.1427200000;-15.7508255648
20.7593371758;40.9536868514;-1931.7600234146;-15.6110724265
20.7716426513;42.0159305761;-1931.4513717073;-12.8160096600
20.7839481268;42.1929711968;-1930.9883941463;-13.9340347666
20.7962536023;42.1929711968;-1930.0624390244;-14.0737879049
20.8085590778;42.7240930591;-1930.3710907317;-13.6545284900
20.8208645533;42.9011336799;-1929.9081131707;-15.3315661498
20.8331700288;42.9011336799;-1929.4451356098;-14.3532941816
20.8454755043;43.6092961630;-1929.7537873171;-14.6328004582
20.8577809798;42.3700118176;-1928.6735063415;-16.1700849798
20.8700864553;42.1929711968;-1928.9821580488;-13.9340347666
20.8823919308;42.3700118176;-1928.6735063415;-16.4495912564
20.8946974063;42.9011336799;-1930.2167648781;-16.7290975330
20.9070028818;42.1929711968;-1928.6735063415;-17.7073695013
20.9193083573;43.0781743007;-1930.0624390244;-17.7073695013
20.9316138329;43.0781743007;-1929.9081131707;-19.1049008845
20.9439193084;42.3700118176;-1930.3710907317;-18.2663820546
20.9562247839;42.3700118176;-1930.8340682927;-18.4061351929
20.9685302594;41.8388899553;-1929.9081131707;-18.1266289162
20.9808357349;41.3077680930;-1930.2167648781;-19.5241602995
20.9931412104;41.4848087137;-1930.2167648781;-19.5241602995
21.0054466859;40.7766462307;-1930.6797424390;-19.2446540228
21.0177521614;40.9536868514;-1930.2167648781;-21.6204573743
21.0300576369;39.8914431268;-1930.9883941463;-21.8999636509
21.0423631124;40.2455243684;-1931.2970458537;-22.8782356192
21.0546685879;40.0684837476;-1933.3032819512;-21.3409510976
21.0669740634;39.7144025060;-1930.3710907317;-21.7602105126
21.0792795389;38.6521587814;-1932.0686751220;-22.0397167892
21.0915850144;39.1832806437;-1933.3032819512;-22.1794699276
21.1038904899;38.6521587814;-1933.4576078049;-23.4372481724
21.1161959654;37.9439962983;-1932.5316526829;-21.0614448210
21.1285014409;37.7669556776;-1935.1551921951;-22.8782356192
21.1408069164;37.4128744360;-1933.6119336585;-23.9962607257
21.1531123919;37.5899150568;-1933.7662595122;-28.4683611520
21.1654178674;36.5276713322;-1935.3095180488;-27.4900891838
21.1777233429;36.3506307114;-1934.5378887805;-27.7695954604
21.1900288184;35.6424682283;-1935.3095180488;-24.4155201407
21.2023342939;34.5802245037;-1937.0071024390;-27.6298423221
21.2146397695;33.5179807791;-1935.6181697561;-28.8876205670
21.2269452450;32.9868589168;-1936.8527765854;-27.9093485987
21.2392507205;32.1016558129;-1937.1614282927;-28.8876205670
21.2515561960;32.1016558129;-1937.9330575610;-29.0273737053
21.2638616715;31.2164527091;-1937.0071024390;-27.7695954604
21.2761671470;30.6853308468;-1938.5503609756;-29.0273737053
21.2884726225;30.1542089844;-1938.5503609756;-28.8876205670
21.3007780980;29.2690058806;-1937.7787317073;-28.1888548754
21.3130835735;29.6230871221;-1939.3219902439;-28.1888548754
21.3253890490;28.9149246390;-1939.1676643902;-27.9093485987
21.3376945245;NaN;NaN;NaN