Time (s);ωx (rad/s);ωy (rad/s);ωz (rad/s)
0.0103159225;0.1409748632;0.0333755384;-0.2233781491
0.0206318450;0.1385208755;0.0346025323;-0.2184701736
0.0309477675;0.1409748632;0.0333755384;-0.2233781491
0.0412636900;0.1446558448;0.0333755384;-0.2160161859
0.0515796125;0.1520178080;0.0284675630;-0.2111082104
0.0618955350;0.1679687282;0.0186516121;-0.2135621981
0.0722114575;0.1925086055;0.0076086673;-0.2111082104
0.0825273799;0.1961895871;-0.0071152591;-0.1890223208
0.0928433024;0.1888276239;-0.0181582039;-0.1558934865
0.1031592249;0.1556987896;-0.0157042162;-0.1252186399
0.1134751474;0.0833061515;-0.0181582039;-0.0920898055
0.1237910699;0.0464963356;-0.0034342775;-0.0982247748
0.1341069924;0.0219564583;0.0296945568;-0.0969977810
0.1444229149;-0.0013564251;0.0493264587;-0.0810468607
0.1547388374;-0.0222153209;0.0530074403;-0.0810468607
0.1650547599;-0.0443012104;0.0444184832;-0.0626419527
0.1753706824;-0.0639331123;0.0407375016;-0.0368750816
0.1856866049;-0.0762030509;0.0321485446;-0.0062002350
0.1960025274;-0.0921539712;0.0198786059;0.0367445503
0.2063184499;-0.0958349528;-0.0034342775;0.0698733847
0.2166343724;-0.0860190018;-0.0230661793;0.1017752252
0.2269502949;-0.0749760570;-0.0426980812;0.1287690902
0.2372662174;-0.0749760570;-0.0561950137;0.1434930166
0.2475821398;-0.0577981429;-0.0586490014;0.1484009920
0.2578980623;-0.0381662411;-0.0500600444;0.1398120350
0.2682139848;-0.0185343393;-0.0341091241;0.1140451638
0.2785299073;-0.0148533577;-0.0193851978;0.0858243049
0.2888458298;-0.0025834190;-0.0009802898;0.0563764522
0.2991617523;0.0084595258;0.0174246182;0.0281555933
0.3094776748;0.0268644338;0.0223325937;0.0023887221
0.3197935973;0.0428153540;0.0211055998;-0.0295131184
0.3301095198;0.0575392804;0.0149706305;-0.0626419527
0.3404254423;0.0624472558;0.0088356611;-0.0982247748
0.3507413648;0.0612202620;0.0198786059;-0.1154026889
0.3610572873;0.0538582988;0.0431914894;-0.1276726276
0.3713732098;0.0342263969;0.0640503851;-0.1276726276
0.3816891323;0.0219564583;0.0787743114;-0.1264456337
0.3920050548;0.0096865196;0.0824552930;-0.1227646521
0.4023209773;-0.0038104129;0.0898172562;-0.1055867380
0.4126368997;-0.0209883270;0.0934982378;-0.0700039159
0.4229528222;-0.0320312718;0.0849092808;-0.0356480877
0.4332687447;-0.0369392472;0.0726393421;-0.0086542227
0.4435846672;-0.0332582656;0.0542344341;0.0171126485
0.4539005897;-0.0148533577;0.0370565200;0.0269285994
0.4642165122;-0.0062644006;0.0027006918;0.0367445503
0.4745324347;-0.0025834190;-0.0181582039;0.0453335074
0.4848483572;0.0060055380;-0.0242931732;0.0600574338
0.4951642797;0.0109135135;-0.0206121916;0.0760083540
0.5054802022;0.0121405074;-0.0193851978;0.0870512988
0.5157961247;0.0010975626;-0.0181582039;0.0895052865
0.5261120472;0.0109135135;-0.0292011487;0.0784623417
0.5364279697;0.0121405074;-0.0267471609;0.0612844276
0.5467438922;0.0133675012;-0.0255201671;0.0379715442
0.5570598147;0.0121405074;-0.0120232346;0.0257016055
0.5673757372;0.0158214890;-0.0034342775;0.0060697037
0.5776916596;0.0231834522;0.0088356611;-0.0233781491
0.5880075821;0.0219564583;0.0235595875;-0.0466910325
0.5983235046;0.0219564583;0.0493264587;-0.0724579037
0.6086394271;0.0121405074;0.0726393421;-0.0933167994
0.6189553496;0.0023245565;0.0910442501;-0.0982247748
0.6292712721;-0.0013564251;0.1082221642;-0.0957707871
0.6395871946;-0.0148533577;0.1057681765;-0.0908628116
0.6499031171;-0.0209883270;0.0971792194;-0.0810468607
0.6602190396;-0.0308042779;0.0812282992;-0.0565069834
0.6705349621;-0.0320312718;0.0640503851;-0.0393290693
0.6808508846;-0.0209883270;0.0493264587;-0.0331941000
0.6911668071;-0.0148533577;0.0260135753;-0.0233781491
0.7014827296;-0.0185343393;0.0014736980;-0.0111082104
0.7117986521;-0.0209883270;-0.0157042162;-0.0000652656
0.7221145746;-0.0258963024;-0.0292011487;0.0183396423
0.7324304971;-0.0271232963;-0.0353361180;0.0342905626
0.7427464195;-0.0111723761;-0.0451520689;0.0465605012
0.7530623420;0.0023245565;-0.0561950137;0.0576034460
0.7633782645;0.0072325319;-0.0586490014;0.0563764522
0.7736941870;0.0109135135;-0.0500600444;0.0576034460
0.7840101095;0.0096865196;-0.0316551364;0.0502414828
0.7943260320;0.0109135135;-0.0193851978;0.0428795196
0.8046419545;0.0060055380;0.0014736980;0.0281555933
0.8149578770;0.0096865196;0.0137436366;0.0207936301
0.8252737995;0.0170484828;0.0296945568;0.0097506853
0.8355897220;0.0219564583;0.0480994648;-0.0074272288
0.8459056445;0.0145944951;0.0603694035;-0.0246051429
0.8562215670;0.0170484828;0.0689583605;-0.0393290693
0.8665374895;0.0182754767;0.0763203237;-0.0528260018
0.8768534120;0.0109135135;0.0800013053;-0.0638689466
0.8871693345;0.0035515503;0.0800013053;-0.0626419527
0.8974852570;0.0023245565;0.0726393421;-0.0638689466
0.9078011794;-0.0111723761;0.0615963973;-0.0577339773
0.9181171019;-0.0222153209;0.0566884219;-0.0454640386
0.9284330244;-0.0222153209;0.0493264587;-0.0209241613
0.9387489469;-0.0271232963;0.0382835139;0.0011617282
0.9490648694;-0.0295772840;0.0112896489;0.0122046730
0.9593807919;-0.0344852595;-0.0071152591;0.0195666362
0.9696967144;-0.0332582656;-0.0279741548;0.0330635687
0.9800126369;-0.0160803515;-0.0488330505;0.0367445503
0.9903285594;-0.0038104129;-0.0574220076;0.0367445503
1.0006444819;0.0035515503;-0.0611029892;0.0367445503
1.0109604044;0.0084595258;-0.0512870382;0.0391985380
1.0212763269;0.0133675012;-0.0390170996;0.0318365749
1.0315922494;0.0047785442;-0.0144772223;0.0232476178
1.0419081719;0.0035515503;0.0063816734;0.0122046730
1.0522240944;-0.0013564251;0.0272405691;0.0048427098
1.0625400168;-0.0099453822;0.0407375016;-0.0098812166
1.0728559393;-0.0111723761;0.0431914894;-0.0160161859
1.0831718618;-0.0087183883;0.0370565200;-0.0258321368
1.0934877843;-0.0087183883;0.0272405691;-0.0344210939
1.1038037068;-0.0136263638;0.0174246182;-0.0405560632
1.1141196293;-0.0148533577;0.0002467041;-0.0454640386
1.1244355518;-0.0099453822;-0.0095692468;-0.0430100509
1.1347514743;-0.0038104129;-0.0095692468;-0.0381020754
1.1450673968;-0.0197613331;-0.0071152591;-0.0258321368
1.1553833193;-0.0246693086;-0.0083422530;-0.0111082104
1.1656992418;-0.0185343393;-0.0022072836;0.0036157160
1.1760151643;-0.0062644006;-0.0083422530;0.0072966976
1.1863310868;-0.0038104129;-0.0083422530;0.0134316669
1.1966470093;-0.0050374067;-0.0083422530;0.0207936301
1.2069629318;-0.0038104129;-0.0022072836;0.0293825871
1.2172788543;-0.0038104129;0.0002467041;0.0342905626
1.2275947767;0.0035515503;0.0027006918;0.0355175565
1.2379106992;0.0047785442;-0.0071152591;0.0269285994
1.2482266217;0.0145944951;-0.0132502284;0.0195666362
1.2585425442;0.0133675012;-0.0107962407;0.0183396423
1.2688584667;0.0109135135;-0.0034342775;0.0146586607
1.2791743892;0.0084595258;0.0027006918;0.0122046730
1.2894903117;0.0047785442;0.0063816734;0.0109776792
1.2998062342;-0.0087183883;0.0137436366;0.0122046730
1.3101221567;-0.0173073454;0.0186516121;0.0072966976
1.3204380792;-0.0185343393;0.0247865814;0.0072966976
1.3307540017;-0.0197613331;0.0272405691;-0.0037462472
1.3410699242;-0.0308042779;0.0174246182;-0.0062002350
1.3513858467;-0.0283502902;0.0076086673;-0.0123352043
1.3617017692;-0.0222153209;-0.0034342775;-0.0270591307
1.3720176917;-0.0111723761;-0.0058882652;-0.0405560632
1.3823336142;-0.0013564251;-0.0083422530;-0.0405560632
1.3926495366;0.0023245565;-0.0132502284;-0.0356480877
1.4029654591;0.0121405074;-0.0132502284;-0.0356480877
1.4132813816;0.0207294644;-0.0046612714;-0.0295131184
1.4235973041;0.0256374399;0.0014736980;-0.0196971675
1.4339132266;0.0268644338;0.0088356611;-0.0184701736
1.4442291491;0.0329994031;0.0174246182;-0.0147891920
1.4545450716;0.0379073785;0.0296945568;-0.0062002350
1.4648609941;0.0366803847;0.0395105078;0.0011617282
1.4751769166;0.0170484828;0.0431914894;0.0060697037
1.4854928391;-0.0025834190;0.0431914894;0.0158856546
1.4958087616;-0.0173073454;0.0395105078;0.0232476178
1.5061246841;-0.0320312718;0.0370565200;0.0318365749
1.5164406066;-0.0393932350;0.0211055998;0.0330635687
1.5267565291;-0.0381662411;0.0027006918;0.0379715442
1.5370724516;-0.0357122534;-0.0120232346;0.0453335074
1.5473883741;-0.0271232963;-0.0279741548;0.0404255319
1.5577042965;-0.0148533577;-0.0304281425;0.0293825871
1.5680202190;-0.0025834190;-0.0206121916;0.0183396423
1.5783361415;0.0121405074;-0.0144772223;0.0146586607
1.5886520640;0.0256374399;0.0063816734;0.0097506853
1.5989679865;0.0317724092;0.0186516121;-0.0037462472
1.6092839090;0.0452693417;0.0309215507;-0.0258321368
1.6195998315;0.0612202620;0.0370565200;-0.0466910325
1.6299157540;0.0661282374;0.0419644955;-0.0601879650
1.6402316765;0.0833061515;0.0431914894;-0.0822738546
1.6505475990;0.0857601393;0.0505534526;-0.1068137319
1.6608635215;0.0845331454;0.0480994648;-0.1080407258
1.6711794440;0.0980300779;0.0542344341;-0.1129487012
1.6814953665;0.1103000166;0.0566884219;-0.1019057564
1.6918112890;0.1127540043;0.0677313667;-0.0724579037
1.7021272115;0.1139809982;0.0824552930;-0.0405560632
1.7124431340;0.1090730227;0.0934982378;-0.0086542227
1.7227590564;0.1348398939;0.1106761519;0.0085236914
1.7330749789;0.2170484828;0.1413509986;0.0232476178
1.7433909014;0.3814656607;0.1806148022;0.0600574338
1.7537068239;0.5483368264;0.2186516121;0.1177261454
1.7640227464;0.5336129000;0.2395105078;0.1201801331
1.7743386689;0.2783981761;0.2346025323;0.0465605012
1.7846545914;0.3790116730;0.2309215507;0.0134316669
1.7949705139;0.6305454153;0.2333755384;-0.0086542227
1.8052864364;0.9053920411;0.2370565200;-0.0246051429
1.8156023589;1.2047785442;0.2419644955;-0.0442370448
1.8259182814;1.4833061515;0.2431914894;-0.0638689466
1.8362342039;1.7152079920;0.2468724710;-0.0761388853
1.8465501264;1.8968030841;0.2407375016;-0.0798198669
1.8568660489;2.0354533908;0.2407375016;-0.0724579037
1.8671819714;2.1090730227;0.2395105078;-0.0663229343
1.8774978939;2.1017110595;0.2419644955;-0.0601879650
1.8878138163;2.0379073785;0.2444184832;-0.0503720141
1.8981297388;1.9250239430;0.2395105078;-0.0454640386
1.9084456613;1.7704227160;0.2407375016;-0.0381020754
1.9187615838;1.5876006301;0.2468724710;-0.0233781491
1.9290775063;1.3949625933;0.2431914894;-0.0074272288
1.9393934288;1.2060055380;0.2456454771;0.0134316669
1.9497093513;1.0379073785;0.2505534526;0.0306095810
1.9600252738;0.8992570718;0.2493264587;0.0600574338
1.9703411963;0.8158214890;0.2493264587;0.0882782927
1.9806571188;0.7961895871;0.2468724710;0.1152721577
1.9909730413;0.8366803847;0.2505534526;0.1324500718
2.0012889638;0.9299319184;0.2579154157;0.1447200104
2.0116048863;1.0771711822;0.2603694035;0.1496279859
2.0219208088;1.2820791577;0.2579154157;0.1508549798
2.0322367313;1.5152079920;0.2579154157;0.1520819736
2.0425526537;1.7655147405;0.2640503851;0.1508549798
2.0528685762;2.0207294644;0.2714123483;0.1484009920
2.0631844987;2.2636742497;0.2701853544;0.1508549798
2.0735004212;2.4587662742;0.2750933299;0.1484009920
2.0838163437;2.5839196485;0.2738663360;0.1398120350
2.0941322662;2.6403613663;0.2689583605;0.1287690902
2.1044481887;2.6195024706;0.2726393421;0.1091371884
2.1147641112;2.5262509368;0.2812282992;0.0907322804
2.1250800337;2.3655147405;0.2824552930;0.0772353479
2.1353959562;2.1532448018;0.2800013053;0.0661924031
2.1457118787;1.8931221025;0.2775473176;0.0625114215
2.1560278012;1.6060055380;0.2775473176;0.0526954706
2.1663437237;1.3004840657;0.2726393421;0.0453335074
2.1766596462;0.9728767037;0.2800013053;0.0404255319
2.1869755687;0.6415883601;0.2750933299;0.0404255319
2.1972914912;0.3507908141;0.2714123483;0.0379715442
2.2076074136;0.1213429614;0.2701853544;0.0391985380
2.2179233361;-0.0418472227;0.2750933299;0.0367445503
2.2282392586;-0.1559576521;0.2714123483;0.0379715442
2.2385551811;-0.2074913945;0.2701853544;0.0379715442
2.2488711036;-0.2001294313;0.2714123483;0.0441065135
2.2591870261;-0.1387797380;0.2726393421;0.0563764522
2.2695029486;-0.0393932350;0.2763203237;0.0686463908
2.2798188711;0.0857601393;0.2714123483;0.0747813601
2.2901347936;0.2293184215;0.2714123483;0.0809163295
2.3004507161;0.3753306914;0.2726393421;0.0784623417
2.3107666386;0.4968030841;0.2738663360;0.0760083540
2.3210825611;0.5826926546;0.2738663360;0.0698733847
2.3313984836;0.6415883601;0.2775473176;0.0637384154
2.3417144061;0.6575392804;0.2836822869;0.0526954706
2.3520303286;0.6170484828;0.2775473176;0.0355175565
2.3623462511;0.5176619798;0.2738663360;0.0244746117
2.3726621735;0.3544717957;0.2714123483;0.0023887221
2.3829780960;0.1336129000;0.2726393421;-0.0258321368
2.3932940185;-0.1301907810;0.2750933299;-0.0626419527
2.4036099410;-0.4308042779;0.2750933299;-0.1006787626
2.4139258635;-0.7461417012;0.2726393421;-0.1448505417
2.4242417860;-1.0762030509;0.2677313667;-0.1865683331
2.4345577085;-1.3964484497;0.2714123483;-0.2307401123
2.4448736310;-1.6835650141;0.2726393421;-0.2663229343
2.4551895535;-1.9216018239;0.2738663360;-0.2994517687
2.4655054760;-2.1179208423;0.2726393421;-0.3239916460
2.4758213985;-2.2602521307;0.2750933299;-0.3473045294
2.4861373210;-2.3375527442;0.2812282992;-0.3681634251
2.4964532435;-2.3449147074;0.2800013053;-0.3767523822
2.5067691660;-2.2872459957;0.2849092808;-0.3853413393
2.5170850885;-2.1743625601;0.2898172562;-0.3841143454
2.5274010110;-2.0087183883;0.3008602010;-0.3718444067
2.5377169334;-1.7952214558;0.3033141887;-0.3558934865
2.5480328559;-1.5780435417;0.3082221642;-0.3374885785
2.5583487784;-1.3559576521;0.3106761519;-0.3104947135
2.5686647009;-1.1485956889;0.3119031458;-0.2920898055
2.5789806234;-0.9841785110;0.3143571335;-0.2687769221
2.5892965459;-0.8737490632;0.3155841274;-0.2565069834
2.5996124684;-0.8185343393;0.3131301397;-0.2491450202
2.6099283909;-0.8283502902;0.3131301397;-0.2466910325
2.6202443134;-0.8995159343;0.3155841274;-0.2565069834
2.6305602359;-1.0185343393;0.3168111213;-0.2663229343
2.6408761584;-1.1890864865;0.3106761519;-0.2896358178
2.6511920809;-1.3878594926;0.3131301397;-0.3117217073
2.6615080034;-1.5989024374;0.3180381151;-0.3399425662
2.6718239259;-1.8173073454;0.3192651090;-0.3767523822
2.6821398484;-2.0025834190;0.3155841274;-0.4147891920
2.6924557709;-2.1633196153;0.3229460906;-0.4503720141
2.7027716933;-2.2798840325;0.3290810599;-0.4835008485
2.7130876158;-2.3301907810;0.3364430231;-0.5092677196
2.7234035383;-2.3216018239;0.3413509986;-0.5264456337
2.7337194608;-2.2467551982;0.3548479311;-0.5411695601
2.7440353833;-2.0970619466;0.3622098943;-0.5362615846
2.7543513058;-1.8872459957;0.3744798329;-0.5239916460
2.7646672283;-1.6320312718;0.3757068268;-0.4920898055
2.7749831508;-1.3473686951;0.3842957838;-0.4442370448
2.7852990733;-1.0516631736;0.3892037593;-0.3951572902
2.7956149958;-0.7645466092;0.3953387286;-0.3436235478
2.8059309183;-0.4946079589;0.4014736980;-0.2847278423
2.8162468408;-0.2393932350;0.4027006918;-0.2295131184
2.8265627633;-0.0111723761;0.4014736980;-0.1620284558
2.8368786858;0.1741036976;0.3990197102;-0.1006787626
2.8471946083;0.3237969491;0.4002467041;-0.0282861245
2.8575105307;0.4207294644;0.4051546795;0.0318365749
2.8678264532;0.4599932681;0.4014736980;0.0858243049
2.8781423757;0.4538582988;0.3990197102;0.1324500718
2.8884582982;0.4084595258;0.3977927164;0.1569899491
2.8987742207;0.3188889736;0.4027006918;0.1827568203
2.9090901432;0.2084595258;0.4014736980;0.1876647957
2.9194060657;0.0931221025;0.3990197102;0.1901187834
2.9297219882;-0.0074913945;0.4051546795;0.1778488448
2.9400379107;-0.1068778975;0.3977927164;0.1655789061
2.9503538332;-0.1829515172;0.3965657225;0.1520819736
2.9606697557;-0.2222153209;0.3928847409;0.1385850411
2.9709856782;-0.2111723761;0.3904307532;0.1299960841
2.9813016007;-0.1547306583;0.3892037593;0.1214071270
2.9916175232;-0.0443012104;0.3867497716;0.1189531393
3.0019334457;0.1127540043;0.3879767654;0.1263151025
3.0122493682;0.3090730227;0.3892037593;0.1385850411
3.0225652906;0.5385208755;0.3916577470;0.1704868816
3.0328812131;0.7986435749;0.3941117348;0.2158856546
3.0431971356;1.0747171945;0.3916577470;0.2686463908
3.0535130581;1.3655147405;0.3965657225;0.3398120350
3.0638289806;1.6415883601;0.4039276857;0.4146586607
3.0741449031;1.8820791577;0.4125166427;0.5005482313
3.0844608256;2.0747171945;0.4149706305;0.5901187834
3.0947767481;2.2121405074;0.4272405691;0.6747813601
3.1050926706;2.2833061515;0.4346025323;0.7484009920
3.1154085931;2.2833061515;0.4444184832;0.8109776792
3.1257245156;2.2231834522;0.4530074403;0.8674193969
3.1360404381;2.1053920411;0.4701853544;0.9115911761
3.1463563606;1.9434288509;0.4787743114;0.9349040595
3.1566722831;1.7520178080;0.4885902624;0.9459470043
3.1669882056;1.5372938816;0.4922712440;0.9385850411
3.1773041281;1.3103000166;0.5033141887;0.9152721577
3.1876200505;1.1017110595;0.5082221642;0.8821433233
3.1979359730;0.9250239430;0.5057681765;0.8367445503
3.2082518955;0.7826926546;0.5069951703;0.7803028325
3.2185678180;0.6992570718;0.5069951703;0.7177261454
3.2288837405;0.6710362129;0.5106761519;0.6551494583
3.2391996630;0.7029380534;0.5045411826;0.5962537528
3.2495155855;0.7863736362;0.5106761519;0.5484009920
3.2598315080;0.9139809982;0.5143571335;0.5152721577
3.2701474305;1.0734902006;0.5180381151;0.4895052865
3.2804633530;1.2514043111;0.5217190967;0.4796893356
3.2907792755;1.4256374399;0.5204921029;0.4821433233
3.3010951980;1.5876006301;0.5266270722;0.4907322804
3.3114111205;1.7225699552;0.5339890354;0.5128181700
3.3217270430;1.8145944951;0.5401240047;0.5361310534
3.3320429655;1.8550852926;0.5425779924;0.5680328939
3.3423588880;1.8440423479;0.5499399556;0.5974807466
3.3526748104;1.7728767037;0.5609829004;0.6281555933
3.3629907329;1.6489503233;0.5683448636;0.6441065135
3.3733066554;1.4624472558;0.5757068268;0.6576034460
3.3836225779;1.2428153540;0.5769338207;0.6563764522
3.3939385004;0.9925086055;0.5830687900;0.6391985380
3.4042544229;0.7103000166;0.5867497716;0.6023887221
3.4145703454;0.4231834522;0.5818417961;0.5496279859
3.4248862679;0.1556987896;0.5769338207;0.4858243049
3.4352021904;-0.0811110264;0.5892037593;0.4036157160
3.4455181129;-0.3019699221;0.5830687900;0.3128181700
3.4558340354;-0.4896999834;0.5744798329;0.2036157160
3.4661499579;-0.6271232963;0.5720258452;0.0882782927
3.4764658804;-0.7056509037;0.5707988513;-0.0123352043
3.4867818029;-0.7387797380;0.5646638820;-0.1166296828
3.4970977254;-0.7265097994;0.5634368881;-0.2258321368
3.5074136479;-0.6688410877;0.5646638820;-0.3362615846
3.5177295703;-0.5780435417;0.5634368881;-0.4270591307
3.5280454928;-0.4762030509;0.5609829004;-0.5019057564
3.5383614153;-0.3571846460;0.5622098943;-0.5595744681
3.5486773378;-0.2295772840;0.5622098943;-0.6086542227
3.5589932603;-0.1154668546;0.5634368881;-0.6417830570
3.5693091828;-0.0246693086;0.5609829004;-0.6638689466
3.5796251053;0.0244104460;0.5536209372;-0.6736848975
3.5899410278;0.0293184215;0.5499399556;-0.6773658791
3.6002569503;-0.0074913945;0.5487129618;-0.6724579037
3.6105728728;-0.1007429282;0.5425779924;-0.6785928730
3.6208887953;-0.2369392472;0.5388970108;-0.6785928730
3.6312047178;-0.4185343393;0.5376700170;-0.6736848975
3.6415206403;-0.6271232963;0.5352160292;-0.6822738546
3.6518365628;-0.8553441552;0.5315350476;-0.6969977810
3.6621524853;-1.0982889405;0.5327620415;-0.7190836705
3.6724684078;-1.3363257503;0.5315350476;-0.7571204804
3.6827843302;-1.5498226828;0.5401240047;-0.8049732411
3.6931002527;-1.7424607196;0.5413509986;-0.8638689466
3.7034161752;-1.8860190018;0.5474859679;-0.9362615846
3.7137320977;-1.9768165478;0.5597559065;-1.0172431797
3.7240480202;-2.0074913945;0.5695718575;-1.1019057564
3.7343639427;-1.9792705356;0.5806148022;-1.1792063699
3.7446798652;-1.8872459957;0.5941117348;-1.2540529957
3.7549957877;-1.7498226828;0.6076086673;-1.3129487012
3.7653117102;-1.5682275908;0.6235595875;-1.3657094374
3.7756276327;-1.3522766705;0.6321485446;-1.4025192534
3.7859435552;-1.1216018239;0.6382835139;-1.4246051429
3.7962594777;-0.9105588791;0.6493264587;-1.4258321368
3.8065754002;-0.7166938485;0.6628233912;-1.4160161859
3.8168913227;-0.5498226828;0.6640503851;-1.3865683331
3.8272072452;-0.4234423147;0.6701853544;-1.3411695601
3.8375231676;-0.3498226828;0.6726393421;-1.2896358178
3.8478390901;-0.3350987564;0.6738663360;-1.2184701736
3.8581550126;-0.3620926215;0.6787743114;-1.1374885785
3.8684709351;-0.4357122534;0.6775473176;-1.0614149589
3.8787868576;-0.5485956889;0.6738663360;-0.9841143454
3.8891027801;-0.6823380202;0.6714123483;-0.9129487012
3.8994187026;-0.8357122534;0.6812282992;-0.8503720141
3.9097346251;-0.9841785110;0.6873632685;-0.7927033024
3.9200505476;-1.1191478362;0.6922712440;-0.7460775356
3.9303664701;-1.2308042779;0.6984062133;-0.7117217073
3.9406823926;-1.3117858730;0.7033141887;-0.6749118914
3.9509983151;-1.3510496767;0.7119031458;-0.6466910325
3.9613142376;-1.3338717626;0.7168111213;-0.6221511552
3.9716301601;-1.2798840325;0.7192651090;-0.5927033024
3.9819460826;-1.1633196153;0.7229460906;-0.5693904190
3.9922620051;-1.0087183883;0.7315350476;-0.5485315233
4.0025779275;-0.8148533577;0.7376700170;-0.5178566767
4.0128938500;-0.6013564251;0.7413509986;-0.4749118914
4.0232097725;-0.3694545847;0.7438049863;-0.4295131184
4.0335256950;-0.1301907810;0.7487129618;-0.3755253883
4.0438416175;0.0943490963;0.7450319802;-0.3068137319
4.0541575400;0.3066190350;0.7388970108;-0.2209241613
4.0644734625;0.4943490963;0.7401240047;-0.1264456337
4.0747893850;0.6489503233;0.7438049863;-0.0221511552
4.0851053075;0.7520178080;0.7413509986;0.0858243049
4.0954212300;0.8170484828;0.7425779924;0.1999347344
4.1057371525;0.8231834522;0.7438049863;0.3091371884
4.1160530750;0.7863736362;0.7438049863;0.4195666362
4.1263689975;0.7115270104;0.7438049863;0.5287690902
4.1366849200;0.6047785442;0.7450319802;0.6342905626
4.1470008425;0.4734902006;0.7425779924;0.7263151025
4.1573167650;0.3225699552;0.7438049863;0.8158856546
4.1676326874;0.1667417344;0.7376700170;0.9005482313
4.1779486099;0.0244104460;0.7413509986;0.9729408693
4.1882645324;-0.0958349528;0.7413509986;1.0330635687
4.1985804549;-0.1915404742;0.7315350476;1.0845973111
4.2088963774;-0.2344852595;0.7254000783;1.1263151025
4.2192122999;-0.2320312718;0.7217190967;1.1668059000
4.2295282224;-0.1829515172;0.7192651090;1.1937997650
4.2398441449;-0.0823380202;0.7155841274;1.2171126485
4.2501600674;0.0563122865;0.7143571335;1.2514684767
4.2604759899;0.2207294644;0.7045411826;1.2809163295
4.2707919124;0.4219564583;0.7143571335;1.3079101945
4.2811078349;0.6293184215;0.7180381151;1.3410390288
4.2914237574;0.8317724092;0.7266270722;1.3704868816
4.3017396799;1.0158214890;0.7327620415;1.4085236914
4.3120556024;1.1691957221;0.7388970108;1.4453335074
4.3223715249;1.2820791577;0.7474859679;1.4809163295
4.3326874473;1.3409748632;0.7573019188;1.5177261454
4.3430033698;1.3422018571;0.7720258452;1.5459470043
4.3533192923;1.2833061515;0.7855227777;1.5815298264
4.3636352148;1.1777846791;0.7953387286;1.6085236914
4.3739511373;1.0231834522;0.8063816734;1.6244746117
4.3842670598;0.8329994031;0.8149706305;1.6257016055
4.3945829823;0.6170484828;0.8198786059;1.6269285994
4.4048989048;0.3986435749;0.8235595875;1.6097506853
4.4152148273;0.1851466423;0.8223325937;1.5864378019
4.4255307498;0.0035515503;0.8211055998;1.5484009920
4.4358466723;-0.1498226828;0.8272405691;1.5030022190
4.4461625948;-0.2639331123;0.8247865814;1.4490144890
4.4564785173;-0.3179208423;0.8100626550;1.3827568203
4.4667944398;-0.3314177748;0.8125166427;1.3201801331
4.4771103623;-0.2884729896;0.8063816734;1.2514684767
4.4874262848;-0.2074913945;0.8063816734;1.1790758387
4.4977422072;-0.0823380202;0.8027006918;1.1079101945
4.5080581297;0.0575392804;0.7965657225;1.0404255319
4.5183740522;0.2133675012;0.7953387286;0.9704868816
4.5286899747;0.3777846791;0.8002467041;0.9042292129
4.5390058972;0.5287049245;0.8027006918;0.8428795196
4.5493218197;0.6587662742;0.8051546795;0.7790758387
4.5596377422;0.7606067650;0.8088356611;0.7164991515
4.5699536647;0.8256374399;0.8186516121;0.6576034460
4.5802695872;0.8452693417;0.8186516121;0.5962537528
4.5905855097;0.8195024706;0.8235595875;0.5275420963
4.6009014322;0.7495638203;0.8223325937;0.4551494583
4.6112173547;0.6452693417;0.8223325937;0.3704868816
4.6215332772;0.5004840657;0.8223325937;0.2821433233
4.6318491997;0.3311589123;0.8149706305;0.1962537528
4.6421651222;0.1520178080;0.8137436366;0.1005482313
4.6524810447;-0.0209883270;0.8149706305;0.0072966976
4.6627969671;-0.1964484497;0.8161976243;-0.0969977810
4.6731128896;-0.3547306583;0.8161976243;-0.2086542227
4.6834288121;-0.4860190018;0.8100626550;-0.3215376583
4.6937447346;-0.5829515172;0.8125166427;-0.4368750816
4.7040606571;-0.6443012104;0.8125166427;-0.5460775356
4.7143765796;-0.6614791245;0.8112896489;-0.6589609712
4.7246925021;-0.6283502902;0.8076086673;-0.7608014620
4.7350084246;-0.5510496767;0.8100626550;-0.8589609712
4.7453243471;-0.4381662411;0.8149706305;-0.9509855110
4.7556402696;-0.2884729896;0.8161976243;-1.0307401123
4.7659561921;-0.1277367932;0.8149706305;-1.0908628116
4.7762721146;0.0489503233;0.8112896489;-1.1571204804
4.7865880371;0.2231834522;0.8125166427;-1.2062002350
4.7969039596;0.3949625933;0.8112896489;-1.2466910325
4.8072198821;0.5458828387;0.8076086673;-1.2859548362
4.8175358045;0.6575392804;0.8027006918;-1.3215376583
4.8278517270;0.7287049245;0.7928847409;-1.3473045294
4.8381676495;0.7544717957;0.7855227777;-1.3706174129
4.8484835720;0.7360668877;0.7769338207;-1.4025192534
4.8587994945;0.6698092190;0.7683448636;-1.4295131184
4.8691154170;0.5618337589;0.7597559065;-1.4528260018
4.8794313395;0.4231834522;0.7499399556;-1.4859548362
4.8897472620;0.2612202620;0.7425779924;-1.5203106644
4.9000631845;0.0968030841;0.7413509986;-1.5497585172
4.9103791070;-0.0590251368;0.7413509986;-1.5865683331
4.9206950295;-0.2062644006;0.7413509986;-1.6282861245
4.9310109520;-0.3252828055;0.7450319802;-1.6638689466
4.9413268745;-0.4136263638;0.7462589740;-1.6994517687
4.9516427970;-0.4528901675;0.7511669495;-1.7239916460
4.9619587195;-0.4443012104;0.7585289127;-1.7485315233
4.9722746420;-0.3939944620;0.7646638820;-1.7522125049
4.9825905644;-0.2933809650;0.7683448636;-1.7448505417
4.9929064869;-0.1571846460;0.7744798329;-1.7313536092
5.0032224094;0.0047785442;0.7806148022;-1.7006787626
5.0135383319;0.1691957221;0.7671178697;-1.6565069834
5.0238542544;0.3409748632;0.7720258452;-1.6062002350
5.0341701769;0.5066190350;0.7720258452;-1.5325806031
5.0444860994;0.6526313049;0.7683448636;-1.4515990080
5.0548020219;0.7581527773;0.7658908759;-1.3608014620
5.0651179444;0.8280914276;0.7634368881;-1.2638689466
5.0754338669;0.8514043111;0.7560749249;-1.1608014620
5.0857497894;0.8293184215;0.7474859679;-1.0565069834
5.0960657119;0.7642877466;0.7438049863;-0.9644824435
5.1063816344;0.6599932681;0.7438049863;-0.8835008485
5.1166975569;0.5250239430;0.7401240047;-0.7939302963
5.1270134794;0.3667417344;0.7327620415;-0.7178566767
5.1373294019;0.1912816117;0.7290810599;-0.6528260018
5.1476453243;0.0195024706;0.7303080538;-0.5902493147
5.1579612468;-0.1547306583;0.7327620415;-0.5374885785
5.1682771693;-0.3117858730;0.7376700170;-0.4871818300
5.1785930918;-0.4492091859;0.7450319802;-0.4368750816
5.1889090143;-0.5522766705;0.7425779924;-0.3865683331
5.1992249368;-0.6160803515;0.7413509986;-0.3338075969
5.2095408593;-0.6418472227;0.7438049863;-0.2859548362
5.2198567818;-0.6295772840;0.7487129618;-0.2307401123
5.2301727043;-0.5817245233;0.7462589740;-0.1644824435
5.2404886268;-0.5056509037;0.7511669495;-0.0908628116
5.2508045493;-0.4038104129;0.7523939433;-0.0062002350
5.2611204718;-0.2909269773;0.7536209372;0.0747813601
5.2714363943;-0.1706815785;0.7536209372;0.1729408693
5.2817523168;-0.0528901675;0.7597559065;0.2796893356
5.2920682393;0.0489503233;0.7597559065;0.3950267589
5.3023841618;0.1237969491;0.7548479311;0.5140451638
5.3127000842;0.1704227160;0.7597559065;0.6257016055
5.3230160067;0.1814656607;0.7622098943;0.7398120350
5.3333319292;0.1544717957;0.7695718575;0.8526954706
5.3436478517;0.0869871331;0.7695718575;0.9545359614
5.3539637742;-0.0160803515;0.7781608145;1.0539224644
5.3642796967;-0.1547306583;0.7806148022;1.1336770657
5.3745956192;-0.3252828055;0.7830687900;1.1974807466
5.3849115417;-0.5166938485;0.7769338207;1.2526954706
5.3952274642;-0.7142398607;0.7769338207;1.2907322804
5.4055433867;-0.9068778975;0.7757068268;1.3164991515
5.4158593092;-1.0774300448;0.7658908759;1.3275420963
5.4261752317;-1.2246693086;0.7585289127;1.3287690902
5.4364911542;-1.3375527442;0.7511669495;1.3238611147
5.4468070767;-1.4062644006;0.7413509986;1.3054562068
5.4571229992;-1.4283502902;0.7327620415;1.2870512988
5.4674389217;-1.4074913945;0.7168111213;1.2674193969
5.4777548441;-1.3375527442;0.7082221642;1.2416525258
5.4880707666;-1.2344852595;0.7020871949;1.2306095810
5.4983866891;-1.1031969159;0.6910442501;1.2232476178
5.5087026116;-0.9535036644;0.6861362746;1.2207936301
5.5190185341;-0.7915404742;0.6849092808;1.2306095810
5.5293344566;-0.6369392472;0.6836822869;1.2404255319
5.5396503791;-0.5068778975;0.6750933299;1.2539224644
5.5499663016;-0.4013564251;0.6787743114;1.2747813601
5.5602822241;-0.3301907810;0.6849092808;1.3066832006
5.5705981466;-0.2982889405;0.6873632685;1.3287690902
5.5809140691;-0.3056509037;0.6873632685;1.3508549798
5.5912299916;-0.3485956889;0.6849092808;1.3618979246
5.6015459141;-0.4332582656;0.6800013053;1.3606709307
5.6118618366;-0.5387797380;0.6750933299;1.3557629552
5.6221777591;-0.6676140939;0.6701853544;1.3275420963
5.6324936816;-0.7989024374;0.6689583605;1.2907322804
5.6428096040;-0.9203748301;0.6566884219;1.2404255319
5.6531255265;-1.0295772840;0.6493264587;1.1753948571
5.6634414490;-1.1154668546;0.6395105078;1.0944132620
5.6737573715;-1.1706815785;0.6333755384;1.0109776792
5.6840732940;-1.1878594926;0.6211055998;0.9103641822
5.6943892165;-1.1522766705;0.6137436366;0.8171126485
5.7047051390;-1.0823380202;0.6076086673;0.7091371884
5.7150210615;-0.9719085724;0.6039276857;0.6072966976
5.7253369840;-0.8246693086;0.6039276857;0.5079101945
5.7356529065;-0.6516631736;0.6027006918;0.4109776792
5.7459688290;-0.4602521307;0.6002467041;0.3250881086
5.7562847515;-0.2528901675;0.5977927164;0.2441065135
5.7666006740;-0.0516631736;0.6014736980;0.1717138755
5.7769165965;0.1409748632;0.6002467041;0.1164991515
5.7872325190;0.3188889736;0.5977927164;0.0649654092
5.7975484414;0.4698092190;0.6027006918;0.0306095810
5.8078643639;0.5900546178;0.6076086673;-0.0000652656
5.8181802864;0.6845331454;0.5990197102;-0.0282861245
5.8284962089;0.7311589123;0.6027006918;-0.0528260018
5.8388121314;0.7409748632;0.6051546795;-0.0785928730
5.8491280539;0.7164349859;0.6039276857;-0.1055867380
5.8594439764;0.6685822252;0.6051546795;-0.1411695601
5.8697598989;0.5974165810;0.6051546795;-0.1755253883
5.8800758214;0.5152079920;0.6076086673;-0.2147891920
5.8903917439;0.4293184215;0.6088356611;-0.2614149589
5.9007076664;0.3422018571;0.6039276857;-0.3141756951
5.9110235889;0.2771711822;0.6051546795;-0.3792063699
5.9213395114;0.2415883601;0.6076086673;-0.4565069834
5.9316554339;0.2379073785;0.6051546795;-0.5301266153
5.9419713564;0.2649012436;0.5990197102;-0.6086542227
5.9522872789;0.3262509368;0.6076086673;-0.6908628116
5.9626032013;0.4268644338;0.6137436366;-0.7693904190
5.9729191238;0.5606067650;0.6100626550;-0.8454640386
5.9832350463;0.7250239430;0.6088356611;-0.9215376583
5.9935509688;0.9103000166;0.6063816734;-0.9816603577
6.0038668913;1.1029380534;0.6002467041;-1.0319671061
6.0141828138;1.2918951086;0.5928847409;-1.0663229343
6.0244987363;1.4685822252;0.5867497716;-1.0908628116
6.0348146588;1.6231834522;0.5793878084;-1.1068137319
6.0451305813;1.7434288509;0.5707988513;-1.1055867380
6.0554465038;1.8244104460;0.5634368881;-1.0933167994
6.0657624263;1.8649012436;0.5511669495;-1.0761388853
6.0760783488;1.8550852926;0.5450319802;-1.0479180264
6.0863942713;1.8023245565;0.5266270722;-1.0135621981
6.0967101938;1.7090730227;0.5168111213;-0.9742983945
6.1070261163;1.5802386669;0.5106761519;-0.9362615846
6.1173420388;1.4342263969;0.5008602010;-0.9019057564
6.1276579612;1.2685822252;0.4959522256;-0.8687769221
6.1379738837;1.1053920411;0.4947252317;-0.8417830570
6.1482898062;0.9544717957;0.4959522256;-0.8221511552
6.1586057287;0.8207294644;0.4873632685;-0.8062002350
6.1689216512;0.7127540043;0.4787743114;-0.7976112779
6.1792375737;0.6354533908;0.4812282992;-0.7902493147
6.1895534962;0.6010975626;0.4775473176;-0.7890223208
6.1998694187;0.5974165810;0.4750933299;-0.7890223208
6.2101853412;0.6317724092;0.4701853544;-0.7914763086
6.2205012637;0.6955760902;0.4701853544;-0.7902493147
6.2308171862;0.7765576853;0.4677313667;-0.7877953270
6.2411331087;0.8759441884;0.4628233912;-0.7816603577
6.2514490312;0.9704227160;0.4579154157;-0.7718444067
6.2617649537;1.0575392804;0.4542344341;-0.7509855110
6.2720808762;1.1237969491;0.4517804464;-0.7239916460
6.2823967987;1.1691957221;0.4431914894;-0.6896358178
6.2927127211;1.1765576853;0.4395105078;-0.6466910325
6.3030286436;1.1458828387;0.4346025323;-0.5914763086
6.3133445661;1.0759441884;0.4272405691;-0.5338075969
6.3236604886;0.9667417344;0.4272405691;-0.4773658791
6.3339764111;0.8317724092;0.4223325937;-0.4111082104
6.3442923336;0.6636742497;0.4223325937;-0.3411695601
6.3546082561;0.4649012436;0.4186516121;-0.2736848975
6.3649241786;0.2526313049;0.4112896489;-0.2049732411
6.3752401011;0.0428153540;0.4174246182;-0.1387155724
6.3855560236;-0.1706815785;0.4223325937;-0.0712309098
6.3958719461;-0.3817245233;0.4198786059;-0.0086542227
6.4061878686;-0.5768165478;0.4186516121;0.0391985380
6.4165037911;-0.7424607196;0.4235595875;0.0858243049
6.4268197136;-0.8700680816;0.4247865814;0.1263151025
6.4371356361;-0.9706815785;0.4223325937;0.1692598877
6.4474515586;-1.0357122534;0.4211055998;0.1999347344
6.4577674810;-1.0553441552;0.4223325937;0.2269285994
6.4680834035;-1.0455282043;0.4223325937;0.2526954706
6.4783993260;-1.0038104129;0.4247865814;0.2760083540
6.4887152485;-0.9473686951;0.4247865814;0.2870512988
6.4990311710;-0.8712950755;0.4235595875;0.3054562068
6.5093470935;-0.7964484497;0.4272405691;0.3238611147
6.5196630160;-0.7252828055;0.4235595875;0.3398120350
6.5299789385;-0.6712950755;0.4260135753;0.3520819736
6.5402948610;-0.6369392472;0.4247865814;0.3717138755
6.5506107835;-0.6344852595;0.4247865814;0.3901187834
6.5609267060;-0.7289637871;0.4260135753;0.4379715442
6.5712426285;-0.7289637871;0.4260135753;0.4379715442
6.5815585510;-0.8271232963;0.4284675630;0.4588304399
6.5918744735;-0.9559576521;0.4272405691;0.4821433233
6.6021903960;-1.1130128669;0.4198786059;0.5103641822
6.6125063184;-1.2847920080;0.4223325937;0.5398120350
6.6228222409;-1.4614791245;0.4223325937;0.5606709307
6.6331381634;-1.6308042779;0.4125166427;0.5852108080
6.6434540859;-1.7866324988;0.4088356611;0.6023887221
6.6537700084;-1.9166938485;0.4063816734;0.6146586607
6.6640859309;-2.0111723761;0.3965657225;0.6257016055
6.6744018534;-2.0663871000;0.3879767654;0.6355175565
6.6847177759;-2.0847920080;0.3781608145;0.6465605012
6.6950336984;-2.0565711491;0.3720258452;0.6465605012
6.7053496209;-1.9731355662;0.3658908759;0.6404255319
6.7156655434;-1.8614791245;0.3585289127;0.6404255319
6.7259814659;-1.7289637871;0.3523939433;0.6330635687
6.7362973884;-1.5608656276;0.3474859679;0.6220206239
6.7466133109;-1.3939944620;0.3401240047;0.6048427098
6.7569292334;-1.2222153209;0.3352160292;0.5852108080
6.7672451559;-1.0492091859;0.3303080538;0.5680328939
6.7775610783;-0.9105588791;0.3290810599;0.5447200104
6.7878770008;-0.7939944620;0.3254000783;0.5238611147
6.7981929233;-0.7044239098;0.3217190967;0.5017752252
6.8085088458;-0.6492091859;0.3241730845;0.4747813601
6.8188247683;-0.6283502902;0.3290810599;0.4514684767
6.8291406908;-0.6381662411;0.3254000783;0.4207936301
6.8394566133;-0.6712950755;0.3180381151;0.3962537528
6.8497725358;-0.7240558116;0.3168111213;0.3741678632
6.8600884583;-0.7903134804;0.3131301397;0.3459470043
6.8704043808;-0.8504361797;0.3131301397;0.3250881086
6.8807203033;-0.9056509037;0.3106761519;0.3005482313
6.8910362258;-0.9485956889;0.3082221642;0.2796893356
6.9013521483;-0.9682275908;0.3057681765;0.2576034460
6.9116680708;-0.9571846460;0.3057681765;0.2379715442
6.9219839933;-0.9117858730;0.3069951703;0.2158856546
6.9322999158;-0.8357122534;0.3033141887;0.1974807466
6.9426158382;-0.7252828055;0.3033141887;0.1803028325
6.9529317607;-0.5755895540;0.3057681765;0.1643519123
6.9632476832;-0.4087183883;0.3082221642;0.1508549798
6.9735636057;-0.2123993699;0.3057681765;0.1324500718
6.9838795282;-0.0013564251;0.3033141887;0.1189531393
6.9941954507;0.2047785442;0.3045411826;0.0980942436
7.0045113732;0.4195024706;0.3082221642;0.0772353479
7.0148272957;0.6231834522;0.3131301397;0.0588304399
7.0251432182;0.8072325319;0.3155841274;0.0379715442
7.0354591407;0.9679687282;0.3131301397;0.0207936301
7.0457750632;1.1029380534;0.3155841274;-0.0000652656
7.0560909857;1.2023245565;0.3192651090;-0.0246051429
7.0664069082;1.2636742497;0.3241730845;-0.0540529957
7.0767228307;1.2918951086;0.3266270722;-0.0859548362
7.0870387532;1.2894411209;0.3229460906;-0.1190836705
7.0973546757;1.2599932681;0.3229460906;-0.1522125049
7.1076705981;1.2060055380;0.3180381151;-0.1816603577
7.1179865206;1.1409748632;0.3155841274;-0.2172431797
7.1283024431;1.0698092190;0.3131301397;-0.2430100509
7.1386183656;1.0035515503;0.3143571335;-0.2687769221
7.1489342881;0.9483368264;0.3082221642;-0.2920898055
7.1592502106;0.9152079920;0.3106761519;-0.3117217073
7.1695661331;0.9078460288;0.3094491581;-0.3288996215
7.1798820556;0.9287049245;0.3082221642;-0.3350345908
7.1901979781;0.9802386669;0.3082221642;-0.3411695601
7.2005139006;1.0599932681;0.3094491581;-0.3436235478
7.2108298231;1.1642877466;0.3094491581;-0.3411695601
7.2211457456;1.2918951086;0.3033141887;-0.3301266153
7.2314616681;1.4366803847;0.2996332072;-0.3178566767
7.2417775906;1.5839196485;0.2996332072;-0.3068137319
7.2520935131;1.7164349859;0.2971792194;-0.2908628116
7.2624094356;1.8403613663;0.2922712440;-0.2761388853
7.2727253580;1.9409748632;0.2861362746;-0.2638689466
7.2830412805;2.0096865196;0.2898172562;-0.2515990080
7.2933572030;2.0366803847;0.2861362746;-0.2454640386
7.3036731255;1.9814656607;0.2836822869;-0.2356480877
7.3139890480;1.9814656607;0.2836822869;-0.2356480877
7.3243049705;1.8943490963;0.2750933299;-0.2393290693
7.3346208930;1.7802386669;0.2714123483;-0.2454640386
7.3449368155;1.6329994031;0.2665043728;-0.2589609712
7.3552527380;1.4710362129;0.2640503851;-0.2749118914
7.3655686605;1.3004840657;0.2542344341;-0.2884088239
7.3758845830;1.1311589123;0.2542344341;-0.3055867380
7.3862005055;0.9728767037;0.2554614280;-0.3190836705
7.3965164280;0.8293184215;0.2480994648;-0.3288996215
7.4068323505;0.7017110595;0.2456454771;-0.3387155724
7.4171482730;0.6035515503;0.2431914894;-0.3460775356
7.4274641955;0.5323859061;0.2382835139;-0.3497585172
7.4377801179;0.4906681147;0.2358295262;-0.3473045294
7.4480960404;0.4722632068;0.2346025323;-0.3362615846
7.4584119629;0.4759441884;0.2358295262;-0.3239916460
7.4687278854;0.4968030841;0.2321485446;-0.3055867380
7.4790438079;0.5262509368;0.2321485446;-0.2835008485
7.4893597304;0.5642877466;0.2309215507;-0.2552799896
7.4996756529;0.5949625933;0.2284675630;-0.2295131184
7.5099915754;0.6109135135;0.2284675630;-0.1951572902
7.5203074979;0.6060055380;0.2309215507;-0.1620284558
7.5306234204;0.5777846791;0.2284675630;-0.1313536092
7.5409393429;0.5237969491;0.2223325937;-0.1043597442
7.5512552654;0.4452693417;0.2296945568;-0.0798198669
7.5615711879;0.3348398939;0.2260135753;-0.0577339773
7.5718871104;0.2035515503;0.2223325937;-0.0405560632
7.5822030329;0.0477233295;0.2223325937;-0.0270591307
7.5925189553;-0.1314177748;0.2284675630;-0.0184701736
7.6028348778;-0.3154668546;0.2321485446;-0.0233781491
7.6131508003;-0.5081048914;0.2309215507;-0.0258321368
7.6234667228;-0.7056509037;0.2309215507;-0.0319671061
7.6337826453;-0.8946079589;0.2309215507;-0.0405560632
7.6440985678;-1.0627061184;0.2284675630;-0.0528260018
7.6544144903;-1.2160803515;0.2272405691;-0.0650959405
7.6647304128;-1.3314177748;0.2333755384;-0.0785928730
7.6750463353;-1.4234423147;0.2309215507;-0.0884088239
7.6853622578;-1.4774300448;0.2346025323;-0.0957707871
7.6956781803;-1.5019699221;0.2358295262;-0.1019057564
7.7059941028;-1.4995159343;0.2382835139;-0.1068137319
7.7163100253;-1.4676140939;0.2407375016;-0.0982247748
7.7266259478;-1.4222153209;0.2419644955;-0.0871818300
7.7369418703;-1.3608656276;0.2382835139;-0.0749118914
7.7472577928;-1.2921539712;0.2431914894;-0.0515990080
7.7575737152;-1.2295772840;0.2456454771;-0.0282861245
7.7678896377;-1.1755895540;0.2431914894;0.0023887221
7.7782055602;-1.1424607196;0.2419644955;0.0293825871
7.7885214827;-1.1265097994;0.2431914894;0.0514684767
7.7988374052;-1.1412337258;0.2456454771;0.0809163295
7.8091533277;-1.1706815785;0.2480994648;0.1054562068
7.8194692502;-1.2344852595;0.2456454771;0.1299960841
7.8297851727;-1.3142398607;0.2468724710;0.1459470043
7.8401010952;-1.4148533577;0.2419644955;0.1557629552
7.8504170177;-1.5216018239;0.2382835139;0.1594439368
7.8607329402;-1.6332582656;0.2395105078;0.1594439368
7.8710488627;-1.7314177748;0.2358295262;0.1508549798
7.8813647852;-1.8160803515;0.2296945568;0.1410390288
7.8916807077;-1.8786570386;0.2321485446;0.1275420963
7.9019966302;-1.9142398607;0.2296945568;0.1079101945
7.9123125527;-1.9179208423;0.2296945568;0.0882782927
7.9226284751;-1.8884729896;0.2284675630;0.0649654092
7.9329443976;-1.8258963024;0.2284675630;0.0453335074
7.9432603201;-1.7326447687;0.2272405691;0.0306095810
7.9535762426;-1.6099453822;0.2296945568;0.0232476178
7.9638921651;-1.4651601061;0.2321485446;0.0122046730
7.9742080876;-1.3007429282;0.2272405691;0.0085236914
7.9845240101;-1.1289637871;0.2272405691;0.0146586607
7.9948399326;-0.9657736031;0.2309215507;0.0207936301
8.0051558551;-0.8111723761;0.2346025323;0.0293825871
8.0154717776;-0.6639331123;0.2333755384;0.0453335074
8.0257877001;-0.5436877135;0.2358295262;0.0661924031
8.0361036226;-0.4479821920;0.2346025323;0.0907322804
8.0464195451;-0.3682275908;0.2370565200;0.1152721577
8.0567354676;-0.3154668546;0.2321485446;0.1385850411
8.0670513901;-0.2847920080;0.2333755384;0.1618979246
8.0773673126;-0.2663871000;0.2358295262;0.1839838141
8.0876832350;-0.2663871000;0.2321485446;0.2060697037
8.0979991575;-0.2725220693;0.2333755384;0.2207936301
8.1083150800;-0.2823380202;0.2346025323;0.2318365749
8.1186310025;-0.2884729896;0.2346025323;0.2367445503
8.1289469250;-0.2884729896;0.2309215507;0.2428795196
8.1392628475;-0.2712950755;0.2296945568;0.2355175565
8.1495787700;-0.2332582656;0.2309215507;0.2269285994
8.1598946925;-0.1792705356;0.2333755384;0.2109776792
8.1702106150;-0.1007429282;0.2321485446;0.1950267589
8.1805265375;-0.0013564251;0.2346025323;0.1803028325
8.1908424600;0.1164349859;0.2272405691;0.1618979246
8.2011583825;0.2649012436;0.2260135753;0.1385850411
8.2114743050;0.4195024706;0.2284675630;0.1263151025
8.2217902275;0.5888276239;0.2321485446;0.1054562068
8.2321061500;0.7593797712;0.2309215507;0.0931862681
8.2424220725;0.9323859061;0.2358295262;0.0845973111
8.2527379949;1.1004840657;0.2358295262;0.0821433233
8.2630539174;1.2440423479;0.2382835139;0.0858243049
8.2733698399;1.3741036976;0.2321485446;0.0858243049
8.2836857624;1.4808521638;0.2333755384;0.0993212374
8.2940016849;1.5544717957;0.2346025323;0.1103641822
8.3043176074;1.6023245565;0.2358295262;0.1324500718
8.3146335299;1.6133675012;0.2346025323;0.1496279859
8.3249494524;1.6035515503;0.2395105078;0.1643519123
8.3352653749;1.5667417344;0.2346025323;0.1815298264
8.3455812974;1.5115270104;0.2309215507;0.2048427098
8.3558972199;1.4440423479;0.2382835139;0.2171126485
8.3662131424;1.3704227160;0.2358295262;0.2244746117
8.3765290649;1.3017110595;0.2370565200;0.2355175565
8.3868449874;1.2428153540;0.2444184832;0.2367445503
8.3971609099;1.1986435749;0.2456454771;0.2367445503
8.4074768324;1.1728767037;0.2419644955;0.2293825871
8.4177927548;1.1679687282;0.2468724710;0.2109776792
8.4281086773;1.1900546178;0.2444184832;0.1999347344
8.4384245998;1.2305454153;0.2456454771;0.1790758387
8.4487405223;1.2955760902;0.2456454771;0.1582169430
8.4590564448;1.3667417344;0.2456454771;0.1361310534
8.4693723673;1.4501773172;0.2456454771;0.1079101945
8.4796882898;1.5299319184;0.2468724710;0.0845973111
8.4900042123;1.6047785442;0.2468724710;0.0563764522
8.5003201348;1.6649012436;0.2444184832;0.0404255319
8.5106360573;1.7029380534;0.2493264587;0.0269285994
8.5209519798;1.7127540043;0.2554614280;0.0158856546
8.5312679023;1.7017110595;0.2517804464;0.0060697037
8.5415838248;1.6526313049;0.2468724710;-0.0012922595
8.5518997473;1.5691957221;0.2493264587;-0.0037462472
8.5622156698;1.4661282374;0.2431914894;-0.0111082104
8.5725315922;1.3446558448;0.2419644955;-0.0086542227
8.5828475147;1.1974165810;0.2407375016;-0.0135621981
8.5931634372;1.0379073785;0.2480994648;-0.0062002350
8.6034793597;0.8796251699;0.2419644955;-0.0074272288
8.6137952822;0.7188889736;0.2395105078;-0.0074272288
8.6241112047;0.5655147405;0.2419644955;-0.0025192534
8.6344271272;0.4207294644;0.2456454771;-0.0037462472
8.6447430497;0.2918951086;0.2382835139;-0.0074272288
8.6550589722;0.1790116730;0.2321485446;-0.0233781491
8.6653748947;0.0882141270;0.2346025323;-0.0368750816
8.6756908172;0.0354533908;0.2407375016;-0.0565069834
8.6860067397;-0.0087183883;0.2382835139;-0.0724579037
8.6963226622;-0.0393932350;0.2395105078;-0.0945437932
8.7066385847;-0.0553441552;0.2370565200;-0.1129487012
8.7169545072;-0.0565711491;0.2358295262;-0.1448505417
8.7272704297;-0.0504361797;0.2346025323;-0.1730714006
8.7375863521;-0.0455282043;0.2382835139;-0.1976112779
8.7479022746;-0.0455282043;0.2333755384;-0.2270591307
8.7582181971;-0.0541171613;0.2333755384;-0.2540529957
8.7685341196;-0.0823380202;0.2296945568;-0.2884088239
8.7788500421;-0.1289637871;0.2296945568;-0.3055867380
8.7891659646;-0.1903134804;0.2284675630;-0.3313536092
8.7994818871;-0.2798840325;0.2247865814;-0.3509855110
8.8097978096;-0.3927674681;0.2174246182;-0.3657094374
8.8201137321;-0.5179208423;0.2174246182;-0.3792063699
8.8304296546;-0.6627061184;0.2161976243;-0.3877953270
8.8407455771;-0.8185343393;0.2235595875;-0.3951572902
8.8510614996;-0.9792705356;0.2223325937;-0.3988382718
8.8613774221;-1.1338717626;0.2235595875;-0.3963842840
8.8716933446;-1.2872459957;0.2235595875;-0.3951572902
8.8820092671;-1.4234423147;0.2260135753;-0.3877953270
8.8923251896;-1.5338717626;0.2235595875;-0.3841143454
8.9026411120;-1.6234423147;0.2186516121;-0.3755253883
8.9129570345;-1.6835650141;0.2284675630;-0.3693904190
8.9232729570;-1.7166938485;0.2321485446;-0.3657094374
8.9335888795;-1.7179208423;0.2333755384;-0.3558934865
8.9439048020;-1.6860190018;0.2321485446;-0.3485315233
8.9542207245;-1.6332582656;0.2407375016;-0.3460775356
8.9645366470;-1.5670005969;0.2468724710;-0.3399425662
8.9748525695;-1.4896999834;0.2493264587;-0.3411695601
8.9851684920;-1.4025834190;0.2530074403;-0.3436235478
8.9954844145;-1.3154668546;0.2542344341;-0.3497585172
9.0058003370;-1.2443012104;0.2554614280;-0.3485315233
9.0161162595;-1.1829515172;0.2542344341;-0.3534394988
9.0264321820;-1.1436877135;0.2530074403;-0.3608014620
9.0367481045;-1.1277367932;0.2530074403;-0.3644824435
9.0470640270;-1.1350987564;0.2591424096;-0.3681634251
9.0573799495;-1.1633196153;0.2640503851;-0.3681634251
9.0676958719;-1.2062644006;0.2677313667;-0.3706174129
9.0780117944;-1.2663871000;0.2701853544;-0.3657094374
9.0883277169;-1.3240558116;0.2714123483;-0.3583474742
9.0986436394;-1.3829515172;0.2750933299;-0.3534394988
9.1089595619;-1.4369392472;0.2824552930;-0.3411695601
9.1192754844;-1.4798840325;0.2849092808;-0.3203106644
9.1295914069;-1.4995159343;0.2873632685;-0.3043597442
9.1399073294;-1.4958349528;0.2873632685;-0.2736848975
9.1502232519;-1.4627061184;0.2898172562;-0.2405560632
9.1605391744;-1.4025834190;0.2922712440;-0.2074272288
9.1708550969;-1.3191478362;0.2947252317;-0.1730714006
9.1811710194;-1.2099453822;0.2959522256;-0.1338075969
9.1914869419;-1.0774300448;0.2971792194;-0.0969977810
9.2018028644;-0.9375527442;0.2996332072;-0.0577339773
9.2121187869;-0.7743625601;0.3033141887;-0.0172431797
9.2224347094;-0.6222153209;0.3045411826;0.0195666362
9.2327506318;-0.4712950755;0.3057681765;0.0502414828
9.2430665543;-0.3166938485;0.3057681765;0.0796893356
9.2533824768;-0.1792705356;0.3008602010;0.1042292129
9.2636983993;-0.0614791245;0.3069951703;0.1324500718
9.2740143218;0.0391343724;0.3057681765;0.1533089675
9.2843302443;0.1139809982;0.2996332072;0.1753948571
9.2946461668;0.1741036976;0.2971792194;0.1913457773
9.3049620893;0.2219564583;0.2971792194;0.2072966976
9.3152780118;0.2550852926;0.2984062133;0.2244746117
9.3255939343;0.2698092190;0.2971792194;0.2416525258
9.3359098568;0.2771711822;0.2934982378;0.2600574338
9.3462257793;0.2796251699;0.2959522256;0.2686463908
9.3565417018;0.2808521638;0.2959522256;0.2870512988
9.3668576243;0.2845331454;0.2947252317;0.3017752252
9.3771735468;0.2955760902;0.2922712440;0.3189531393
9.3874894693;0.3188889736;0.2898172562;0.3373580473
9.3978053917;0.3569257834;0.2922712440;0.3582169430
9.4081213142;0.4121405074;0.2885902624;0.3852108080
9.4184372367;0.4820791577;0.2922712440;0.4109776792
9.4287531592;0.5741036976;0.2947252317;0.4379715442
9.4390690817;0.6796251699;0.2959522256;0.4686463908
9.4493850042;0.7937355994;0.3033141887;0.5005482313
9.4597009267;0.9237969491;0.3069951703;0.5324500718
9.4700168492;1.0612202620;0.3045411826;0.5643519123
9.4803327717;1.1937355994;0.3033141887;0.5999347344
9.4906486942;1.3213429614;0.3094491581;0.6281555933
9.5009646167;1.4342263969;0.3094491581;0.6576034460
9.5112805392;1.5250239430;0.3155841274;0.6845973111
9.5215964617;1.5912816117;0.3254000783;0.7042292129
9.5319123842;1.6366803847;0.3303080538;0.7201801331
9.5422283067;1.6514043111;0.3401240047;0.7226341209
9.5525442291;1.6354533908;0.3438049863;0.7263151025
9.5628601516;1.5961895871;0.3450319802;0.7164991515
9.5731760741;1.5299319184;0.3523939433;0.7005482313
9.5834919966;1.4526313049;0.3560749249;0.6772353479
9.5938079191;1.3716497098;0.3548479311;0.6551494583
9.6041238416;1.2710362129;0.3634368881;0.6232476178
9.6144397641;1.1814656607;0.3671178697;0.5888917896
9.6247556866;1.1066190350;0.3683448636;0.5569899491
9.6350716091;1.0415883601;0.3671178697;0.5201801331
9.6453875316;0.9949625933;0.3707988513;0.4944132620
9.6557034541;0.9704227160;0.3695718575;0.4711003785
9.6660193766;0.9704227160;0.3707988513;0.4465605012
9.6763352991;0.9826926546;0.3695718575;0.4232476178
9.6866512216;1.0158214890;0.3732528391;0.4085236914
9.6969671441;1.0563122865;0.3769338207;0.3974807466
9.7072830666;1.0980300779;0.3781608145;0.3876647957
9.7175989890;1.1397478693;0.3793878084;0.3839838141
9.7279149115;1.1728767037;0.3855227777;0.3839838141
9.7382308340;1.1961895871;0.3892037593;0.3741678632
9.7485467565;1.1949625933;0.3892037593;0.3680328939
9.7588626790;1.1728767037;0.3892037593;0.3545359614
9.7691786015;1.1311589123;0.3916577470;0.3385850411
9.7794945240;1.0661282374;0.3916577470;0.3152721577
9.7898104465;0.9777846791;0.3953387286;0.2882782927
9.8001263690;0.8710362129;0.3928847409;0.2514684767
9.8104422915;0.7483368264;0.3879767654;0.2048427098
9.8207582140;0.6072325319;0.3867497716;0.1557629552
9.8310741365;0.4624472558;0.3842957838;0.1066832006
9.8413900590;0.3164349859;0.3867497716;0.0490144890
9.8517059815;0.1777846791;0.3892037593;-0.0049732411
9.8620219040;0.0550852926;0.3818417961;-0.0724579037
9.8723378265;-0.0676140939;0.3879767654;-0.1411695601
9.8826537489;-0.1755895540;0.3842957838;-0.2135621981
9.8929696714;-0.2651601061;0.3867497716;-0.2835008485
9.9032855939;-0.3363257503;0.3842957838;-0.3497585172
9.9136015164;-0.3878594926;0.3781608145;-0.4086542227
9.9239174389;-0.4209883270;0.3769338207;-0.4675499282
9.9342333614;-0.4393932350;0.3744798329;-0.5178566767
9.9445492839;-0.4479821920;0.3744798329;-0.5644824435
9.9548652064;-0.4443012104;0.3744798329;-0.6037462472
9.9651811289;-0.4393932350;0.3732528391;-0.6344210939
9.9754970514;-0.4320312718;0.3720258452;-0.6528260018
9.9858129739;-0.4283502902;0.3757068268;-0.6761388853
9.9961288964;-0.4344852595;0.3695718575;-0.6920898055
10.0064448189;-0.4541171613;0.3720258452;-0.6982247748
10.0167607414;-0.4860190018;0.3658908759;-0.7043597442
10.0270766639;-0.5363257503;0.3634368881;-0.7178566767
10.0373925864;-0.6025834190;0.3658908759;-0.7215376583
10.0477085088;-0.6847920080;0.3671178697;-0.7252186399
10.0580244313;-0.7731355662;0.3622098943;-0.7338075969
10.0683403538;-0.8737490632;0.3658908759;-0.7411695601
10.0786562763;-0.9743625601;0.3634368881;-0.7534394988
10.0889721988;-1.0823380202;0.3671178697;-0.7730714006
10.0992881213;-1.1817245233;0.3732528391;-0.8012922595
10.1096040438;-1.2762030509;0.3720258452;-0.8319671061
10.1199199663;-1.3510496767;0.3793878084;-0.8614149589
10.1302358888;-1.4111723761;0.3842957838;-0.8920898055
10.1405518113;-1.4479821920;0.3879767654;-0.9264456337
10.1508677338;-1.4577981429;0.3941117348;-0.9522125049
10.1611836563;-1.4443012104;0.4014736980;-0.9804333638
10.1714995788;-1.4099453822;0.4076086673;-0.9988382718
10.1818155013;-1.3608656276;0.4125166427;-1.0123352043
10.1921314238;-1.2884729896;0.4186516121;-1.0184701736
10.2024473463;-1.2062644006;0.4272405691;-1.0172431797
10.2127632687;-1.1216018239;0.4309215507;-1.0086542227
10.2230791912;-1.0443012104;0.4370565200;-0.9890223208
10.2333951137;-0.9657736031;0.4444184832;-0.9632554497
10.2437110362;-0.8982889405;0.4480994648;-0.9264456337
10.2540269587;-0.8455282043;0.4542344341;-0.8785928730
10.2643428812;-0.8025834190;0.4615963973;-0.8221511552
10.2746588037;-0.7755895540;0.4591424096;-0.7644824435
10.2849747262;-0.7694545847;0.4628233912;-0.7019057564
10.2952906487;-0.7804975294;0.4677313667;-0.6430100509
10.3056065712;-0.7976754435;0.4677313667;-0.5792063699
10.3159224937;-0.8271232963;0.4701853544;-0.5166296828
10.3262384162;-0.8553441552;0.4714123483;-0.4700039159
10.3365543387;-0.8823380202;0.4763203237;-0.4196971675
10.3468702612;-0.9044239098;0.4812282992;-0.3718444067
10.3571861837;-0.9117858730;0.4849092808;-0.3264456337
10.3675021061;-0.9105588791;0.4873632685;-0.2884088239
10.3778180286;-0.8860190018;0.4898172562;-0.2589609712
10.3881339511;-0.8467551982;0.4873632685;-0.2221511552
10.3984498736;-0.7780435417;0.4898172562;-0.1865683331
10.4087657961;-0.6958349528;0.4910442501;-0.1534394988
10.4190817186;-0.5964484497;0.4910442501;-0.1141756951
10.4293976411;-0.4823380202;0.4910442501;-0.0724579037
10.4397135636;-0.3633196153;0.4959522256;-0.0368750816
10.4500294861;-0.2430742166;0.4996332072;0.0023887221
10.4603454086;-0.1301907810;0.4947252317;0.0428795196
10.4706613311;-0.0111723761;0.4873632685;0.0968672497
10.4809772536;0.0882141270;0.4861362746;0.1594439368
10.4912931761;0.1814656607;0.4910442501;0.2232476178
10.5016090986;0.2722632068;0.4885902624;0.2919592742
10.5119250211;0.3458828387;0.4849092808;0.3680328939
10.5222409436;0.4010975626;0.4849092808;0.4441065135
10.5325568660;0.4379073785;0.4922712440;0.5275420963
10.5428727885;0.4550852926;0.4922712440;0.6072966976
10.5531887110;0.4599932681;0.4885902624;0.6833703172
10.5635046335;0.4464963356;0.4885902624;0.7557629552
10.5738205560;0.4231834522;0.4885902624;0.8293825871
10.5841364785;0.3998705687;0.4898172562;0.8944132620
10.5944524010;0.3741036976;0.4885902624;0.9459470043
10.6047683235;0.3556987896;0.4922712440;0.9913457773
10.6150842460;0.3422018571;0.4922712440;1.0367445503
10.6254001685;0.3458828387;0.4959522256;1.0686463908
10.6357160910;0.3704227160;0.4910442501;1.0944132620
10.6460320135;0.4023245565;0.4922712440;1.1214071270
10.6563479360;0.4514043111;0.4873632685;1.1324500718
10.6666638585;0.5127540043;0.4885902624;1.1398120350
10.6769797810;0.5851466423;0.4959522256;1.1471739982
10.6872957035;0.6624472558;0.5045411826;1.1434930166
10.6976116259;0.7446558448;0.5057681765;1.1398120350
10.7079275484;0.8280914276;0.5069951703;1.1385850411
10.7182434709;0.9127540043;0.5106761519;1.1349040595
10.7285593934;0.9863736362;0.5180381151;1.1385850411
10.7388753159;1.0514043111;0.5155841274;1.1373580473
10.7491912384;1.0869871331;0.5266270722;1.1361310534
10.7595071609;1.1078460288;0.5315350476;1.1385850411
10.7698230834;1.1029380534;0.5376700170;1.1410390288
10.7801390059;1.0747171945;0.5450319802;1.1422660227
10.7904549284;1.0268644338;0.5511669495;1.1447200104
10.8007708509;0.9630607528;0.5548479311;1.1422660227
10.8110867734;0.8820791577;0.5597559065;1.1385850411
10.8214026959;0.7998705687;0.5646638820;1.1312230779
10.8317186184;0.7127540043;0.5658908759;1.1103641822
10.8420345409;0.6305454153;0.5707988513;1.0907322804
10.8523504634;0.5556987896;0.5757068268;1.0674193969
10.8626663858;0.4943490963;0.5757068268;1.0367445503
10.8729823083;0.4452693417;0.5757068268;0.9962537528
10.8832982308;0.4109135135;0.5720258452;0.9471739982
10.8936141533;0.3949625933;0.5781608145;0.8931862681
10.9039300758;0.3949625933;0.5757068268;0.8379715442
10.9142459983;0.4084595258;0.5744798329;0.7753948571
10.9245619208;0.4329994031;0.5793878084;0.7103641822
10.9348778433;0.4710362129;0.5806148022;0.6391985380
10.9451937658;0.5103000166;0.5806148022;0.5643519123
10.9555096883;0.5507908141;0.5867497716;0.4833703172
10.9658256108;0.5888276239;0.5842957838;0.4036157160
10.9761415333;0.6121405074;0.5830687900;0.3263151025
10.9864574558;0.6207294644;0.5855227777;0.2490144890
10.9967733783;0.6158214890;0.5855227777;0.1766218509
11.0070893008;0.5839196485;0.5818417961;0.1042292129
11.0174052233;0.5397478693;0.5793878084;0.0281555933
11.0277211457;0.4882141270;0.5757068268;-0.0393290693
11.0380370682;0.4170484828;0.5769338207;-0.1092677196
11.0483529907;0.3299319184;0.5707988513;-0.1865683331
11.0586689132;0.2366803847;0.5695718575;-0.2540529957
11.0689848357;0.1336129000;0.5695718575;-0.3215376583
11.0793007582;0.0440423479;0.5695718575;-0.3890223208
11.0896166807;-0.0467551982;0.5683448636;-0.4491450202
11.0999326032;-0.1363257503;0.5671178697;-0.5166296828
11.1102485257;-0.2123993699;0.5634368881;-0.5816603577
11.1205644482;-0.2749760570;0.5634368881;-0.6381020754
11.1308803707;-0.3179208423;0.5634368881;-0.7006787626
11.1411962932;-0.3436877135;0.5573019188;-0.7632554497
11.1515122157;-0.3449147074;0.5585289127;-0.8246051429
11.1618281382;-0.3375527442;0.5573019188;-0.8822738546
11.1721440607;-0.3093318853;0.5609829004;-0.9399425662
11.1824599832;-0.2712950755;0.5573019188;-0.9976112779
11.1927759056;-0.2258963024;0.5573019188;-1.0565069834
11.2030918281;-0.1743625601;0.5523939433;-1.1031327503
11.2134077506;-0.1301907810;0.5523939433;-1.1534394988
11.2237236731;-0.0921539712;0.5499399556;-1.2025192534
11.2340395956;-0.0614791245;0.5462589740;-1.2454640386
11.2443555181;-0.0418472227;0.5450319802;-1.2859548362
11.2546714406;-0.0455282043;0.5438049863;-1.3239916460
11.2649873631;-0.0602521307;0.5376700170;-1.3558934865
11.2753032856;-0.0933809650;0.5376700170;-1.3841143454
11.2856192081;-0.1375527442;0.5327620415;-1.4111082104
11.2959351306;-0.2050374067;0.5303080538;-1.4368750816
11.3062510531;-0.2762030509;0.5327620415;-1.4503720141
11.3165669756;-0.3510496767;0.5290810599;-1.4589609712
11.3268828981;-0.4332582656;0.5303080538;-1.4626419527
11.3371988206;-0.5056509037;0.5327620415;-1.4626419527
11.3475147430;-0.5645466092;0.5364430231;-1.4540529957
11.3578306655;-0.6148533577;0.5413509986;-1.4430100509
11.3681465880;-0.6406202288;0.5474859679;-1.4270591307
11.3784625105;-0.6492091859;0.5511669495;-1.3976112779
11.3887784330;-0.6418472227;0.5573019188;-1.3706174129
11.3990943555;-0.6136263638;0.5609829004;-1.3374885785
11.4094102780;-0.5731355662;0.5695718575;-1.2957707871
11.4197262005;-0.5191478362;0.5683448636;-1.2552799896
11.4300421230;-0.4528901675;0.5695718575;-1.2098812166
11.4403580455;-0.3841785110;0.5757068268;-1.1558934865
11.4506739680;-0.3105588791;0.5707988513;-1.1055867380
11.4609898905;-0.2430742166;0.5757068268;-1.0503720141
11.4713058130;-0.1841785110;0.5744798329;-0.9927033024
11.4816217355;-0.1387797380;0.5793878084;-0.9387155724
11.4919376580;-0.1093318853;0.5830687900;-0.8785928730
11.5022535805;-0.0946079589;0.5806148022;-0.8184701736
11.5125695029;-0.0933809650;0.5769338207;-0.7558934865
11.5228854254;-0.1130128669;0.5830687900;-0.6969977810
11.5332013479;-0.1485956889;0.5818417961;-0.6368750816
11.5435172704;-0.1927674681;0.5781608145;-0.5742983945
11.5538331929;-0.2430742166;0.5781608145;-0.5129487012
11.5641491154;-0.2995159343;0.5769338207;-0.4491450202
11.5744650379;-0.3559576521;0.5830687900;-0.3792063699
11.5847809604;-0.4050374067;0.5892037593;-0.3117217073
11.5950968829;-0.4528901675;0.5855227777;-0.2393290693
11.6054128054;-0.4847920080;0.5855227777;-0.1657094374
11.6157287279;-0.5031969159;0.5842957838;-0.0884088239
11.6260446504;-0.5130128669;0.5879767654;-0.0111082104
11.6363605729;-0.5056509037;0.5855227777;0.0649654092
11.6466764954;-0.4798840325;0.5879767654;0.1496279859
11.6569924179;-0.4430742166;0.5842957838;0.2367445503
11.6673083404;-0.3903134804;0.5842957838;0.3250881086
11.6776242628;-0.3277367932;0.5855227777;0.4158856546
11.6879401853;-0.2590251368;0.5842957838;0.5115911761
11.6982561078;-0.1915404742;0.5855227777;0.6023887221
11.7085720303;-0.1289637871;0.5830687900;0.6919592742
11.7188879528;-0.0700680816;0.5867497716;0.7766218509
11.7292038753;-0.0234423147;0.5892037593;0.8551494583
11.7395197978;0.0096865196;0.5879767654;0.9250881086
11.7498357203;0.0280914276;0.5904307532;0.9925727712
11.7601516428;0.0256374399;0.5892037593;1.0514684767
11.7704675653;0.0109135135;0.5855227777;1.0993212374
11.7807834878;-0.0185343393;0.5867497716;1.1471739982
11.7910994103;-0.0577981429;0.5867497716;1.1864378019
11.8014153328;-0.1105588791;0.5842957838;1.2207936301
11.8117312553;-0.1670005969;0.5867497716;1.2477874951
11.8220471778;-0.2222153209;0.5781608145;1.2686463908
11.8323631003;-0.2872459957;0.5806148022;1.2919592742
11.8426790227;-0.3387797380;0.5757068268;1.3042292129
11.8529949452;-0.3780435417;0.5744798329;1.3201801331
11.8633108677;-0.4001294313;0.5658908759;1.3312230779
11.8736267902;-0.4062644006;0.5609829004;1.3385850411
11.8839427127;-0.3976754435;0.5622098943;1.3508549798
11.8942586352;-0.3706815785;0.5585289127;1.3618979246
11.9045745577;-0.3289637871;0.5511669495;1.3692598877
11.9148904802;-0.2749760570;0.5523939433;1.3827568203
11.9252064027;-0.2148533577;0.5499399556;1.3925727712
11.9355223252;-0.1473686951;0.5499399556;1.4036157160
11.9458382477;-0.0725220693;0.5499399556;1.4122046730
11.9561541702;-0.0087183883;0.5487129618;1.4097506853
11.9664700927;0.0440423479;0.5511669495;1.4085236914
11.9767860152;0.0783981761;0.5438049863;1.4023887221
11.9871019377;0.1127540043;0.5413509986;1.3901187834
11.9974178602;0.1262509368;0.5462589740;1.3729408693
12.0077337826;0.1250239430;0.5474859679;1.3447200104
12.0180497051;0.1115270104;0.5474859679;1.3128181700
12.0283656276;0.0931221025;0.5487129618;1.2649654092
12.0386815501;0.0649012436;0.5499399556;1.2134316669
12.0489974726;0.0268644338;0.5560749249;1.1545359614
12.0593133951;-0.0173073454;0.5560749249;1.0858243049
12.0696293176;-0.0541171613;0.5523939433;1.0122046730
12.0799452401;-0.0933809650;0.5499399556;0.9349040595
12.0902611626;-0.1240558116;0.5487129618;0.8526954706
12.1005770851;-0.1350987564;0.5438049863;0.7692598877
12.1108930076;-0.1363257503;0.5474859679;0.6833703172
12.1212089301;-0.1240558116;0.5487129618;0.6011617282
12.1315248526;-0.0921539712;0.5450319802;0.5177261454
12.1418407751;-0.0492091859;0.5450319802;0.4318365749
12.1521566976;0.0072325319;0.5401240047;0.3557629552
12.1624726201;0.0698092190;0.5388970108;0.2821433233
12.1727885425;0.1385208755;0.5290810599;0.2097506853
12.1831044650;0.2170484828;0.5278540660;0.1398120350
12.1934203875;0.2894411209;0.5339890354;0.0747813601
12.2037363100;0.3618337589;0.5364430231;0.0207936301
12.2140522325;0.4354533908;0.5327620415;-0.0295131184
12.2243681550;0.4894411209;0.5364430231;-0.0847278423
12.2346840775;0.5287049245;0.5339890354;-0.1387155724
12.2450000000;0.5569257834;0.5278540660;-0.2012922595
12.2553159225;0.5728767037;0.5290810599;-0.2589609712
12.2656318450;0.5704227160;0.5290810599;-0.3166296828
12.2759477675;0.5593797712;0.5254000783;-0.3804333638
12.2862636900;0.5336129000;0.5266270722;-0.4466910325
12.2965796125;0.4943490963;0.5266270722;-0.5178566767
12.3068955350;0.4563122865;0.5229460906;-0.5927033024
12.3172114575;0.4256374399;0.5204921029;-0.6626419527
12.3275273799;0.3888276239;0.5229460906;-0.7350345908
12.3378433024;0.3618337589;0.5143571335;-0.8196971675
12.3481592249;0.3507908141;0.5143571335;-0.8994517687
12.3584751474;0.3385208755;0.5143571335;-0.9693904190
12.3687910699;0.3422018571;0.5106761519;-1.0417830570
12.3791069924;0.3581527773;0.5069951703;-1.1104947135
12.3894229149;0.3888276239;0.5069951703;-1.1706174129
12.3997388374;0.4366803847;0.5045411826;-1.2172431797
12.4100547599;0.4918951086;0.5020871949;-1.2650959405
12.4203706824;0.5446558448;0.4984062133;-1.2982247748
12.4306866049;0.6047785442;0.4934982378;-1.3215376583
12.4410025274;0.6649012436;0.4885902624;-1.3411695601
12.4513184499;0.7139809982;0.4873632685;-1.3497585172
12.4616343724;0.7569257834;0.4812282992;-1.3522125049
12.4719502949;0.7876006301;0.4787743114;-1.3473045294
12.4822662174;0.8023245565;0.4701853544;-1.3374885785
12.4925821398;0.7937355994;0.4640503851;-1.3239916460
12.5028980623;0.7667417344;0.4554614280;-1.3043597442
12.5132139848;0.7323859061;0.4493264587;-1.2896358178
12.5235299073;0.6759441884;0.4493264587;-1.2675499282
12.5338458298;0.6084595258;0.4456454771;-1.2454640386
12.5441617523;0.5422018571;0.4382835139;-1.2221511552
12.5544776748;0.4661282374;0.4333755384;-1.2012922595
12.5647935973;0.3888276239;0.4333755384;-1.1816603577
12.5751095198;0.3164349859;0.4296945568;-1.1632554497
12.5854254423;0.2563122865;0.4272405691;-1.1436235478
12.5957413648;0.2047785442;0.4260135753;-1.1227646521
12.6060572873;0.1642877466;0.4247865814;-1.1043597442
12.6163732098;0.1372938816;0.4211055998;-1.0847278423
12.6266891323;0.1237969491;0.4247865814;-1.0626419527
12.6370050548;0.1262509368;0.4174246182;-1.0381020754
12.6473209773;0.1409748632;0.4198786059;-1.0147891920
12.6576368997;0.1581527773;0.4247865814;-0.9804333638
12.6679528222;0.1777846791;0.4235595875;-0.9387155724
12.6782687447;0.2010975626;0.4247865814;-0.8945437932
12.6885846672;0.2182754767;0.4137436366;-0.8417830570
12.6989005897;0.2268644338;0.4186516121;-0.7804333638
12.7092165122;0.2244104460;0.4211055998;-0.7154026889
12.7195324347;0.2072325319;0.4198786059;-0.6442370448
12.7298483572;0.1753306914;0.4186516121;-0.5693904190
12.7401642797;0.1250239430;0.4174246182;-0.4847278423
12.7504802022;0.0698092190;0.4137436366;-0.4037462472
12.7607961247;0.0023245565;0.4223325937;-0.3129487012
12.7711120472;-0.0774300448;0.4235595875;-0.2233781491
12.7814279697;-0.1743625601;0.4235595875;-0.1374885785
12.7917438922;-0.2774300448;0.4260135753;-0.0540529957
12.8020598147;-0.3841785110;0.4247865814;0.0257016055
12.8123757372;-0.4798840325;0.4235595875;0.0944132620
12.8226916596;-0.5657736031;0.4223325937;0.1680328939
12.8330075821;-0.6443012104;0.4223325937;0.2355175565
12.8433235046;-0.7130128669;0.4247865814;0.2944132620
12.8536394271;-0.7633196153;0.4272405691;0.3496279859
12.8639553496;-0.7939944620;0.4260135753;0.4048427098
12.8742712721;-0.8099453822;0.4247865814;0.4576034460
12.8845871946;-0.8099453822;0.4186516121;0.4968672497
12.8949031171;-0.8001294313;0.4223325937;0.5373580473
12.9052190396;-0.7841785110;0.4137436366;0.5766218509
12.9155349621;-0.7498226828;0.4174246182;0.6122046730
12.9258508846;-0.7191478362;0.4186516121;0.6490144890
12.9361668071;-0.6872459957;0.4186516121;0.6845973111
12.9464827296;-0.6590251368;0.4161976243;0.7238611147
12.9567986521;-0.6406202288;0.4112896489;0.7582169430
12.9671145746;-0.6357122534;0.4100626550;0.8060697037
12.9774304971;-0.6381662411;0.4125166427;0.8477874951
12.9877464195;-0.6614791245;0.4125166427;0.8870512988
12.9980623420;-0.7019699221;0.4063816734;0.9312230779
13.0083782645;-0.7473686951;0.4027006918;0.9704868816
13.0186941870;-0.8025834190;0.4002467041;1.0097506853
13.0290101095;-0.8627061184;0.3941117348;1.0502414828
13.0393260320;-0.9252828055;0.3941117348;1.0858243049
13.0496419545;-0.9854055049;0.3842957838;1.1140451638
13.0599578770;-1.0443012104;0.3744798329;1.1398120350
13.0702737995;-1.0896999834;0.3707988513;1.1606709307
13.0805897220;-1.1154668546;0.3658908759;1.1766218509
13.0909056445;-1.1228288178;0.3573019188;1.1827568203
13.1012215670;-1.1142398607;0.3511669495;1.1827568203
13.1115374895;-1.0823380202;0.3438049863;1.1753948571
13.1218534120;-1.0369392472;0.3327620415;1.1618979246
13.1321693345;-0.9719085724;0.3315350476;1.1422660227
13.1424852570;-0.8946079589;0.3290810599;1.1152721577
13.1528011794;-0.8099453822;0.3229460906;1.0845973111
13.1631171019;-0.7179208423;0.3155841274;1.0551494583
13.1734330244;-0.6271232963;0.3119031458;1.0171126485
13.1837489469;-0.5400067319;0.3106761519;0.9827568203
13.1940648694;-0.4614791245;0.3082221642;0.9459470043
13.2043807919;-0.3903134804;0.3020871949;0.8993212374
13.2146967144;-0.3375527442;0.2996332072;0.8588304399
13.2250126369;-0.2884729896;0.2971792194;0.8183396423
13.2353285594;-0.2553441552;0.3008602010;0.7815298264
13.2456444819;-0.2369392472;0.3008602010;0.7385850411
13.2559604044;-0.2308042779;0.2984062133;0.6968672497
13.2662763269;-0.2295772840;0.2971792194;0.6600574338
13.2765922494;-0.2357122534;0.2947252317;0.6207936301
13.2869081719;-0.2393932350;0.2910442501;0.5852108080
13.2972240944;-0.2406202288;0.2898172562;0.5484009920
13.3075400168;-0.2357122534;0.2873632685;0.5103641822
13.3178559393;-0.2185343393;0.2861362746;0.4711003785
13.3281718618;-0.1952214558;0.2836822869;0.4269285994
13.3384877843;-0.1547306583;0.2861362746;0.3790758387
13.3488037068;-0.0982889405;0.2836822869;0.3287690902
13.3591196293;-0.0271232963;0.2861362746;0.2821433233
13.3694355518;0.0538582988;0.2800013053;0.2293825871
13.3797514743;0.1422018571;0.2787743114;0.1729408693
13.3900673968;0.2489503233;0.2824552930;0.1152721577
13.4003833193;0.3581527773;0.2836822869;0.0539224644
13.4106992418;0.4722632068;0.2849092808;-0.0025192534
13.4210151643;0.5876006301;0.2849092808;-0.0626419527
13.4313310868;0.6918951086;0.2849092808;-0.1313536092
13.4416470093;0.7851466423;0.2836822869;-0.1939302963
13.4519629318;0.8649012436;0.2861362746;-0.2614149589
13.4622788543;0.9287049245;0.2849092808;-0.3264456337
13.4725947767;0.9728767037;0.2885902624;-0.3865683331
13.4829106992;1.0023245565;0.2861362746;-0.4515990080
13.4932266217;1.0121405074;0.2787743114;-0.5068137319
13.5035425442;1.0060055380;0.2750933299;-0.5608014620
13.5138584667;0.9900546178;0.2775473176;-0.6086542227
13.5241743892;0.9667417344;0.2775473176;-0.6528260018
13.5344903117;0.9360668877;0.2689583605;-0.6920898055
13.5448062342;0.9066190350;0.2579154157;-0.7239916460
13.5551221567;0.8771711822;0.2591424096;-0.7546664926
13.5654380792;0.8575392804;0.2542344341;-0.7804333638
13.5757540017;0.8440423479;0.2493264587;-0.8037462472
13.5860699242;0.8428153540;0.2468724710;-0.8196971675
13.5963858467;0.8550852926;0.2431914894;-0.8344210939
13.6067017692;0.8820791577;0.2395105078;-0.8503720141
13.6170176917;0.9139809982;0.2419644955;-0.8577339773
13.6273336142;0.9544717957;0.2333755384;-0.8650959405
13.6376495366;1.0047785442;0.2321485446;-0.8736848975
13.6479654591;1.0612202620;0.2309215507;-0.8773658791
13.6582813816;1.1053920411;0.2223325937;-0.8871818300
13.6685973041;1.1507908141;0.2161976243;-0.8933167994
13.6789132266;1.1863736362;0.2125166427;-0.9043597442
13.6892291491;1.2023245565;0.2063816734;-0.9178566767
13.6995450716;1.2047785442;0.1977927164;-0.9227646521
13.7098609941;1.1888276239;0.1916577470;-0.9288996215
13.7201769166;1.1507908141;0.1892037593;-0.9387155724
13.7304928391;1.1017110595;0.1806148022;-0.9387155724
13.7408087616;1.0366803847;0.1757068268;-0.9399425662
13.7511246841;0.9532448018;0.1671178697;-0.9362615846
13.7614406066;0.8612202620;0.1585289127;-0.9362615846
13.7717565291;0.7630607528;0.1536209372;-0.9276726276
13.7820724516;0.6661282374;0.1499399556;-0.9178566767
13.7923883741;0.5655147405;0.1474859679;-0.8945437932
13.8027042965;0.4759441884;0.1474859679;-0.8687769221
13.8130202190;0.3925086055;0.1376700170;-0.8466910325
13.8233361415;0.3237969491;0.1364430231;-0.8135621981
13.8336520640;0.2599932681;0.1352160292;-0.7779793761
13.8439679865;0.2096865196;0.1315350476;-0.7276726276
13.8542839090;0.1716497098;0.1290810599;-0.6810468607
13.8645998315;0.1471098325;0.1327620415;-0.6295131184
13.8749157540;0.1237969491;0.1290810599;-0.5792063699
13.8852316765;0.1078460288;0.1290810599;-0.5227646521
13.8955475990;0.0931221025;0.1303080538;-0.4663229343
13.9058635215;0.0820791577;0.1290810599;-0.4098812166
13.9161794440;0.0661282374;0.1303080538;-0.3497585172
13.9264953665;0.0489503233;0.1327620415;-0.2969977810
13.9368112890;0.0195024706;0.1413509986;-0.2479180264
13.9471272115;-0.0283502902;0.1352160292;-0.1951572902
13.9574431340;-0.0823380202;0.1401240047;-0.1485315233
13.9677590564;-0.1547306583;0.1413509986;-0.1068137319
13.9780749789;-0.2344852595;0.1401240047;-0.0601879650
13.9883909014;-0.3252828055;0.1450319802;-0.0196971675
13.9987068239;-0.4283502902;0.1450319802;0.0158856546
14.0090227464;-0.5350987564;0.1438049863;0.0441065135
14.0193386689;-0.6381662411;0.1450319802;0.0821433233
14.0296545914;-0.7363257503;0.1462589740;0.1164991515
14.0399705139;-0.8308042779;0.1376700170;0.1496279859
14.0502864364;-0.9216018239;0.1413509986;0.1839838141
14.0606023589;-0.9964484497;0.1376700170;0.2232476178
14.0709182814;-1.0528901675;0.1364430231;0.2637384154
14.0812342039;-1.1081048914;0.1401240047;0.3030022190
14.0915501264;-1.1375527442;0.1388970108;0.3471739982
14.1018660489;-1.1547306583;0.1364430231;0.3925727712
14.1121819714;-1.1571846460;0.1364430231;0.4367445503
14.1224978939;-1.1473686951;0.1303080538;0.4845973111
14.1328138163;-1.1301907810;0.1290810599;0.5324500718
14.1431297388;-1.1056509037;0.1303080538;0.5766218509
14.1534456613;-1.0762030509;0.1254000783;0.6220206239
14.1637615838;-1.0516631736;0.1278540660;0.6698733847
14.1740775063;-1.0295772840;0.1217190967;0.7079101945
14.1843934288;-1.0136263638;0.1241730845;0.7484009920
14.1947093513;-1.0050374067;0.1168111213;0.7827568203
14.2050252738;-1.0025834190;0.1143571335;0.8134316669
14.2153411963;-1.0123993699;0.1119031458;0.8355175565
14.2256571188;-1.0283502902;0.1057681765;0.8551494583
14.2359730413;-1.0541171613;0.0971792194;0.8649654092
14.2462889638;-1.0823380202;0.0971792194;0.8674193969
14.2566048863;-1.1105588791;0.0934982378;0.8686463908
14.2669208088;-1.1363257503;0.0849092808;0.8637384154
14.2772367313;-1.1535036644;0.0763203237;0.8551494583
14.2875526537;-1.1706815785;0.0701853544;0.8453335074
14.2978685762;-1.1743625601;0.0628233912;0.8232476178
14.3081844987;-1.1633196153;0.0579154157;0.8060697037
14.3185004212;-1.1400067319;0.0566884219;0.7815298264
14.3288163437;-1.1007429282;0.0566884219;0.7717138755
14.3391322662;-1.0479821920;0.0530074403;0.7545359614
14.3494481887;-0.9743625601;0.0505534526;0.7349040595
14.3597641112;-0.8958349528;0.0456454771;0.7189531393
14.3700800337;-0.8123993699;0.0407375016;0.7103641822
14.3803959562;-0.7179208423;0.0358295262;0.6944132620
14.3907118787;-0.6295772840;0.0358295262;0.6784623417
14.4010278012;-0.5350987564;0.0358295262;0.6698733847
14.4113437237;-0.4381662411;0.0321485446;0.6600574338
14.4216596462;-0.3522766705;0.0358295262;0.6441065135
14.4319755687;-0.2712950755;0.0333755384;0.6342905626
14.4422914912;-0.2025834190;0.0309215507;0.6146586607
14.4526074136;-0.1400067319;0.0296945568;0.5950267589
14.4629233361;-0.0823380202;0.0296945568;0.5717138755
14.4732392586;-0.0369392472;0.0272405691;0.5422660227
14.4835551811;0.0072325319;0.0321485446;0.5079101945
14.4938711036;0.0391343724;0.0260135753;0.4698733847
14.5041870261;0.0587662742;0.0198786059;0.4293825871
14.5145029486;0.0783981761;0.0211055998;0.3888917896
14.5248188711;0.1053920411;0.0211055998;0.3361310534
14.5351347936;0.1372938816;0.0174246182;0.2845973111
14.5454507161;0.1765576853;0.0211055998;0.2269285994
14.5557666386;0.2195024706;0.0247865814;0.1692598877
14.5660825611;0.2734902006;0.0186516121;0.1115911761
14.5763984836;0.3397478693;0.0309215507;0.0502414828
14.5867144061;0.4145944951;0.0309215507;-0.0025192534
14.5970303286;0.4869871331;0.0296945568;-0.0601879650
14.6073462511;0.5704227160;0.0296945568;-0.1190836705
14.6176621735;0.6575392804;0.0321485446;-0.1779793761
14.6279780960;0.7495638203;0.0296945568;-0.2307401123
14.6382940185;0.8403613663;0.0284675630;-0.2761388853
14.6486099410;0.9225699552;0.0284675630;-0.3154026889
14.6589258635;0.9998705687;0.0272405691;-0.3546664926
14.6692417860;1.0673552313;0.0309215507;-0.3902493147
14.6795577085;1.1237969491;0.0260135753;-0.4209241613
14.6898736310;1.1667417344;0.0211055998;-0.4479180264
14.7001895535;1.1937355994;0.0223325937;-0.4736848975
14.7105054760;1.2096865196;0.0174246182;-0.4933167994
14.7208213985;1.2207294644;0.0112896489;-0.5166296828
14.7311373210;1.2121405074;0.0088356611;-0.5399425662
14.7414532435;1.1961895871;0.0088356611;-0.5583474742
14.7517691660;1.1790116730;0.0002467041;-0.5767523822
14.7620850885;1.1520178080;-0.0071152591;-0.5963842840
14.7724010110;1.1250239430;-0.0046612714;-0.6209241613
14.7827169334;1.0968030841;-0.0095692468;-0.6405560632
14.7930328559;1.0710362129;-0.0144772223;-0.6687769221
14.8033487784;1.0477233295;-0.0181582039;-0.6920898055
14.8136647009;1.0219564583;-0.0230661793;-0.7227646521
14.8239806234;1.0121405074;-0.0279741548;-0.7534394988
14.8342965459;1.0047785442;-0.0292011487;-0.7804333638
14.8446124684;1.0023245565;-0.0353361180;-0.8086542227
14.8549283909;1.0060055380;-0.0402440935;-0.8246051429
14.8652443134;1.0096865196;-0.0439250751;-0.8442370448
14.8755602359;1.0170484828;-0.0488330505;-0.8650959405
14.8858761584;1.0219564583;-0.0537410260;-0.8736848975
14.8961920809;1.0207294644;-0.0623299830;-0.8847278423
14.9065080034;1.0084595258;-0.0660109646;-0.8847278423
14.9168239259;0.9888276239;-0.0709189401;-0.8835008485
14.9271398484;0.9581527773;-0.0770539094;-0.8687769221
14.9374557709;0.9201159675;-0.0868698603;-0.8503720141
14.9477716933;0.8722632068;-0.0868698603;-0.8319671061
14.9580876158;0.8109135135;-0.0905508419;-0.8049732411
14.9684035383;0.7458828387;-0.0954588174;-0.7779793761
14.9787194608;0.6698092190;-0.1040477744;-0.7473045294
14.9890353833;0.5863736362;-0.1040477744;-0.7080407258
14.9993513058;0.4943490963;-0.1065017622;-0.6687769221
15.0096672283;0.3998705687;-0.1126367315;-0.6270591307
15.0199831508;0.3029380534;-0.1138637254;-0.5914763086
15.0302990733;0.2096865196;-0.1175447070;-0.5497585172
15.0406149958;0.1225699552;-0.1175447070;-0.5055867380
15.0509309183;0.0440423479;-0.1126367315;-0.4638689466
15.0612468408;-0.0308042779;-0.1077287560;-0.4282861245
15.0715627633;-0.0995159343;-0.1101827438;-0.3951572902
15.0818786858;-0.1584116399;-0.1114097376;-0.3522125049
15.0921946083;-0.2099453822;-0.1114097376;-0.3190836705
15.1025105307;-0.2577981429;-0.1089557499;-0.2859548362
15.1128264532;-0.2946079589;-0.1028207806;-0.2528260018
15.1231423757;-0.3314177748;-0.1065017622;-0.2233781491
15.1334582982;-0.3694545847;-0.1028207806;-0.1914763086
15.1437742207;-0.4001294313;-0.1040477744;-0.1583474742
15.1540901432;-0.4271232963;-0.1028207806;-0.1203106644
15.1644060657;-0.4712950755;-0.0991397990;-0.0785928730
15.1747219882;-0.5117858730;-0.0991397990;-0.0405560632
15.1850379107;-0.5547306583;-0.0979128051;0.0023887221
15.1953538332;-0.6062644006;-0.0991397990;0.0428795196
15.2056697557;-0.6577981429;-0.1003667928;0.0882782927
15.2159856782;-0.7154668546;-0.0991397990;0.1349040595
15.2263016007;-0.7755895540;-0.1015937867;0.1901187834
15.2366175232;-0.8357122534;-0.1028207806;0.2416525258
15.2469334457;-0.9019699221;-0.0991397990;0.2931862681
15.2572493682;-0.9682275908;-0.1015937867;0.3569899491
15.2675652906;-1.0271232963;-0.1040477744;0.4171126485
15.2778812131;-1.0835650141;-0.1114097376;0.4649654092
15.2881971356;-1.1326447687;-0.1150907192;0.5189531393
15.2985130581;-1.1755895540;-0.1126367315;0.5753948571
15.3088289806;-1.2111723761;-0.1163177131;0.6244746117
15.3191449031;-1.2308042779;-0.1114097376;0.6637384154
15.3294608256;-1.2443012104;-0.1138637254;0.7017752252
15.3397767481;-1.2430742166;-0.1199986947;0.7312230779
15.3500926706;-1.2308042779;-0.1261336640;0.7545359614
15.3604085931;-1.2062644006;-0.1347226211;0.7778488448
15.3707245156;-1.1829515172;-0.1371766088;0.7937997650
15.3810404381;-1.1473686951;-0.1420845843;0.8036157160
15.3913563606;-1.1105588791;-0.1482195536;0.8158856546
15.4016722831;-1.0700680816;-0.1519005352;0.8183396423
15.4119882056;-1.0332582656;-0.1568085106;0.8183396423
15.4223041281;-0.9952214558;-0.1604894922;0.8122046730
15.4326200505;-0.9596386337;-0.1629434800;0.8097506853
15.4429359730;-0.9240558116;-0.1653974677;0.8060697037
15.4532518955;-0.8958349528;-0.1727594309;0.8036157160
15.4635678180;-0.8725220693;-0.1752134186;0.7999347344
15.4738837405;-0.8455282043;-0.1801213941;0.7962537528
15.4841996630;-0.8258963024;-0.1838023757;0.7950267589
15.4945155855;-0.8148533577;-0.1874833573;0.7962537528
15.5048315080;-0.8001294313;-0.1899373450;0.7925727712
15.5151474305;-0.7829515172;-0.1960723143;0.7950267589
15.5254633530;-0.7608656276;-0.1997532959;0.7925727712
15.5357792755;-0.7314177748;-0.2009802898;0.7913457773
15.5460951980;-0.6921539712;-0.2034342775;0.7852108080
15.5564111205;-0.6528901675;-0.2083422530;0.7790758387
15.5667270430;-0.6038104129;-0.2132502284;0.7680328939
15.5770429655;-0.5535036644;-0.2181582039;0.7545359614
15.5873588880;-0.4774300448;-0.2169312100;0.7312230779
15.5976748104;-0.4025834190;-0.2193851978;0.7091371884
15.6079907329;-0.3228288178;-0.2181582039;0.6821433233
15.6183066554;-0.2381662411;-0.2193851978;0.6490144890
15.6286225779;-0.1522766705;-0.2242931732;0.6060697037
15.6389385004;-0.0590251368;-0.2242931732;0.5582169430
15.6492544229;0.0305454153;-0.2242931732;0.5091371884
15.6595703454;0.1103000166;-0.2341091241;0.4526954706
15.6698862679;0.1925086055;-0.2279741548;0.3937997650
15.6802021904;0.2710362129;-0.2242931732;0.3324500718
15.6905181129;0.3397478693;-0.2267471609;0.2674193969
15.7008340354;0.4035515503;-0.2242931732;0.2048427098
15.7111499579;0.4636742497;-0.2255201671;0.1410390288
15.7214658804;0.5103000166;-0.2206121916;0.0760083540
15.7317818029;0.5495638203;-0.2218391855;0.0232476178
15.7420977254;0.5826926546;-0.2255201671;-0.0331941000
15.7524136479;0.6133675012;-0.2230661793;-0.0933167994
15.7627295703;0.6305454153;-0.2193851978;-0.1399425662
15.7730454928;0.6514043111;-0.2193851978;-0.1902493147
15.7833614153;0.6759441884;-0.2206121916;-0.2356480877
15.7936773378;0.6931221025;-0.2206121916;-0.2810468607
15.8039932603;0.7127540043;-0.2193851978;-0.3178566767
15.8143091828;0.7311589123;-0.2206121916;-0.3522125049
15.8246251053;0.7655147405;-0.2193851978;-0.3804333638
15.8349410278;0.7998705687;-0.2230661793;-0.4123352043
15.8452569503;0.8391343724;-0.2206121916;-0.4491450202
15.8555728728;0.8808521638;-0.2206121916;-0.4798198669
15.8658887953;0.9250239430;-0.2255201671;-0.5117217073
15.8762047178;0.9777846791;-0.2267471609;-0.5460775356
15.8865206403;1.0182754767;-0.2304281425;-0.5828873515
15.8968365628;1.0636742497;-0.2377901057;-0.6258321368
15.9071524853;1.0980300779;-0.2365631119;-0.6626419527
15.9174684078;1.1348398939;-0.2402440935;-0.7080407258
15.9277843302;1.1532448018;-0.2439250751;-0.7534394988
15.9381002527;1.1667417344;-0.2488330505;-0.7927033024
15.9484161752;1.1606067650;-0.2537410260;-0.8344210939
15.9587320977;1.1422018571;-0.2660109646;-0.8835008485
15.9690480202;1.1127540043;-0.2672379585;-0.9203106644
15.9793639427;1.0796251699;-0.2758269155;-0.9571204804
15.9896798652;1.0305454153;-0.2782809033;-0.9902493147
15.9999957877;0.9741036976;-0.2831888787;-1.0160161859
16.0103117102;0.9164349859;-0.2844158726;-1.0331941000
16.0206276327;0.8538582988;-0.2979128051;-1.0393290693
16.0309435552;0.7888276239;-0.3040477744;-1.0393290693
16.0412594777;0.7287049245;-0.3126367315;-1.0405560632
16.0515754002;0.6796251699;-0.3150907192;-1.0295131184
16.0618913227;0.6305454153;-0.3150907192;-1.0172431797
16.0722072452;0.5925086055;-0.3175447070;-0.9939302963
16.0825231676;0.5532448018;-0.3212256886;-0.9669364313
16.0928390901;0.5250239430;-0.3236796763;-0.9362615846
16.1031550126;0.5017110595;-0.3249066701;-0.9031327503
16.1134709351;0.4845331454;-0.3334956272;-0.8724579037
16.1237868576;0.4685822252;-0.3359496149;-0.8368750816
16.1341027801;0.4526313049;-0.3384036027;-0.8012922595
16.1444187026;0.4354533908;-0.3384036027;-0.7632554497
16.1547346251;0.4133675012;-0.3408575904;-0.7264456337
16.1650505476;0.3802386669;-0.3445385720;-0.6945437932
16.1753664701;0.3397478693;-0.3457655659;-0.6601879650
16.1856823926;0.2931221025;-0.3494465474;-0.6270591307
16.1959983151;0.2305454153;-0.3494465474;-0.5963842840
16.2063142376;0.1618337589;-0.3482195536;-0.5608014620
16.2166301601;0.0882141270;-0.3494465474;-0.5252186399
16.2269460826;0.0109135135;-0.3457655659;-0.4896358178
16.2372620051;-0.0786570386;-0.3457655659;-0.4479180264
16.2475779275;-0.1694545847;-0.3482195536;-0.4123352043
16.2578938500;-0.2602521307;-0.3408575904;-0.3657094374
16.2682097725;-0.3449147074;-0.3384036027;-0.3203106644
16.2785256950;-0.4271232963;-0.3396305965;-0.2749118914
16.2888416175;-0.5068778975;-0.3420845843;-0.2172431797
16.2991575400;-0.5719085724;-0.3433115781;-0.1534394988
16.3094734625;-0.6283502902;-0.3359496149;-0.0884088239
16.3197893850;-0.6725220693;-0.3334956272;-0.0246051429
16.3301053075;-0.7081048914;-0.3371766088;0.0391985380
16.3404212300;-0.7277367932;-0.3347226211;0.1091371884
16.3507371525;-0.7350987564;-0.3347226211;0.1827568203
16.3610530750;-0.7436877135;-0.3334956272;0.2526954706
16.3713689975;-0.7350987564;-0.3334956272;0.3263151025
16.3816849200;-0.7265097994;-0.3322686333;0.3925727712
16.3920008425;-0.7191478362;-0.3273606579;0.4661924031
16.4023167650;-0.7068778975;-0.3322686333;0.5287690902
16.4126326874;-0.7081048914;-0.3359496149;0.5888917896
16.4229486099;-0.7031969159;-0.3310416395;0.6404255319
16.4332645324;-0.7105588791;-0.3371766088;0.6931862681
16.4435804549;-0.7289637871;-0.3396305965;0.7410390288
16.4538963774;-0.7510496767;-0.3408575904;0.7852108080
16.4642122999;-0.7817245233;-0.3408575904;0.8220206239
16.4745282224;-0.8173073454;-0.3420845843;0.8551494583
16.4848441449;-0.8541171613;-0.3482195536;0.8833703172
16.4951600674;-0.8896999834;-0.3519005352;0.9066832006
16.5054759899;-0.9265097994;-0.3604894922;0.9312230779
16.5157919124;-0.9608656276;-0.3604894922;0.9496279859
16.5261078349;-0.9817245233;-0.3666244616;0.9668059000
16.5364237574;-0.9915404742;-0.3666244616;0.9864378019
16.5467396799;-0.9939944620;-0.3752134186;1.0023887221
16.5570556024;-0.9768165478;-0.3788944002;1.0207936301
16.5673715249;-0.9461417012;-0.3825753818;1.0293825871
16.5776874473;-0.9031969159;-0.3899373450;1.0453335074
16.5880033698;-0.8492091859;-0.3972993082;1.0600574338
16.5983192923;-0.7841785110;-0.4009802898;1.0674193969
16.6086352148;-0.7142398607;-0.4034342775;1.0723273724
16.6189511373;-0.6357122534;-0.4071152591;1.0772353479
16.6292670598;-0.5571846460;-0.4095692468;1.0796893356
16.6395829823;-0.4811110264;-0.4169312100;1.0784623417
16.6498989048;-0.4038104129;-0.4193851978;1.0772353479
16.6602148273;-0.3387797380;-0.4206121916;1.0686463908
16.6705307498;-0.2909269773;-0.4230661793;1.0563764522
16.6808466723;-0.2455282043;-0.4255201671;1.0391985380
16.6911625948;-0.2111723761;-0.4255201671;1.0183396423
16.7014785173;-0.1878594926;-0.4242931732;0.9937997650
16.7117944398;-0.1731355662;-0.4267471609;0.9582169430
16.7221103623;-0.1620926215;-0.4267471609;0.9201801331
16.7324262848;-0.1547306583;-0.4304281425;0.8772353479
16.7427422072;-0.1522766705;-0.4341091241;0.8306095810
16.7530581297;-0.1449147074;-0.4365631119;0.7827568203
16.7633740522;-0.1326447687;-0.4390170996;0.7287690902
16.7736899747;-0.1154668546;-0.4390170996;0.6661924031
16.7840058972;-0.0847920080;-0.4426980812;0.6048427098
16.7943218197;-0.0467551982;-0.4414710873;0.5484009920
16.8046377422;0.0047785442;-0.4365631119;0.4784623417
16.8149536647;0.0587662742;-0.4451520689;0.4072966976
16.8252695872;0.1164349859;-0.4488330505;0.3349040595
16.8355855097;0.1912816117;-0.4500600444;0.2612844276
16.8459014322;0.2734902006;-0.4537410260;0.1937997650
16.8562173547;0.3532448018;-0.4525140321;0.1201801331
16.8665332772;0.4391343724;-0.4451520689;0.0514684767
16.8768491997;0.5213429614;-0.4451520689;-0.0049732411
16.8871651222;0.5925086055;-0.4426980812;-0.0675499282
16.8974810447;0.6514043111;-0.4402440935;-0.1313536092
16.9077969671;0.6955760902;-0.4463790628;-0.1927033024
16.9181128896;0.7299319184;-0.4402440935;-0.2491450202
16.9284288121;0.7495638203;-0.4414710873;-0.3104947135
16.9387447346;0.7569257834;-0.4426980812;-0.3669364313
16.9490606571;0.7507908141;-0.4512870382;-0.4233781491
16.9593765796;0.7323859061;-0.4525140321;-0.4810468607
16.9696925021;0.7053920411;-0.4537410260;-0.5325806031
16.9800084246;0.6783981761;-0.4549680198;-0.5828873515
16.9903243471;0.6501773172;-0.4561950137;-0.6344210939
17.0006402696;0.6109135135;-0.4574220076;-0.6871818300
17.0109561921;0.5814656607;-0.4598759953;-0.7448505417
17.0212721146;0.5520178080;-0.4623299830;-0.7963842840
17.0315880371;0.5336129000;-0.4611029892;-0.8466910325
17.0419039596;0.5201159675;-0.4647839708;-0.9006787626
17.0522198821;0.5237969491;-0.4635569769;-0.9571204804
17.0625358045;0.5262509368;-0.4733729278;-1.0086542227
17.0728517270;0.5458828387;-0.4709189401;-1.0565069834
17.0831676495;0.5655147405;-0.4721459340;-1.1019057564
17.0934835720;0.5826926546;-0.4745999217;-1.1399425662
17.1037994945;0.6010975626;-0.4807348910;-1.1828873515
17.1141154170;0.6207294644;-0.4868698603;-1.2172431797
17.1244313395;0.6379073785;-0.4856428665;-1.2466910325
17.1347472620;0.6403613663;-0.4905508419;-1.2663229343
17.1450631845;0.6317724092;-0.4979128051;-1.2785928730
17.1553791070;0.6207294644;-0.5003667928;-1.2884088239
17.1656950295;0.5912816117;-0.5089557499;-1.2908628116
17.1760109520;0.5446558448;-0.5150907192;-1.2810468607
17.1863268745;0.4931221025;-0.5175447070;-1.2626419527
17.1966427970;0.4256374399;-0.5187717008;-1.2442370448
17.2069587195;0.3544717957;-0.5236796763;-1.2184701736
17.2172746420;0.2796251699;-0.5285876517;-1.1853413393
17.2275905644;0.2047785442;-0.5310416395;-1.1571204804
17.2379064869;0.1274779307;-0.5359496149;-1.1178566767
17.2482224094;0.0673552313;-0.5347226211;-1.0835008485
17.2585383319;0.0096865196;-0.5322686333;-1.0442370448
17.2688542544;-0.0430742166;-0.5249066701;-1.0025192534
17.2791701769;-0.0896999834;-0.5249066701;-0.9608014620
17.2894860994;-0.1203748301;-0.5310416395;-0.9166296828
17.2998020219;-0.1449147074;-0.5261336640;-0.8761388853
17.3101179444;-0.1633196153;-0.5285876517;-0.8368750816
17.3204338669;-0.1743625601;-0.5249066701;-0.7939302963
17.3307497894;-0.1768165478;-0.5285876517;-0.7509855110
17.3410657119;-0.1804975294;-0.5273606579;-0.7019057564
17.3513816344;-0.1768165478;-0.5224526824;-0.6601879650
17.3616975569;-0.1755895540;-0.5187717008;-0.6135621981
17.3720134794;-0.1792705356;-0.5212256886;-0.5595744681
17.3823294019;-0.1927674681;-0.5249066701;-0.5006787626
17.3926453243;-0.2050374067;-0.5224526824;-0.4381020754
17.4029612468;-0.2258963024;-0.5187717008;-0.3706174129
17.4132771693;-0.2541171613;-0.5163177131;-0.2994517687
17.4235930918;-0.2933809650;-0.5138637254;-0.2209241613
17.4339090143;-0.3289637871;-0.5126367315;-0.1448505417
17.4442249368;-0.3694545847;-0.5138637254;-0.0601879650
17.4545408593;-0.4222153209;-0.5150907192;0.0195666362
17.4648567818;-0.4700680816;-0.5138637254;0.1017752252
17.4751727043;-0.5081048914;-0.5101827438;0.1827568203
17.4854886268;-0.5436877135;-0.5101827438;0.2686463908
17.4958045493;-0.5743625601;-0.5114097376;0.3582169430
17.5061204718;-0.6001294313;-0.5114097376;0.4416525258
17.5164363943;-0.6185343393;-0.5114097376;0.5238611147
17.5267523168;-0.6197613331;-0.5101827438;0.5962537528
17.5370682393;-0.6148533577;-0.5138637254;0.6760083540
17.5473841618;-0.5989024374;-0.5138637254;0.7447200104
17.5577000842;-0.5755895540;-0.5175447070;0.8060697037
17.5680160067;-0.5387797380;-0.5150907192;0.8649654092
17.5783319292;-0.5031969159;-0.5187717008;0.9128181700
17.5886478517;-0.4614791245;-0.5175447070;0.9545359614
17.5989637742;-0.4136263638;-0.5199986947;0.9901187834
17.6092796967;-0.3706815785;-0.5224526824;1.0232476178
17.6195956192;-0.3252828055;-0.5212256886;1.0477874951
17.6299115417;-0.2811110264;-0.5187717008;1.0711003785
17.6402274642;-0.2443012104;-0.5212256886;1.0895052865
17.6505433867;-0.2173073454;-0.5199986947;1.1079101945
17.6608593092;-0.1976754435;-0.5199986947;1.1263151025
17.6711752317;-0.1854055049;-0.5163177131;1.1434930166
17.6814911542;-0.1755895540;-0.5212256886;1.1643519123
17.6918070767;-0.1755895540;-0.5236796763;1.1913457773
17.7021229992;-0.1755895540;-0.5224526824;1.2158856546
17.7124389217;-0.1768165478;-0.5249066701;1.2379715442
17.7227548441;-0.1804975294;-0.5261336640;1.2576034460
17.7330707666;-0.1817245233;-0.5224526824;1.2784623417
17.7433866891;-0.1755895540;-0.5261336640;1.2944132620
17.7537026116;-0.1608656276;-0.5273606579;1.3128181700
17.7640185341;-0.1424607196;-0.5273606579;1.3214071270
17.7743344566;-0.1117858730;-0.5347226211;1.3226341209
17.7846503791;-0.0700680816;-0.5334956272;1.3140451638
17.7949663016;-0.0173073454;-0.5298146456;1.2993212374
17.8052822241;0.0329994031;-0.5310416395;1.2723273724
17.8155981466;0.0833061515;-0.5396305965;1.2379715442
17.8259140691;0.1422018571;-0.5420845843;1.1974807466
17.8362299916;0.2035515503;-0.5408575904;1.1434930166
17.8465459141;0.2563122865;-0.5396305965;1.0845973111
17.8568618366;0.3127540043;-0.5347226211;1.0195666362
17.8671777591;0.3606067650;-0.5371766088;0.9496279859
17.8774936816;0.3998705687;-0.5334956272;0.8698733847
17.8878096040;0.4256374399;-0.5298146456;0.7987077405
17.8981255265;0.4428153540;-0.5285876517;0.7177261454
17.9084414490;0.4489503233;-0.5298146456;0.6416525258
17.9187573715;0.4550852926;-0.5298146456;0.5668059000
17.9290732940;0.4452693417;-0.5273606579;0.4870512988
17.9393892165;0.4305454153;-0.5285876517;0.4085236914
17.9497051390;0.4158214890;-0.5285876517;0.3410390288
17.9600210615;0.3961895871;-0.5273606579;0.2760083540
17.9703369840;0.3741036976;-0.5261336640;0.2146586607
17.9806529065;0.3556987896;-0.5285876517;0.1594439368
17.9909688290;0.3348398939;-0.5298146456;0.1042292129
18.0012847515;0.3299319184;-0.5261336640;0.0514684767
18.0116006740;0.3250239430;-0.5285876517;0.0060697037
18.0219165965;0.3274779307;-0.5310416395;-0.0405560632
18.0322325190;0.3274779307;-0.5273606579;-0.0945437932
18.0425484414;0.3385208755;-0.5298146456;-0.1558934865
18.0528643639;0.3483368264;-0.5310416395;-0.2147891920
18.0631802864;0.3630607528;-0.5310416395;-0.2761388853
18.0734962089;0.3826926546;-0.5310416395;-0.3423965540
18.0838121314;0.3974165810;-0.5347226211;-0.4147891920
18.0941280539;0.4072325319;-0.5396305965;-0.4871818300
18.1044439764;0.4133675012;-0.5371766088;-0.5669364313
18.1147598989;0.4072325319;-0.5371766088;-0.6479180264
18.1250758214;0.3961895871;-0.5469925597;-0.7288996215
18.1353917439;0.3790116730;-0.5457655659;-0.8111082104
18.1457076664;0.3458828387;-0.5469925597;-0.8945437932
18.1560235889;0.3066190350;-0.5531275290;-0.9669364313
18.1663395114;0.2599932681;-0.5531275290;-1.0344210939
18.1766554339;0.2035515503;-0.5617164861;-1.1031327503
18.1869713564;0.1458828387;-0.5629434800;-1.1571204804
18.1972872789;0.0845331454;-0.5617164861;-1.2012922595
18.2076032013;0.0305454153;-0.5592624984;-1.2417830570
18.2179191238;-0.0295772840;-0.5568085106;-1.2724579037
18.2282350463;-0.0860190018;-0.5568085106;-1.2896358178
18.2385509688;-0.1363257503;-0.5519005352;-1.2982247748
18.2488668913;-0.1804975294;-0.5543545229;-1.3006787626
18.2591828138;-0.2173073454;-0.5568085106;-1.2969977810
18.2694987363;-0.2393932350;-0.5592624984;-1.2798198669
18.2798146588;-0.2614791245;-0.5531275290;-1.2736848975
18.2901305813;-0.2774300448;-0.5494465474;-1.2491450202
18.3004465038;-0.2860190018;-0.5519005352;-1.2233781491
18.3107624263;-0.2884729896;-0.5531275290;-1.2012922595
18.3210783488;-0.2860190018;-0.5506735413;-1.1816603577
18.3313942713;-0.2835650141;-0.5469925597;-1.1546664926
18.3417101938;-0.2847920080;-0.5433115781;-1.1338075969
18.3520261163;-0.2921539712;-0.5469925597;-1.1080407258
18.3623420388;-0.3031969159;-0.5457655659;-1.0896358178
18.3726579612;-0.3228288178;-0.5445385720;-1.0650959405
18.3829738837;-0.3461417012;-0.5420845843;-1.0454640386
18.3932898062;-0.3755895540;-0.5433115781;-1.0270591307
18.4036057287;-0.4173073454;-0.5408575904;-1.0049732411
18.4139216512;-0.4528901675;-0.5359496149;-0.9755253883
18.4242375737;-0.4946079589;-0.5334956272;-0.9534394988
18.4345534962;-0.5400067319;-0.5334956272;-0.9239916460
18.4448694187;-0.5792705356;-0.5310416395;-0.8847278423
18.4551853412;-0.6160803515;-0.5310416395;-0.8430100509
18.4655012637;-0.6443012104;-0.5285876517;-0.7927033024
18.4758171862;-0.6651601061;-0.5236796763;-0.7362615846
18.4861331087;-0.6786570386;-0.5187717008;-0.6724579037
18.4964490312;-0.6823380202;-0.5187717008;-0.6025192534
18.5067649537;-0.6700680816;-0.5175447070;-0.5264456337
18.5170808762;-0.6553441552;-0.5150907192;-0.4466910325
18.5273967987;-0.6308042779;-0.5150907192;-0.3583474742
18.5377127211;-0.5927674681;-0.5114097376;-0.2700039159
18.5480286436;-0.5559576521;-0.5052747683;-0.1755253883
18.5583445661;-0.5154668546;-0.5114097376;-0.0859548362
18.5686604886;-0.4688410877;-0.5077287560;0.0011617282
18.5789764111;-0.4258963024;-0.5040477744;0.0833703172
18.5892923336;-0.3743625601;-0.5052747683;0.1680328939
18.5996082561;-0.3252828055;-0.5065017622;0.2465605012
18.6099241786;-0.2528901675;-0.5015937867;0.3852108080
18.6202401011;-0.2528901675;-0.5015937867;0.3852108080
18.6305560236;-0.2246693086;-0.5028207806;0.4490144890
18.6408719461;-0.1878594926;-0.5040477744;0.5594439368
18.6511878686;-0.1878594926;-0.5040477744;0.5594439368
18.6615037911;-0.1755895540;-0.5028207806;0.6060697037
18.6718197136;-0.1719085724;-0.5015937867;0.6502414828
18.6821356361;-0.1620926215;-0.5065017622;0.6919592742
18.6924515586;-0.1535036644;-0.5077287560;0.7263151025
18.7027674810;-0.1424607196;-0.5077287560;0.7582169430
18.7130834035;-0.1265097994;-0.5101827438;0.7937997650
18.7233993260;-0.1081048914;-0.5077287560;0.8269285994
18.7337152485;-0.0774300448;-0.5089557499;0.8649654092
18.7440311710;-0.0418472227;-0.5089557499;0.9030022190
18.7543470935;0.0109135135;-0.5101827438;0.9312230779
18.7646630160;0.0575392804;-0.5163177131;0.9655789061
18.7749789385;0.1103000166;-0.5199986947;1.0085236914
18.7852948610;0.1765576853;-0.5199986947;1.0404255319
18.7956107835;0.2464963356;-0.5138637254;1.0760083540
18.8059267060;0.3213429614;-0.5187717008;1.1054562068
18.8162426285;0.3925086055;-0.5150907192;1.1336770657
18.8265585510;0.4599932681;-0.5126367315;1.1594439368
18.8368744735;0.5225699552;-0.5114097376;1.1815298264
18.8471903960;0.5777846791;-0.5052747683;1.1962537528
18.8575063184;0.6244104460;-0.5040477744;1.2072966976
18.8678222409;0.6612202620;-0.4979128051;1.2060697037
18.8781381634;0.6869871331;-0.4942318235;1.2023887221
18.8884540859;0.6968030841;-0.4880968542;1.1950267589
18.8987700084;0.7004840657;-0.4831888787;1.1753948571
18.9090859309;0.7017110595;-0.4795078971;1.1520819736
18.9194018534;0.6943490963;-0.4733729278;1.1177261454
18.9297177759;0.6783981761;-0.4709189401;1.0784623417
18.9400336984;0.6624472558;-0.4684649524;1.0342905626
18.9503496209;0.6489503233;-0.4598759953;0.9852108080
18.9606655434;0.6428153540;-0.4598759953;0.9324500718
18.9709814659;0.6305454153;-0.4586490014;0.8796893356
18.9812973884;0.6268644338;-0.4574220076;0.8207936301
18.9916133109;0.6305454153;-0.4598759953;0.7618979246
19.0019292334;0.6366803847;-0.4574220076;0.7017752252
19.0122451559;0.6538582988;-0.4549680198;0.6453335074
19.0225610783;0.6722632068;-0.4537410260;0.5852108080
19.0328770008;0.6869871331;-0.4549680198;0.5336770657
19.0431929233;0.7090730227;-0.4500600444;0.4711003785
19.0535088458;0.7299319184;-0.4439250751;0.4158856546
19.0638247683;0.7471098325;-0.4476060567;0.3643519123
19.0741406908;0.7581527773;-0.4476060567;0.3128181700
19.0844566133;0.7581527773;-0.4463790628;0.2649654092
19.0947725358;0.7581527773;-0.4463790628;0.2183396423
19.1050884583;0.7372938816;-0.4439250751;0.1668059000
19.1154043808;0.7090730227;-0.4476060567;0.1214071270
19.1257203033;0.6734902006;-0.4451520689;0.0735543663
19.1360362258;0.6317724092;-0.4463790628;0.0244746117
19.1463521483;0.5753306914;-0.4500600444;-0.0258321368
19.1566680708;0.5176619798;-0.4476060567;-0.0810468607
19.1669839933;0.4464963356;-0.4500600444;-0.1411695601
19.1772999158;0.3765576853;-0.4537410260;-0.2012922595
19.1876158382;0.3090730227;-0.4512870382;-0.2687769221
19.1979317607;0.2329994031;-0.4598759953;-0.3362615846
19.2082476832;0.1618337589;-0.4611029892;-0.4025192534
19.2185636057;0.0980300779;-0.4623299830;-0.4700039159
19.2288795282;0.0452693417;-0.4623299830;-0.5411695601
19.2391954507;-0.0074913945;-0.4623299830;-0.6037462472
19.2495113732;-0.0479821920;-0.4598759953;-0.6638689466
19.2598272957;-0.0872459957;-0.4635569769;-0.7239916460
19.2701432182;-0.1216018239;-0.4623299830;-0.7779793761
19.2804591407;-0.1485956889;-0.4623299830;-0.8307401123
19.2907750632;-0.1731355662;-0.4635569769;-0.8773658791
19.3010909857;-0.1964484497;-0.4684649524;-0.9154026889
19.3114069082;-0.2136263638;-0.4709189401;-0.9534394988
19.3217228307;-0.2320312718;-0.4709189401;-0.9767523822
19.3320387532;-0.2627061184;-0.4733729278;-1.0025192534
19.3423546757;-0.2946079589;-0.4721459340;-1.0160161859
19.3526705981;-0.3314177748;-0.4709189401;-1.0233781491
19.3629865206;-0.3731355662;-0.4696919462;-1.0270591307
19.3733024431;-0.4246693086;-0.4696919462;-1.0233781491
19.3836183656;-0.4762030509;-0.4696919462;-1.0184701736
19.3939342881;-0.5350987564;-0.4696919462;-1.0098812166
19.4042502106;-0.5976754435;-0.4721459340;-0.9939302963
19.4145661331;-0.6688410877;-0.4672379585;-0.9730714006
19.4248820556;-0.7375527442;-0.4672379585;-0.9546664926
19.4351979781;-0.7964484497;-0.4598759953;-0.9411695601
19.4455139006;-0.8565711491;-0.4660109646;-0.9215376583
19.4558298231;-0.9093318853;-0.4574220076;-0.9006787626
19.4661457456;-0.9510496767;-0.4549680198;-0.8798198669
19.4764616681;-0.9817245233;-0.4488330505;-0.8601879650
19.4867775906;-1.0038104129;-0.4451520689;-0.8405560632
19.4970935131;-1.0185343393;-0.4414710873;-0.8246051429
19.5074094356;-1.0160803515;-0.4377901057;-0.8062002350
19.5177253580;-1.0074913945;-0.4377901057;-0.7890223208
19.5280412805;-0.9890864865;-0.4328821303;-0.7669364313
19.5383572030;-0.9670005969;-0.4242931732;-0.7448505417
19.5486731255;-0.9400067319;-0.4230661793;-0.7203106644
19.5589890480;-0.9130128669;-0.4169312100;-0.6896358178
19.5693049705;-0.8860190018;-0.4083422530;-0.6540529957
19.5796208930;-0.8504361797;-0.4144772223;-0.6184701736
19.5899368155;-0.8246693086;-0.4071152591;-0.5718444067
19.6002527380;-0.8025834190;-0.4034342775;-0.5252186399
19.6105686605;-0.7829515172;-0.4009802898;-0.4687769221
19.6208845830;-0.7682275908;-0.3972993082;-0.4098812166
19.6312005055;-0.7608656276;-0.3911643389;-0.3485315233
19.6415164280;-0.7473686951;-0.3936183266;-0.2810468607
19.6518323505;-0.7387797380;-0.3923913327;-0.2111082104
19.6621482730;-0.7314177748;-0.3936183266;-0.1436235478
19.6724641955;-0.7216018239;-0.3923913327;-0.0687769221
19.6827801179;-0.7093318853;-0.3887103511;0.0023887221
19.6930960404;-0.6982889405;-0.3862563634;0.0661924031
19.7034119629;-0.6737490632;-0.3850293695;0.1299960841
19.7137278854;-0.6430742166;-0.3911643389;0.1950267589
19.7240438079;-0.5989024374;-0.3899373450;0.2477874951
19.7343597304;-0.5535036644;-0.3838023757;0.3054562068
19.7446756529;-0.4982889405;-0.3850293695;0.3533089675
19.7549915754;-0.4344852595;-0.3899373450;0.4011617282
19.7653074979;-0.3645466092;-0.3887103511;0.4428795196
19.7756234204;-0.2835650141;-0.3899373450;0.4809163295
19.7859393429;-0.2038104129;-0.3911643389;0.5054562068
19.7962552654;-0.1203748301;-0.3923913327;0.5373580473
19.8065711879;-0.0381662411;-0.3899373450;0.5594439368
19.8168871104;0.0391343724;-0.3899373450;0.5815298264
19.8272030329;0.1115270104;-0.3997532959;0.6060697037
19.8375189553;0.1863736362;-0.3985263020;0.6220206239
19.8478348778;0.2538582988;-0.3985263020;0.6465605012
19.8581508003;0.3139809982;-0.3985263020;0.6661924031
19.8684667228;0.3716497098;-0.3985263020;0.6870512988
19.8787826453;0.4219564583;-0.3972993082;0.7103641822
19.8890985678;0.4599932681;-0.3960723143;0.7275420963
19.8994144903;0.4906681147;-0.3936183266;0.7569899491
19.9097304128;0.5237969491;-0.3923913327;0.7815298264
19.9200463353;0.5544717957;-0.3887103511;0.8085236914
19.9303622578;0.5814656607;-0.3850293695;0.8293825871
19.9406781803;0.6084595258;-0.3850293695;0.8514684767
19.9509941028;0.6354533908;-0.3850293695;0.8674193969
19.9613100253;0.6722632068;-0.3801213941;0.8796893356
19.9716259478;0.7004840657;-0.3788944002;0.8895052865
19.9819418703;0.7397478693;-0.3752134186;0.8980942436
19.9922577928;0.7802386669;-0.3727594309;0.8956402558
20.0025737152;0.8268644338;-0.3678514554;0.8895052865
20.0128896377;0.8734902006;-0.3690784493;0.8772353479
20.0232055602;0.9201159675;-0.3629434800;0.8551494583
20.0335214827;0.9704227160;-0.3617164861;0.8306095810
20.0438374052;1.0158214890;-0.3580355045;0.7962537528
20.0541533277;1.0538582988;-0.3543545229;0.7533089675
20.0644692502;1.0894411209;-0.3506735413;0.7091371884
20.0747851727;1.1176619798;-0.3408575904;0.6612844276
20.0851010952;1.1372938816;-0.3408575904;0.6072966976
20.0954170177;1.1495638203;-0.3371766088;0.5594439368
20.1057329402;1.1471098325;-0.3347226211;0.5066832006
20.1160488627;1.1422018571;-0.3347226211;0.4539224644
20.1263647852;1.1176619798;-0.3298146456;0.4060697037
20.1366807077;1.0931221025;-0.3322686333;0.3631249184
20.1469966302;1.0624472558;-0.3322686333;0.3177261454
20.1573125527;1.0207294644;-0.3261336640;0.2772353479
20.1676284751;0.9814656607;-0.3249066701;0.2416525258
20.1779443976;0.9409748632;-0.3212256886;0.2048427098
20.1882603201;0.8943490963;-0.3224526824;0.1778488448
20.1985762426;0.8501773172;-0.3298146456;0.1434930166
20.2088921651;0.8010975626;-0.3261336640;0.1103641822
20.2192080876;0.7655147405;-0.3212256886;0.0821433233
20.2295240101;0.7287049245;-0.3199986947;0.0551494583
20.2398399326;0.6931221025;-0.3212256886;0.0269285994
20.2501558551;0.6661282374;-0.3249066701;-0.0000652656
20.2604717776;0.6379073785;-0.3212256886;-0.0393290693
20.2707877001;0.6047785442;-0.3249066701;-0.0761388853
20.2811036226;0.5777846791;-0.3249066701;-0.1190836705
20.2914195451;0.5397478693;-0.3285876517;-0.1595744681
20.3017354676;0.5090730227;-0.3322686333;-0.2147891920
20.3120513901;0.4698092190;-0.3334956272;-0.2650959405
20.3223673126;0.4244104460;-0.3322686333;-0.3190836705
20.3326832350;0.3704227160;-0.3384036027;-0.3718444067
20.3429991575;0.3139809982;-0.3396305965;-0.4246051429
20.3533150800;0.2440423479;-0.3371766088;-0.4785928730
20.3636310025;0.1765576853;-0.3408575904;-0.5313536092
20.3739469250;0.1029380534;-0.3469925597;-0.5816603577
20.3842628475;0.0268644338;-0.3384036027;-0.6295131184
20.3945787700;-0.0528901675;-0.3384036027;-0.6663229343
20.4048946925;-0.1375527442;-0.3420845843;-0.7019057564
20.4152106150;-0.2234423147;-0.3469925597;-0.7276726276
20.4255265375;-0.3056509037;-0.3494465474;-0.7473045294
20.4358424600;-0.3878594926;-0.3457655659;-0.7644824435
20.4461583825;-0.4627061184;-0.3433115781;-0.7742983945
20.4564743050;-0.5289637871;-0.3433115781;-0.7779793761
20.4667902275;-0.5890864865;-0.3433115781;-0.7681634251
20.4771061500;-0.6492091859;-0.3445385720;-0.7583474742
20.4874220725;-0.6982889405;-0.3396305965;-0.7448505417
20.4977379949;-0.7350987564;-0.3384036027;-0.7276726276
20.5080539174;-0.7694545847;-0.3371766088;-0.7104947135
20.5183698399;-0.8013564251;-0.3371766088;-0.6884088239
20.5286857624;-0.8283502902;-0.3371766088;-0.6675499282
20.5390016849;-0.8467551982;-0.3347226211;-0.6442370448
20.5493176074;-0.8712950755;-0.3285876517;-0.6258321368
20.5596335299;-0.8921539712;-0.3273606579;-0.6086542227
20.5699494524;-0.9154668546;-0.3249066701;-0.5914763086
20.5802653749;-0.9375527442;-0.3261336640;-0.5804333638
20.5905812974;-0.9682275908;-0.3212256886;-0.5742983945
20.6008972199;-0.9952214558;-0.3199986947;-0.5657094374
20.6112131424;-1.0295772840;-0.3212256886;-0.5522125049
20.6215290649;-1.0602521307;-0.3150907192;-0.5448505417
20.6318449874;-1.0946079589;-0.3114097376;-0.5362615846
20.6421609099;-1.1265097994;-0.3126367315;-0.5203106644
20.6524768324;-1.1571846460;-0.3089557499;-0.5092677196
20.6627927548;-1.1829515172;-0.3077287560;-0.4871818300
20.6731086773;-1.2013564251;-0.3015937867;-0.4663229343
20.6834245998;-1.2185343393;-0.3015937867;-0.4405560632
20.6937405223;-1.2185343393;-0.2966858113;-0.4086542227
20.7040564448;-1.2123993699;-0.2954588174;-0.3706174129
20.7143723673;-1.1952214558;-0.2942318235;-0.3276726276
20.7246882898;-1.1682275908;-0.2905508419;-0.2810468607
20.7350042123;-1.1424607196;-0.2856428665;-0.2295131184
20.7453201348;-1.0982889405;-0.2807348910;-0.1755253883
20.7556360573;-1.0492091859;-0.2856428665;-0.1190836705
20.7659519798;-0.9989024374;-0.2782809033;-0.0638689466
20.7762679023;-0.9436877135;-0.2770539094;-0.0074272288
20.7865838248;-0.8884729896;-0.2745999217;0.0441065135
20.7968997473;-0.8271232963;-0.2758269155;0.0980942436
20.8072156698;-0.7706815785;-0.2758269155;0.1484009920
20.8175315922;-0.7105588791;-0.2745999217;0.1974807466
20.8278475147;-0.6528901675;-0.2770539094;0.2379715442
20.8381634372;-0.6050374067;-0.2782809033;0.2833703172
20.8484793597;-0.5571846460;-0.2745999217;0.3164991515
20.8587952822;-0.5179208423;-0.2795078971;0.3471739982
20.8691112047;-0.4700680816;-0.2807348910;0.3741678632
20.8794271272;-0.4271232963;-0.2831888787;0.3937997650
20.8897430497;-0.3829515172;-0.2807348910;0.4134316669
20.9000589722;-0.3424607196;-0.2819618849;0.4293825871
20.9103748947;-0.3019699221;-0.2856428665;0.4404255319
20.9206908172;-0.2479821920;-0.2831888787;0.4551494583
20.9310067397;-0.1964484497;-0.2856428665;0.4661924031
20.9413226622;-0.1412337258;-0.2868698603;0.4784623417
20.9516385847;-0.0823380202;-0.2880968542;0.4882782927
20.9619545072;-0.0136263638;-0.2831888787;0.4980942436
20.9722704297;0.0575392804;-0.2893238481;0.5054562068
20.9825863521;0.1287049245;-0.2917778358;0.5275420963
20.9929022746;0.2084595258;-0.2880968542;0.5447200104
21.0032181971;0.2869871331;-0.2880968542;0.5631249184
21.0135341196;0.3765576853;-0.2856428665;0.5815298264
21.0238500421;0.4599932681;-0.2831888787;0.5987077405
21.0341659646;0.5446558448;-0.2831888787;0.6134316669
21.0444818871;0.6231834522;-0.2807348910;0.6244746117
21.0547978096;0.6955760902;-0.2819618849;0.6391985380
21.0651137321;0.7618337589;-0.2770539094;0.6539224644
21.0754296546;0.8231834522;-0.2721459340;0.6600574338
21.0857455771;0.8722632068;-0.2660109646;0.6625114215
21.0960614996;0.9139809982;-0.2623299830;0.6612844276
21.1063774221;0.9483368264;-0.2635569769;0.6588304399
21.1166933446;0.9765576853;-0.2574220076;0.6416525258
21.1270092671;0.9986435749;-0.2586490014;0.6257016055
21.1373251896;1.0133675012;-0.2549680198;0.5987077405
21.1476411120;1.0280914276;-0.2488330505;0.5753948571
21.1579570345;1.0379073785;-0.2463790628;0.5398120350
21.1682729570;1.0428153540;-0.2426980812;0.5030022190
21.1785888795;1.0489503233;-0.2414710873;0.4588304399
21.1889048020;1.0612202620;-0.2402440935;0.4134316669
21.1992207245;1.0698092190;-0.2390170996;0.3704868816
21.2095366470;1.0845331454;-0.2377901057;0.3299960841
21.2198525695;1.1004840657;-0.2353361180;0.2870512988
21.2301684920;1.1103000166;-0.2328821303;0.2379715442
21.2404844145;1.1262509368;-0.2353361180;0.2048427098
21.2508003370;1.1446558448;-0.2328821303;0.1704868816
21.2611162595;1.1544717957;-0.2279741548;0.1336770657
21.2714321820;1.1704227160;-0.2304281425;0.1030022190
21.2817481045;1.1753306914;-0.2341091241;0.0796893356
21.2920640270;1.1741036976;-0.2304281425;0.0514684767
21.3023799495;1.1667417344;-0.2267471609;0.0306095810
21.3126958719;1.1532448018;-0.2292011487;0.0158856546
21.3230117944;1.1311589123;-0.2292011487;-0.0049732411
21.3333277169;1.0992570718;-0.2279741548;-0.0258321368
21.3436436394;1.0563122865;-0.2267471609;-0.0466910325
21.3539595619;1.0084595258;-0.2292011487;-0.0675499282
21.3642754844;0.9556987896;-0.2255201671;-0.0945437932
21.3745914069;0.8869871331;-0.2316551364;-0.1166296828
21.3849073294;0.8207294644;-0.2316551364;-0.1473045294
21.3952232519;0.7471098325;-0.2353361180;-0.1816603577
21.4055391744;0.6783981761;-0.2377901057;-0.2135621981
21.4158550969;0.6047785442;-0.2390170996;-0.2466910325
21.4261710194;0.5372938816;-0.2365631119;-0.2920898055
21.4364869419;0.4649012436;-0.2377901057;-0.3301266153
21.4468028644;0.3974165810;-0.2414710873;-0.3669364313
21.4571187869;0.3323859061;-0.2451520689;-0.4086542227
21.4674347094;0.2722632068;-0.2537410260;-0.4515990080
21.4777506318;0.2231834522;-0.2488330505;-0.4896358178
21.4880665543;0.1667417344;-0.2500600444;-0.5227646521
21.4983824768;0.1127540043;-0.2512870382;-0.5534394988
21.5086983993;0.0673552313;-0.2549680198;-0.5828873515
21.5190143218;0.0231834522;-0.2488330505;-0.6062002350
21.5293302443;-0.0234423147;-0.2439250751;-0.6258321368
21.5396461668;-0.0725220693;-0.2476060567;-0.6381020754
21.5499620893;-0.1289637871;-0.2476060567;-0.6417830570
21.5602780118;-0.1829515172;-0.2512870382;-0.6417830570
21.5705939343;-0.2467551982;-0.2500600444;-0.6356480877
21.5809098568;-0.3105588791;-0.2512870382;-0.6246051429
21.5912257793;-0.3792705356;-0.2500600444;-0.6123352043
21.6015417018;-0.4504361797;-0.2500600444;-0.5963842840
21.6118576243;-0.5252828055;-0.2512870382;-0.5742983945
21.6221735468;-0.6001294313;-0.2476060567;-0.5534394988
21.6324894693;-0.6712950755;-0.2476060567;-0.5325806031
21.6428053917;-0.7485956889;-0.2451520689;-0.5129487012
21.6531213142;-0.8234423147;-0.2426980812;-0.4859548362
21.6634372367;-0.8872459957;-0.2402440935;-0.4663229343
21.6737531592;-0.9498226828;-0.2414710873;-0.4442370448
21.6840690817;-1.0050374067;-0.2414710873;-0.4270591307
21.6943850042;-1.0541171613;-0.2402440935;-0.4074272288
21.7047009267;-1.0933809650;-0.2390170996;-0.3939302963
21.7150168492;-1.1240558116;-0.2365631119;-0.3828873515
21.7253327717;-1.1461417012;-0.2377901057;-0.3657094374
21.7356486942;-1.1596386337;-0.2328821303;-0.3546664926
21.7459646167;-1.1706815785;-0.2279741548;-0.3436235478
21.7562805392;-1.1706815785;-0.2292011487;-0.3264456337
21.7665964617;-1.1682275908;-0.2279741548;-0.3166296828
21.7769123842;-1.1670005969;-0.2255201671;-0.3019057564
21.7872283067;-1.1559576521;-0.2242931732;-0.2785928730
21.7975442291;-1.1498226828;-0.2255201671;-0.2565069834
21.8078601516;-1.1387797380;-0.2218391855;-0.2319671061
21.8181760741;-1.1326447687;-0.2181582039;-0.2012922595
21.8284919966;-1.1265097994;-0.2193851978;-0.1681634251
21.8388079191;-1.1240558116;-0.2169312100;-0.1288996215
21.8491238416;-1.1179208423;-0.2132502284;-0.0908628116
21.8594397641;-1.1166938485;-0.2132502284;-0.0454640386
21.8697556866;-1.1093318853;-0.2107962407;-0.0000652656
21.8800716091;-1.1093318853;-0.2083422530;0.0379715442
21.8903875316;-1.0970619466;-0.2120232346;0.0858243049
21.9007034541;-1.0847920080;-0.2132502284;0.1385850411
21.9110193766;-1.0712950755;-0.2120232346;0.1876647957
21.9213352991;-1.0418472227;-0.2132502284;0.2306095810
21.9316512216;-1.0087183883;-0.2107962407;0.2698733847
21.9419671441;-0.9706815785;-0.2157042162;0.3128181700
21.9522830666;-0.9203748301;-0.2193851978;0.3434930166
21.9625989890;-0.8651601061;-0.2181582039;0.3668059000
21.9729149115;-0.8074913945;-0.2157042162;0.3950267589
21.9832308340;-0.7338717626;-0.2169312100;0.4134316669
21.9935467565;-0.6627061184;-0.2206121916;0.4330635687
22.0038626790;-0.5890864865;-0.2181582039;0.4428795196
22.0141786015;-0.5154668546;-0.2181582039;0.4539224644
22.0244945240;-0.4393932350;-0.2230661793;0.4612844276
22.0348104465;-0.3596386337;-0.2193851978;0.4637384154
22.0451263690;-0.2823380202;-0.2242931732;0.4637384154
22.0554422915;-0.2123993699;-0.2193851978;0.4625114215
22.0657582140;-0.1387797380;-0.2181582039;0.4637384154
22.0760741365;-0.0688410877;-0.2193851978;0.4661924031
22.0863900590;0.0010975626;-0.2193851978;0.4711003785
22.0967059815;0.0575392804;-0.2230661793;0.4760083540
22.1070219040;0.1103000166;-0.2292011487;0.4796893356
22.1173378265;0.1642877466;-0.2279741548;0.4870512988
22.1276537489;0.2207294644;-0.2206121916;0.4980942436
22.1379696714;0.2673552313;-0.2206121916;0.5066832006
22.1482855939;0.3164349859;-0.2206121916;0.5238611147
22.1586015164;0.3691957221;-0.2206121916;0.5312230779
22.1689174389;0.4231834522;-0.2193851978;0.5398120350
22.1792333614;0.4796251699;-0.2157042162;0.5422660227
22.1895492839;0.5323859061;-0.2157042162;0.5508549798
22.1998652064;0.5826926546;-0.2120232346;0.5496279859
22.2101811289;0.6477233295;-0.2046612714;0.5508549798
22.2204970514;0.7103000166;-0.2058882652;0.5410390288
22.2308129739;0.7691957221;-0.2009802898;0.5287690902
22.2411288964;0.8329994031;-0.2022072836;0.5103641822
22.2514448189;0.8943490963;-0.1985263020;0.4858243049
22.2617607414;0.9507908141;-0.1985263020;0.4539224644
22.2720766639;1.0035515503;-0.1972993082;0.4195666362
22.2823925864;1.0550852926;-0.1923913327;0.3815298264
22.2927085088;1.0992570718;-0.1899373450;0.3422660227
22.3030244313;1.1323859061;-0.1887103511;0.2956402558
22.3133403538;1.1655147405;-0.1874833573;0.2539224644
22.3236562763;1.1912816117;-0.1874833573;0.2048427098
22.3339721988;1.2035515503;-0.1862563634;0.1582169430
22.3442881213;1.2121405074;-0.1850293695;0.1140451638
22.3546040438;1.2084595258;-0.1887103511;0.0723273724
22.3649199663;1.2023245565;-0.1911643389;0.0404255319
22.3752358888;1.1974165810;-0.1813483879;0.0122046730
22.3855518113;1.1876006301;-0.1850293695;-0.0196971675
22.3958677338;1.1679687282;-0.1813483879;-0.0466910325
22.4061836563;1.1446558448;-0.1813483879;-0.0663229343
22.4164995788;1.1237969491;-0.1838023757;-0.0859548362
22.4268155013;1.0992570718;-0.1862563634;-0.1043597442
22.4371314238;1.0808521638;-0.1923913327;-0.1227646521
22.4474473463;1.0612202620;-0.1850293695;-0.1362615846
22.4577632687;1.0440423479;-0.1911643389;-0.1522125049
22.4680791912;1.0195024706;-0.1899373450;-0.1644824435
22.4783951137;0.9986435749;-0.1923913327;-0.1792063699
22.4887110362;0.9777846791;-0.1887103511;-0.2025192534
22.4990269587;0.9520178080;-0.1923913327;-0.2246051429
22.5093428812;0.9225699552;-0.1948453205;-0.2466910325
22.5196588037;0.8894411209;-0.1936183266;-0.2712309098
22.5299747262;0.8489503233;-0.1936183266;-0.3006787626
22.5402906487;0.8072325319;-0.1997532959;-0.3374885785
22.5506065712;0.7618337589;-0.2009802898;-0.3730714006
22.5609224937;0.7090730227;-0.2022072836;-0.4086542227
22.5712384162;0.6452693417;-0.2058882652;-0.4430100509
22.5815543387;0.5814656607;-0.2071152591;-0.4773658791
22.5918702612;0.5152079920;-0.2071152591;-0.5129487012
22.6021861837;0.4391343724;-0.2144772223;-0.5387155724
22.6125021061;0.3593797712;-0.2107962407;-0.5681634251
22.6228180286;0.2820791577;-0.2144772223;-0.5902493147
22.6331339511;0.2047785442;-0.2169312100;-0.6111082104
22.6434498736;0.1262509368;-0.2181582039;-0.6233781491
22.6537657961;0.0563122865;-0.2181582039;-0.6282861245
22.6640817186;-0.0222153209;-0.2132502284;-0.6270591307
22.6743976411;-0.0970619466;-0.2157042162;-0.6209241613
22.6847135636;-0.1608656276;-0.2157042162;-0.6123352043
22.6950294861;-0.2271232963;-0.2132502284;-0.5988382718
22.7053454086;-0.2909269773;-0.2132502284;-0.5792063699
22.7156613311;-0.3485956889;-0.2120232346;-0.5608014620
22.7259772536;-0.4001294313;-0.2083422530;-0.5338075969
22.7362931761;-0.4565711491;-0.2120232346;-0.5117217073
22.7466090986;-0.5056509037;-0.2022072836;-0.4847278423
22.7569250211;-0.5498226828;-0.2009802898;-0.4540529957
22.7672409436;-0.6038104129;-0.2046612714;-0.4233781491
22.7775568660;-0.6479821920;-0.2009802898;-0.4000652656
22.7878727885;-0.6909269773;-0.2058882652;-0.3755253883
22.7981887110;-0.7363257503;-0.2009802898;-0.3546664926
22.8085046335;-0.7817245233;-0.1972993082;-0.3338075969
22.8188205560;-0.8357122534;-0.1985263020;-0.3117217073
22.8291364785;-0.8823380202;-0.2009802898;-0.2957707871
22.8394524010;-0.9338717626;-0.1960723143;-0.2871818300
22.8497683235;-0.9841785110;-0.1985263020;-0.2638689466
22.8600842460;-1.0320312718;-0.1985263020;-0.2503720141
22.8704001685;-1.0712950755;-0.1960723143;-0.2368750816
22.8807160910;-1.1130128669;-0.1948453205;-0.2233781491
22.8910320135;-1.1473686951;-0.1948453205;-0.2062002350
22.9013479360;-1.1792705356;-0.1887103511;-0.1841143454
22.9116638585;-1.2087183883;-0.1948453205;-0.1620284558
22.9219797810;-1.2246693086;-0.1850293695;-0.1338075969
22.9322957035;-1.2357122534;-0.1838023757;-0.1006787626
22.9426116259;-1.2430742166;-0.1838023757;-0.0675499282
22.9529275484;-1.2320312718;-0.1838023757;-0.0270591307
22.9632434709;-1.2234423147;-0.1801213941;0.0097506853
22.9735593934;-1.2099453822;-0.1825753818;0.0404255319
22.9838753159;-1.1878594926;-0.1887103511;0.0772353479
22.9941912384;-1.1571846460;-0.1887103511;0.1299960841
23.0045071609;-1.1301907810;-0.1874833573;0.1753948571
23.0148230834;-1.0614791245;-0.1862563634;0.2747813601
23.0251390059;-1.0614791245;-0.1862563634;0.2747813601
23.0354549284;-1.0283502902;-0.1862563634;0.3152721577
23.0457708509;-0.9939944620;-0.1899373450;0.3520819736
23.0560867734;-0.9584116399;-0.1862563634;0.3864378019
23.0664026959;-0.9252828055;-0.1874833573;0.4134316669
23.0767186184;-0.8896999834;-0.1923913327;0.4428795196
23.0870345409;-0.8602521307;-0.1923913327;0.4686463908
23.0973504634;-0.8209883270;-0.1948453205;0.4833703172
23.1076663858;-0.7878594926;-0.1911643389;0.4944132620
23.1179823083;-0.7510496767;-0.1948453205;0.5030022190
23.1282982308;-0.7130128669;-0.1972993082;0.5054562068
23.1386141533;-0.6688410877;-0.1997532959;0.5091371884
23.1489300758;-0.6234423147;-0.1972993082;0.5128181700
23.1592459983;-0.5731355662;-0.2009802898;0.5066832006
23.1695619208;-0.5130128669;-0.1997532959;0.5079101945
23.1798778433;-0.4516631736;-0.2046612714;0.5054562068
23.1901937658;-0.3817245233;-0.2034342775;0.5091371884
23.2005096883;-0.3081048914;-0.2046612714;0.5054562068
23.2108256108;-0.2393932350;-0.2058882652;0.5042292129
23.2211415333;-0.1571846460;-0.2083422530;0.5103641822
23.2314574558;-0.0737490632;-0.2046612714;0.5140451638
23.2417733783;0.0060055380;-0.2058882652;0.5177261454
23.2520893008;0.0808521638;-0.2120232346;0.5238611147
23.2624052233;0.1581527773;-0.2132502284;0.5299960841
23.2727211457;0.2342263969;-0.2120232346;0.5349040595
23.2830370682;0.3090730227;-0.2058882652;0.5398120350
23.2933529907;0.3765576853;-0.2034342775;0.5361310534
23.3036689132;0.4452693417;-0.1997532959;0.5336770657
23.3139848357;0.5041650472;-0.1960723143;0.5312230779
23.3243007582;0.5593797712;-0.1985263020;0.5214071270
23.3346166807;0.6072325319;-0.1948453205;0.5103641822
23.3449326032;0.6550852926;-0.1923913327;0.4919592742
23.3552485257;0.6931221025;-0.1887103511;0.4711003785
23.3655644482;0.7323859061;-0.1899373450;0.4453335074
23.3758803707;0.7679687282;-0.1887103511;0.4085236914
23.3861962932;0.7986435749;-0.1838023757;0.3717138755
23.3965122157;0.8354533908;-0.1813483879;0.3336770657
23.4068281382;0.8649012436;-0.1825753818;0.2919592742
23.4171440607;0.8931221025;-0.1788944002;0.2441065135
23.4274599832;0.9323859061;-0.1752134186;0.1925727712
23.4377759056;0.9655147405;-0.1764404125;0.1496279859
23.4480918281;0.9986435749;-0.1776674063;0.0980942436
23.4584077506;1.0329994031;-0.1764404125;0.0526954706
23.4687236731;1.0673552313;-0.1752134186;0.0207936301
23.4790395956;1.1066190350;-0.1739864247;-0.0172431797
23.4893555181;1.1372938816;-0.1752134186;-0.0552799896
23.4996714406;1.1618337589;-0.1752134186;-0.0896358178
23.5099873631;1.1863736362;-0.1801213941;-0.1154026889
23.5203032856;1.2023245565;-0.1788944002;-0.1436235478
23.5306192081;1.2084595258;-0.1776674063;-0.1669364313
23.5409351306;1.2084595258;-0.1801213941;-0.1853413393
23.5512510531;1.2084595258;-0.1764404125;-0.2074272288
23.5615669756;1.1949625933;-0.1727594309;-0.2209241613
23.5718828981;1.1704227160;-0.1801213941;-0.2381020754
23.5821988206;1.1409748632;-0.1825753818;-0.2614149589
23.5925147430;1.1103000166;-0.1862563634;-0.2761388853
23.6028306655;1.0734902006;-0.1862563634;-0.2945437932
23.6131465880;1.0280914276;-0.1874833573;-0.3154026889
23.6234625105;0.9790116730;-0.1911643389;-0.3399425662
23.6337784330;0.9262509368;-0.1923913327;-0.3620284558
23.6440943555;0.8747171945;-0.1874833573;-0.3902493147
23.6544102780;0.8244104460;-0.1936183266;-0.4184701736
23.6647262005;0.7790116730;-0.1972993082;-0.4528260018
23.6750421230;0.7311589123;-0.1972993082;-0.4785928730
23.6853580455;0.6833061515;-0.2009802898;-0.5092677196
23.6956739680;0.6379073785;-0.2034342775;-0.5399425662
23.7059898905;0.5949625933;-0.2107962407;-0.5718444067
23.7163058130;0.5495638203;-0.2083422530;-0.6000652656
23.7266217355;0.5041650472;-0.2120232346;-0.6221511552
23.7369376580;0.4575392804;-0.2120232346;-0.6405560632
23.7472535805;0.4158214890;-0.2169312100;-0.6589609712
23.7575695029;0.3691957221;-0.2181582039;-0.6687769221
23.7678854254;0.3127540043;-0.2193851978;-0.6736848975
23.7782013479;0.2538582988;-0.2206121916;-0.6736848975
23.7885172704;0.1925086055;-0.2193851978;-0.6638689466
23.7988331929;0.1336129000;-0.2230661793;-0.6565069834
23.8091491154;0.0722632068;-0.2218391855;-0.6393290693
23.8194650379;0.0035515503;-0.2144772223;-0.6196971675
23.8297809604;-0.0663871000;-0.2169312100;-0.5951572902
23.8400968829;-0.1424607196;-0.2169312100;-0.5706174129
23.8504128054;-0.2234423147;-0.2144772223;-0.5387155724
23.8607287279;-0.3007429282;-0.2181582039;-0.5104947135
23.8710446504;-0.3780435417;-0.2169312100;-0.4810468607
23.8813605729;-0.4528901675;-0.2120232346;-0.4454640386
23.8916764954;-0.5191478362;-0.2083422530;-0.4111082104
23.9019924179;-0.5903134804;-0.2107962407;-0.3865683331
23.9123083404;-0.6528901675;-0.2132502284;-0.3571204804
23.9226242628;-0.7068778975;-0.2083422530;-0.3350345908
23.9329401853;-0.7596386337;-0.2120232346;-0.3068137319
23.9432561078;-0.8087183883;-0.2046612714;-0.2810468607
23.9535720303;-0.8467551982;-0.2009802898;-0.2626419527
23.9638879528;-0.8786570386;-0.1985263020;-0.2454640386
23.9742038753;-0.9081048914;-0.1997532959;-0.2246051429
23.9845197978;-0.9314177748;-0.1997532959;-0.1988382718
23.9948357203;-0.9510496767;-0.1997532959;-0.1792063699
24.0051516428;-0.9694545847;-0.1985263020;-0.1583474742
24.0154675653;-0.9841785110;-0.1960723143;-0.1338075969
24.0257834878;-1.0013564251;-0.1985263020;-0.1092677196
24.0360994103;-1.0185343393;-0.1972993082;-0.0749118914
24.0464153328;-1.0308042779;-0.1960723143;-0.0479180264
24.0567312553;-1.0553441552;-0.1936183266;-0.0123352043
24.0670471778;-1.0774300448;-0.1972993082;0.0257016055
24.0773631003;-1.0970619466;-0.1972993082;0.0637384154
24.0876790227;-1.1105588791;-0.1923913327;0.1079101945
24.0979949452;-1.1252828055;-0.1923913327;0.1520819736
24.1083108677;-1.1400067319;-0.1972993082;0.2023887221
24.1186267902;-1.1473686951;-0.1997532959;0.2490144890
24.1289427127;-1.1498226828;-0.1985263020;0.3017752252
24.1392586352;-1.1473686951;-0.1972993082;0.3459470043
24.1495745577;-1.1387797380;-0.1985263020;0.3876647957
24.1598904802;-1.1203748301;-0.1972993082;0.4330635687
24.1702064027;-1.0982889405;-0.1997532959;0.4698733847
24.1805223252;-1.0700680816;-0.2058882652;0.5005482313
24.1908382477;-1.0308042779;-0.2034342775;0.5287690902
24.2011541702;-0.9927674681;-0.2083422530;0.5533089675
24.2114700927;-0.9412337258;-0.2107962407;0.5717138755
24.2217860152;-0.8958349528;-0.2095692468;0.5852108080
24.2321019377;-0.8369392472;-0.2095692468;0.5925727712
24.2424178602;-0.7792705356;-0.2144772223;0.5974807466
24.2527337826;-0.7191478362;-0.2169312100;0.5987077405
24.2630497051;-0.6627061184;-0.2181582039;0.5999347344
24.2733656276;-0.6050374067;-0.2193851978;0.5974807466
24.2836815501;-0.5522766705;-0.2218391855;0.5950267589
24.2939974726;-0.4921539712;-0.2230661793;0.5925727712
24.3043133951;-0.4393932350;-0.2218391855;0.5864378019
24.3146293176;-0.3829515172;-0.2242931732;0.5827568203
24.3249452401;-0.3314177748;-0.2328821303;0.5778488448
24.3352611626;-0.2823380202;-0.2279741548;0.5815298264
24.3455770851;-0.2271232963;-0.2218391855;0.5815298264
24.3558930076;-0.1792705356;-0.2230661793;0.5790758387
24.3662089301;-0.1228288178;-0.2230661793;0.5803028325
24.3765248526;-0.0688410877;-0.2218391855;0.5864378019
24.3868407751;-0.0160803515;-0.2267471609;0.5888917896
24.3971566976;0.0403613663;-0.2304281425;0.5839838141
24.4074726201;0.0931221025;-0.2328821303;0.5864378019
24.4177885425;0.1520178080;-0.2341091241;0.5839838141
24.4281044650;0.2182754767;-0.2353361180;0.5729408693
24.4384203875;0.2857601393;-0.2304281425;0.5606709307
24.4487363100;0.3483368264;-0.2242931732;0.5496279859
24.4590522325;0.4158214890;-0.2242931732;0.5287690902
24.4693681550;0.4857601393;-0.2242931732;0.5017752252
24.4796840775;NaN;NaN;NaN