Time (s);Bx (µT);By (µT);Bz (µT)
0.0123065327;-47.9207047753;-1924.3523824390;-24.8347795557
0.0246130653;-48.2747860168;-1923.8894048781;-27.4900891838
0.0369195980;-47.9207047753;-1924.3523824390;-24.8347795557
0.0492261307;-47.9207047753;-1924.6610341463;-26.9310766305
0.0615326633;-47.9207047753;-1924.6610341463;-25.8130515239
0.0738391960;-48.6288672584;-1924.1980565854;-27.4900891838
0.0861457286;-48.0977453961;-1924.8153600000;-25.9528046622
0.0984522613;-47.9207047753;-1923.8894048781;-23.8565075874
0.1107587940;-47.5666235338;-1925.1240117073;-26.0925578005
0.1230653266;-47.5666235338;-1923.8894048781;-26.3720640772
0.1353718593;-47.9207047753;-1924.6610341463;-26.0925578005
0.1476783920;-47.9207047753;-1923.8894048781;-26.0925578005
0.1599849246;-47.9207047753;-1924.0437307317;-24.6950264173
0.1722914573;-48.0977453961;-1924.0437307317;-26.7913234922
0.1845979899;-47.9207047753;-1923.8894048781;-26.3720640772
0.1969045226;-47.7436641545;-1924.6610341463;-25.9528046622
0.2092110553;-47.3895829130;-1924.8153600000;-26.2323109389
0.2215175879;-47.9207047753;-1925.7413151220;-26.5118172155
0.2338241206;-47.5666235338;-1925.7413151220;-27.7695954604
0.2461306533;-48.2747860168;-1923.2721014634;-24.9745326940
0.2584371859;-47.2125422922;-1924.5067082927;-26.0925578005
0.2707437186;-47.5666235338;-1924.5067082927;-25.1142858323
0.2830502513;-48.0977453961;-1923.5807531707;-25.6732983856
0.2953567839;-48.2747860168;-1923.8894048781;-26.7913234922
0.3076633166;-48.0977453961;-1922.1918204878;-26.6515703538
0.3199698492;-48.6288672584;-1923.5807531707;-25.3937921089
0.3322763819;-48.9829484999;-1924.0437307317;-25.2540389706
0.3445829146;-48.6288672584;-1922.9634497561;-27.3503360454
0.3568894472;-47.9207047753;-1923.1177756098;-26.0925578005
0.3691959799;-48.0977453961;-1922.3461463415;-24.6950264173
0.3815025126;-47.9207047753;-1924.3523824390;-28.4683611520
0.3938090452;-47.7436641545;-1924.3523824390;-27.6298423221
0.4061155779;-47.2125422922;-1924.3523824390;-26.6515703538
0.4184221106;-47.5666235338;-1924.8153600000;-25.3937921089
0.4307286432;-47.9207047753;-1924.9696858537;-25.3937921089
0.4430351759;-47.2125422922;-1924.9696858537;-23.5770013108
0.4553417085;-48.0977453961;-1924.8153600000;-28.3286080137
0.4676482412;-47.9207047753;-1925.2783375610;-25.9528046622
0.4799547739;-47.3895829130;-1926.2042926829;-26.6515703538
0.4922613065;-47.3895829130;-1925.2783375610;-28.3286080137
0.5045678392;-47.5666235338;-1925.1240117073;-27.3503360454
0.5168743719;-47.9207047753;-1923.4264273171;-25.1142858323
0.5291809045;-47.9207047753;-1925.1240117073;-27.0708297688
0.5414874372;-47.7436641545;-1924.0437307317;-24.5552732790
0.5537939698;-48.0977453961;-1922.9634497561;-27.3503360454
0.5661005025;-47.5666235338;-1923.8894048781;-27.9093485987
0.5784070352;-48.4518266376;-1925.1240117073;-26.0925578005
0.5907135678;-47.0355016715;-1923.8894048781;-25.9528046622
0.6030201005;-47.5666235338;-1924.3523824390;-24.4155201407
0.6153266332;-48.6288672584;-1924.1980565854;-25.5335452473
0.6276331658;-48.2747860168;-1923.5807531707;-27.0708297688
0.6399396985;-47.5666235338;-1923.8894048781;-25.3937921089
0.6522462312;-47.9207047753;-1925.8956409756;-27.0708297688
0.6645527638;-48.8059078792;-1923.8894048781;-25.9528046622
0.6768592965;-48.2747860168;-1923.4264273171;-26.5118172155
0.6891658291;-47.9207047753;-1924.6610341463;-25.3937921089
0.7014723618;-48.0977453961;-1924.6610341463;-25.2540389706
0.7137788945;-47.5666235338;-1924.9696858537;-25.9528046622
0.7260854271;-47.5666235338;-1924.9696858537;-25.9528046622
0.7383919598;-48.0977453961;-1924.6610341463;-27.3503360454
0.7506984925;-48.6288672584;-1924.3523824390;-25.1142858323
0.7630050251;-48.8059078792;-1925.8956409756;-27.9093485987
0.7753115578;-48.2747860168;-1923.7350790244;-29.0273737053
0.7876180905;-48.2747860168;-1924.0437307317;-23.9962607257
0.7999246231;-48.2747860168;-1924.8153600000;-29.0273737053
0.8122311558;-47.5666235338;-1925.2783375610;-27.2105829071
0.8245376884;-48.2747860168;-1923.1177756098;-27.4900891838
0.8368442211;-48.2747860168;-1924.1980565854;-28.1888548754
0.8491507538;-47.5666235338;-1924.1980565854;-25.2540389706
0.8614572864;-48.4518266376;-1924.9696858537;-24.4155201407
0.8737638191;-48.0977453961;-1924.9696858537;-28.3286080137
0.8860703518;-47.9207047753;-1923.8894048781;-24.5552732790
0.8983768844;-48.0977453961;-1924.0437307317;-25.6732983856
0.9106834171;-48.0977453961;-1924.9696858537;-27.6298423221
0.9229899497;-48.2747860168;-1924.5067082927;-25.8130515239
0.9352964824;-47.7436641545;-1922.5004721951;-25.9528046622
0.9476030151;-47.3895829130;-1923.2721014634;-27.7695954604
0.9599095477;-47.5666235338;-1924.3523824390;-25.5335452473
0.9722160804;-48.2747860168;-1924.1980565854;-24.4155201407
0.9845226131;-48.0977453961;-1923.5807531707;-28.3286080137
0.9968291457;-47.5666235338;-1924.6610341463;-27.2105829071
1.0091356784;-47.7436641545;-1924.1980565854;-27.3503360454
1.0214422111;-47.9207047753;-1924.3523824390;-28.1888548754
1.0337487437;-48.2747860168;-1924.3523824390;-27.9093485987
1.0460552764;-48.2747860168;-1924.5067082927;-27.9093485987
1.0583618090;-48.8059078792;-1924.3523824390;-24.9745326940
1.0706683417;-48.4518266376;-1923.8894048781;-25.8130515239
1.0829748744;-48.9829484999;-1923.8894048781;-28.3286080137
1.0952814070;-48.0977453961;-1924.3523824390;-26.6515703538
1.1075879397;-47.7436641545;-1922.9634497561;-25.8130515239
1.1198944724;-48.4518266376;-1923.7350790244;-24.5552732790
1.1322010050;-49.1599891207;-1923.1177756098;-27.2105829071
1.1445075377;-48.8059078792;-1924.0437307317;-27.2105829071
1.1568140704;-48.8059078792;-1923.7350790244;-29.7261393969
1.1691206030;-48.4518266376;-1924.3523824390;-28.1888548754
1.1814271357;-48.8059078792;-1923.4264273171;-25.6732983856
1.1937336683;-49.1599891207;-1921.8831687805;-25.6732983856
1.2060402010;-48.4518266376;-1922.5004721951;-27.7695954604
1.2183467337;-48.2747860168;-1922.1918204878;-28.6081142903
1.2306532663;-48.4518266376;-1924.1980565854;-29.5863862586
1.2429597990;-49.3370297415;-1923.1177756098;-26.9310766305
1.2552663317;-47.9207047753;-1923.1177756098;-26.3720640772
1.2675728643;-48.2747860168;-1925.1240117073;-29.1671268436
1.2798793970;-48.8059078792;-1924.1980565854;-27.7695954604
1.2921859296;-48.6288672584;-1923.8894048781;-25.5335452473
1.3044924623;-48.9829484999;-1924.3523824390;-27.2105829071
1.3167989950;-48.6288672584;-1923.8894048781;-26.5118172155
1.3291055276;-48.8059078792;-1923.2721014634;-28.0491017370
1.3414120603;-48.2747860168;-1922.6547980488;-28.0491017370
1.3537185930;-47.5666235338;-1923.7350790244;-28.8876205670
1.3660251256;-47.5666235338;-1923.7350790244;-29.1671268436
1.3783316583;-47.7436641545;-1925.1240117073;-28.0491017370
1.3906381910;-48.6288672584;-1924.5067082927;-30.5646582268
1.4029447236;-48.6288672584;-1923.4264273171;-28.7478674287
1.4152512563;-47.5666235338;-1924.6610341463;-27.2105829071
1.4275577889;-48.6288672584;-1923.2721014634;-25.9528046622
1.4398643216;-48.2747860168;-1923.5807531707;-27.2105829071
1.4521708543;-48.8059078792;-1923.7350790244;-26.6515703538
1.4644773869;-48.6288672584;-1924.6610341463;-25.9528046622
1.4767839196;-48.4518266376;-1925.2783375610;-26.5118172155
1.4890904523;-47.5666235338;-1923.5807531707;-24.4155201407
1.5013969849;-47.2125422922;-1923.1177756098;-26.0925578005
1.5137035176;-47.3895829130;-1924.0437307317;-28.4683611520
1.5260100503;-47.3895829130;-1925.1240117073;-26.2323109389
1.5383165829;-48.2747860168;-1922.8091239024;-26.7913234922
1.5506231156;-47.2125422922;-1923.7350790244;-29.3068799819
1.5629296482;-48.2747860168;-1923.4264273171;-29.7261393969
1.5752361809;-47.2125422922;-1924.0437307317;-28.8876205670
1.5875427136;-47.3895829130;-1923.2721014634;-26.7913234922
1.5998492462;-47.5666235338;-1924.3523824390;-27.2105829071
1.6121557789;-47.3895829130;-1924.9696858537;-25.1142858323
1.6244623116;-47.7436641545;-1924.3523824390;-25.6732983856
1.6367688442;-47.5666235338;-1922.1918204878;-26.0925578005
1.6490753769;-47.5666235338;-1923.8894048781;-25.8130515239
1.6613819095;-47.5666235338;-1924.3523824390;-27.0708297688
1.6736884422;-47.0355016715;-1924.0437307317;-26.7913234922
1.6859949749;-47.2125422922;-1923.4264273171;-25.8130515239
1.6983015075;-47.5666235338;-1923.8894048781;-27.3503360454
1.7106080402;-47.3895829130;-1923.5807531707;-25.1142858323
1.7229145729;-47.9207047753;-1924.9696858537;-28.6081142903
1.7352211055;-46.6814204299;-1923.5807531707;-25.6732983856
1.7475276382;-47.7436641545;-1924.5067082927;-26.7913234922
1.7598341709;-47.9207047753;-1924.6610341463;-27.0708297688
1.7721407035;-46.1502985676;-1924.6610341463;-26.6515703538
1.7844472362;-46.6814204299;-1925.4326634146;-26.7913234922
1.7967537688;-46.8584610507;-1925.1240117073;-26.9310766305
1.8090603015;-47.2125422922;-1924.5067082927;-25.6732983856
1.8213668342;-46.8584610507;-1926.0499668293;-27.0708297688
1.8336733668;-46.8584610507;-1926.8215960976;-27.4900891838
1.8459798995;-46.6814204299;-1925.5869892683;-26.3720640772
1.8582864322;-46.5043798091;-1925.5869892683;-24.4155201407
1.8705929648;-47.0355016715;-1925.5869892683;-23.0179887575
1.8828994975;-46.8584610507;-1925.5869892683;-24.6950264173
1.8952060302;-46.8584610507;-1926.5129443902;-23.1577418958
1.9075125628;-46.8584610507;-1925.4326634146;-22.7384824808
1.9198190955;-46.6814204299;-1926.6672702439;-22.5987293425
1.9321256281;-46.8584610507;-1926.5129443902;-21.6204573743
1.9444321608;-46.6814204299;-1928.2105287805;-21.4807042360
1.9567386935;-46.6814204299;-1926.8215960976;-21.7602105126
1.9690452261;-46.3273391884;-1927.5932253659;-20.2229259911
1.9813517588;-45.7962173261;-1927.2845736585;-20.0831728527
1.9936582915;-46.5043798091;-1925.7413151220;-21.6204573743
2.0059648241;-46.3273391884;-1927.1302478049;-21.7602105126
2.0182713568;-46.5043798091;-1928.0562029268;-19.6639134378
2.0305778894;-45.6191767053;-1928.0562029268;-19.8036665761
2.0428844221;-45.6191767053;-1927.4388995122;-18.9651477462
2.0551909548;-46.5043798091;-1926.9759219512;-19.2446540228
2.0674974874;-45.9732579468;-1928.9821580488;-17.9868757779
2.0798040201;-46.5043798091;-1928.0562029268;-18.5458883312
2.0921105528;-46.1502985676;-1929.1364839024;-18.6856414695
2.1044170854;-45.9732579468;-1927.9018770732;-15.6110724265
2.1167236181;-45.9732579468;-1928.6735063415;-15.4713192881
2.1290301508;-46.6814204299;-1927.2845736585;-14.2135410433
2.1413366834;-45.7962173261;-1928.9821580488;-14.2135410433
2.1536432161;-46.1502985676;-1926.9759219512;-11.9774908301
2.1659497487;-46.1502985676;-1927.5932253659;-12.5365033834
2.1782562814;-45.4421360845;-1927.4388995122;-10.4402063086
2.1905628141;-45.4421360845;-1925.1240117073;-12.5365033834
2.2028693467;-45.7962173261;-1927.1302478049;-13.5147753516
2.2151758794;-45.4421360845;-1927.5932253659;-11.5582314152
2.2274824121;-45.4421360845;-1927.2845736585;-11.9774908301
2.2397889447;-45.6191767053;-1927.2845736585;-12.2569971068
2.2520954774;-46.1502985676;-1928.6735063415;-12.6762565217
2.2644020101;-45.7962173261;-1926.8215960976;-13.6545284900
2.2767085427;-45.0880548430;-1927.7475512195;-12.2569971068
2.2890150754;-45.7962173261;-1928.0562029268;-13.2352690750
2.3013216080;-45.2650954637;-1927.2845736585;-13.0955159367
2.3136281407;-45.0880548430;-1926.3586185366;-11.8377376918
2.3259346734;-45.0880548430;-1926.8215960976;-13.2352690750
2.3382412060;-45.6191767053;-1927.9018770732;-13.0955159367
2.3505477387;-45.4421360845;-1927.2845736585;-12.9557627984
2.3628542714;-45.2650954637;-1926.5129443902;-12.8160096600
2.3751608040;-46.3273391884;-1926.9759219512;-12.5365033834
2.3874673367;-46.6814204299;-1926.0499668293;-11.4184782768
2.3997738693;-46.8584610507;-1926.6672702439;-11.6979845535
2.4120804020;-46.6814204299;-1926.8215960976;-10.5799594469
2.4243869347;-46.8584610507;-1926.5129443902;-14.7725535965
2.4366934673;-47.3895829130;-1925.5869892683;-13.7942816283
2.4490000000;-46.1502985676;-1926.6672702439;-13.6545284900
2.4613065327;-47.0355016715;-1927.4388995122;-15.1918130115
2.4736130653;-45.9732579468;-1926.9759219512;-15.3315661498
2.4859195980;-46.1502985676;-1927.7475512195;-15.3315661498
2.4982261307;-46.3273391884;-1928.8278321951;-16.8688506714
2.5105326633;-46.6814204299;-1926.9759219512;-18.6856414695
2.5228391960;-46.3273391884;-1926.8215960976;-19.3844071611
2.5351457286;-45.9732579468;-1928.0562029268;-19.3844071611
2.5474522613;-46.6814204299;-1926.2042926829;-19.3844071611
2.5597587940;-45.9732579468;-1928.2105287805;-21.3409510976
2.5720653266;-45.7962173261;-1927.2845736585;-21.8999636509
2.5843718593;-45.0880548430;-1927.2845736585;-23.7167544491
2.5966783920;-44.9110142222;-1927.2845736585;-23.8565075874
2.6089849246;-45.2650954637;-1926.0499668293;-23.4372481724
2.6212914573;-45.6191767053;-1926.2042926829;-22.1794699276
2.6335979899;-45.2650954637;-1926.2042926829;-23.4372481724
2.6459045226;-45.0880548430;-1926.6672702439;-23.7167544491
2.6582110553;-44.7339736014;-1926.8215960976;-26.3720640772
2.6705175879;-43.8487704976;-1925.5869892683;-25.1142858323
2.6828241206;-42.7865267730;-1927.4388995122;-24.9745326940
2.6951306533;-44.2028517391;-1925.7413151220;-28.8876205670
2.7074371859;-43.3176486353;-1925.1240117073;-27.6298423221
2.7197437186;-43.4946892560;-1927.1302478049;-28.0491017370
2.7320502513;-42.7865267730;-1925.2783375610;-26.2323109389
2.7443567839;-42.7865267730;-1925.4326634146;-28.8876205670
2.7566633166;-42.4324455314;-1926.2042926829;-30.9839176418
2.7689698492;-41.9013236691;-1925.4326634146;-30.4249050885
2.7812763819;-42.6094861522;-1925.5869892683;-34.0584866849
2.7935829146;-42.4324455314;-1926.0499668293;-32.5212021633
2.8058894472;-41.7242830483;-1926.0499668293;-30.7044113651
2.8181959799;-40.8390799445;-1926.2042926829;-33.3597209932
2.8305025126;-40.1309174614;-1925.7413151220;-34.1982398232
2.8428090452;-40.4849987029;-1926.2042926829;-33.7789804082
2.8551155779;-40.1309174614;-1926.2042926829;-31.6826833334
2.8674221106;-40.4849987029;-1926.8215960976;-34.6174992381
2.8797286432;-40.4849987029;-1927.5932253659;-35.7355243447
2.8920351759;-40.3079580822;-1927.4388995122;-33.3597209932
2.9043417085;-40.4849987029;-1926.8215960976;-32.5212021633
2.9166482412;-40.1309174614;-1927.5932253659;-32.6609553016
2.9289547739;-40.3079580822;-1926.3586185366;-32.3814490250
2.9412613065;-41.0161205653;-1927.2845736585;-35.5957712064
2.9535678392;-41.1931611860;-1927.1302478049;-36.0150306213
2.9658743719;-39.7768362199;-1926.5129443902;-34.4777460998
2.9781809045;-41.0161205653;-1927.4388995122;-35.7355243447
2.9904874372;-40.1309174614;-1926.8215960976;-36.8535494513
3.0027939698;-39.2457143576;-1926.6672702439;-36.4342900363
3.0151005025;-39.7768362199;-1925.4326634146;-35.3162649297
3.0274070352;-39.4227549783;-1925.1240117073;-36.8535494513
3.0397135678;-39.4227549783;-1926.0499668293;-37.1330557279
3.0520201005;-40.1309174614;-1927.5932253659;-34.8970055148
3.0643266332;-40.1309174614;-1925.8956409756;-33.3597209932
3.0766331658;-40.6620393237;-1926.2042926829;-34.3379929615
3.0889396985;-40.3079580822;-1926.8215960976;-32.6609553016
3.1012462312;-39.7768362199;-1927.4388995122;-35.1765117914
3.1135527638;-40.3079580822;-1928.2105287805;-32.5212021633
3.1258592965;-39.9538768406;-1928.6735063415;-30.2851519502
3.1381658291;-40.6620393237;-1928.2105287805;-33.0802147166
3.1504723618;-41.9013236691;-1927.5932253659;-30.5646582268
3.1627788945;-41.7242830483;-1928.3648546341;-28.6081142903
3.1750854271;-42.0783642899;-1927.5932253659;-31.2634239184
3.1873919598;-42.0783642899;-1927.7475512195;-32.1019427484
3.1996984925;-42.2554049107;-1927.5932253659;-30.2851519502
3.2120050251;-42.4324455314;-1926.6672702439;-28.8876205670
3.2243115578;-42.4324455314;-1927.7475512195;-29.5863862586
3.2366180905;-42.6094861522;-1926.2042926829;-30.5646582268
3.2489246231;-43.1406080145;-1927.7475512195;-30.5646582268
3.2612311558;-43.3176486353;-1924.9696858537;-28.7478674287
3.2735376884;-42.6094861522;-1925.8956409756;-31.1236707801
3.2858442211;-42.9635673937;-1927.2845736585;-31.4031770568
3.2981507538;-43.3176486353;-1927.2845736585;-29.1671268436
3.3104572864;-42.7865267730;-1926.8215960976;-29.3068799819
3.3227638191;-42.6094861522;-1928.0562029268;-29.0273737053
3.3350703518;-42.6094861522;-1927.4388995122;-28.8876205670
3.3473768844;-42.6094861522;-1927.2845736585;-27.2105829071
3.3596834171;-43.4946892560;-1928.3648546341;-26.6515703538
3.3719899497;-44.0258111184;-1929.1364839024;-26.2323109389
3.3842964824;-43.1406080145;-1927.7475512195;-26.6515703538
3.3966030151;-44.0258111184;-1927.2845736585;-27.0708297688
3.4089095477;-44.0258111184;-1928.5191804878;-27.4900891838
3.4212160804;-43.8487704976;-1928.0562029268;-24.4155201407
3.4335226131;-44.5569329807;-1927.1302478049;-25.8130515239
3.4458291457;-44.0258111184;-1927.4388995122;-28.3286080137
3.4581356784;-44.3798923599;-1926.8215960976;-29.4466331203
3.4704422111;-44.5569329807;-1925.8956409756;-28.1888548754
3.4827487437;-44.7339736014;-1925.4326634146;-28.8876205670
3.4950552764;-43.6717298768;-1926.6672702439;-28.4683611520
3.5073618090;-43.6717298768;-1926.0499668293;-27.3503360454
3.5196683417;-43.8487704976;-1927.1302478049;-30.9839176418
3.5319748744;-42.6094861522;-1926.5129443902;-29.5863862586
3.5442814070;-42.9635673937;-1927.2845736585;-29.1671268436
3.5565879397;-42.4324455314;-1926.9759219512;-29.0273737053
3.5688944724;-42.4324455314;-1927.2845736585;-31.5429301951
3.5812010050;-41.9013236691;-1926.6672702439;-32.1019427484
3.5935075377;-41.3702018068;-1928.3648546341;-30.0056456735
3.6058140704;-41.0161205653;-1928.3648546341;-31.1236707801
3.6181206030;-40.6620393237;-1928.3648546341;-29.4466331203
3.6304271357;-40.4849987029;-1927.9018770732;-31.5429301951
3.6427336683;-40.4849987029;-1927.9018770732;-32.1019427484
3.6550402010;-39.5997955991;-1928.3648546341;-32.8007084400
3.6673467337;-37.8293893914;-1928.9821580488;-33.0802147166
3.6796532663;-38.7145924952;-1928.9821580488;-32.3814490250
3.6919597990;-38.3605112537;-1927.1302478049;-32.6609553016
3.7042663317;-38.1834706329;-1927.1302478049;-32.2416958867
3.7165728643;-37.8293893914;-1928.0562029268;-36.8535494513
3.7288793970;-36.7671456668;-1928.2105287805;-38.2510808345
3.7411859296;-36.7671456668;-1927.2845736585;-36.4342900363
3.7534924623;-36.0589831837;-1928.0562029268;-39.5088590794
3.7657989950;-35.1737800798;-1928.9821580488;-37.9715745578
3.7781055276;-34.8196988383;-1928.2105287805;-41.7449092925
3.7904120603;-33.5804144929;-1928.5191804878;-41.8846624308
3.8027185930;-32.5181707683;-1928.3648546341;-42.4436749841
3.8150251256;-31.2788864229;-1928.2105287805;-41.4654030159
3.8273316583;-29.8625614567;-1930.5254165854;-41.1858967392
3.8396381910;-29.8625614567;-1930.2167648781;-42.4436749841
3.8519447236;-29.3314395944;-1928.8278321951;-42.7231812608
3.8642512563;-29.3314395944;-1929.9081131707;-41.6051561542
3.8765577889;-27.7380740075;-1931.1427200000;-43.2821938140
3.8888643216;-27.0299115244;-1930.0624390244;-42.5834281224
3.9011708543;-26.6758302829;-1930.5254165854;-41.7449092925
3.9134773869;-25.7906271790;-1931.1427200000;-43.7014532290
3.9257839196;-25.0824646959;-1930.5254165854;-42.5834281224
3.9380904523;-24.7283834544;-1930.5254165854;-44.4002189206
3.9503969849;-23.3120584882;-1928.5191804878;-45.7977503038
3.9627035176;-22.6038960051;-1926.9759219512;-45.9375034421
3.9750100503;-22.4268553844;-1928.6735063415;-46.9157754104
3.9873165829;-22.7809366259;-1927.4388995122;-47.7542942403
3.9996231156;-21.0105304182;-1926.9759219512;-47.1952816870
4.0119296482;-21.3646116597;-1926.9759219512;-46.9157754104
4.0242361809;-19.7712460728;-1927.2845736585;-47.4747879637
4.0365427136;-19.7712460728;-1927.5932253659;-47.4747879637
4.0488492462;-18.7090023482;-1927.4388995122;-46.4965159954
4.0611557789;-18.8860429690;-1928.6735063415;-45.7977503038
4.0734623116;-18.3549211066;-1928.0562029268;-50.1300975918
4.0857688442;-17.4697180028;-1927.1302478049;-46.4965159954
4.0980753769;-16.7615555197;-1928.3648546341;-49.4313319002
4.1103819095;-16.2304336574;-1928.8278321951;-48.3133067936
4.1226884422;-16.2304336574;-1929.9081131707;-49.5710850385
4.1349949749;-16.0533930366;-1930.2167648781;-47.1952816870
4.1473015075;-16.0533930366;-1930.3710907317;-47.1952816870
4.1596080402;-16.0533930366;-1930.6797424390;-46.7760222721
4.1719145729;-15.8763524159;-1929.5994614634;-46.4965159954
4.1842211055;-16.0533930366;-1928.6735063415;-47.1952816870
4.1965276382;-16.7615555197;-1928.9821580488;-46.4965159954
4.2088341709;-17.2926773820;-1928.5191804878;-48.1735536553
4.2211407035;-17.2926773820;-1928.6735063415;-49.5710850385
4.2334472362;-17.1156367613;-1928.5191804878;-45.7977503038
4.2457537688;-17.1156367613;-1928.5191804878;-46.6362691338
4.2580603015;-17.1156367613;-1928.5191804878;-46.2170097188
4.2703668342;-17.2926773820;-1928.0562029268;-48.8723193469
4.2826733668;-17.2926773820;-1928.6735063415;-49.1518256235
4.2949798995;-17.1156367613;-1926.5129443902;-48.0338005170
4.3072864322;-17.4697180028;-1927.4388995122;-47.4747879637
4.3195929648;-18.0008398651;-1926.9759219512;-48.4530599319
4.3318994975;-18.5319617274;-1927.4388995122;-48.3133067936
4.3442060302;-18.3549211066;-1928.0562029268;-46.9157754104
4.3565125628;-18.7090023482;-1930.2167648781;-48.7325662086
4.3688190955;-19.0630835897;-1929.1364839024;-43.1424406757
4.3811256281;-18.5319617274;-1929.1364839024;-43.9809595057
4.3934321608;-19.4171648313;-1928.8278321951;-43.1424406757
4.4057386935;-19.5942054520;-1928.8278321951;-44.6797251973
4.4180452261;-19.7712460728;-1930.3710907317;-45.2387377505
4.4303517588;-20.4794085559;-1929.2908097561;-44.1207126440
4.4426582915;-20.8334897974;-1930.0624390244;-44.4002189206
4.4549648241;-21.5416522805;-1928.3648546341;-46.4965159954
4.4672713568;-20.6564491767;-1928.8278321951;-46.2170097188
4.4795778894;-20.8334897974;-1927.1302478049;-46.7760222721
4.4918844221;-21.0105304182;-1927.5932253659;-46.7760222721
4.5041909548;-20.3023679351;-1927.9018770732;-49.0120724852
4.5164974874;-20.6564491767;-1928.0562029268;-47.1952816870
4.5288040201;-20.4794085559;-1927.4388995122;-46.0772565805
4.5411105528;-20.4794085559;-1927.4388995122;-46.4965159954
4.5534170854;-19.9482866936;-1927.7475512195;-47.8940473786
4.5657236181;-20.1253273144;-1928.9821580488;-47.8940473786
4.5780301508;-20.6564491767;-1929.1364839024;-45.3784908889
4.5903366834;-20.8334897974;-1929.4451356098;-45.5182440272
4.6026432161;-19.7712460728;-1929.4451356098;-46.7760222721
4.6149497487;-19.9482866936;-1927.4388995122;-47.8940473786
4.6272562814;-19.9482866936;-1929.7537873171;-44.9592314739
4.6395628141;-19.4171648313;-1929.1364839024;-44.9592314739
4.6518693467;-18.8860429690;-1929.4451356098;-46.9157754104
4.6641758794;-19.0630835897;-1928.3648546341;-45.7977503038
4.6764824121;-18.1778804859;-1929.2908097561;-46.7760222721
4.6887889447;-17.8237992443;-1930.2167648781;-46.4965159954
4.7010954774;-17.4697180028;-1930.2167648781;-46.7760222721
4.7134020101;-16.9385961405;-1929.7537873171;-45.3784908889
4.7257085427;-16.5845148989;-1929.7537873171;-48.0338005170
4.7380150754;-15.8763524159;-1928.6735063415;-48.4530599319
4.7503216080;-14.4600274497;-1928.9821580488;-48.7325662086
4.7626281407;-14.1059462082;-1929.5994614634;-49.4313319002
4.7749346734;-12.8666618628;-1929.9081131707;-49.5710850385
4.7872412060;-12.5125806212;-1929.9081131707;-49.4313319002
4.7995477387;-11.2732962758;-1929.1364839024;-46.4965159954
4.8118542714;-10.9192150343;-1930.9883941463;-47.8940473786
4.8241608040;-9.1488088266;-1931.2970458537;-49.0120724852
4.8364673367;-8.0865651020;-1931.2970458537;-49.4313319002
4.8487738693;-7.0243213773;-1931.6056975610;-47.8940473786
4.8610804020;-6.4931995150;-1930.6797424390;-47.1952816870
4.8733869347;-4.8998339281;-1931.6056975610;-45.3784908889
4.8856934673;-4.1916714450;-1931.1427200000;-46.3567628571
4.8980000000;-3.6605495827;-1931.4513717073;-45.7977503038
4.9103065327;-2.0671839958;-1930.9883941463;-47.1952816870
4.9226130653;-1.3590215127;-1930.2167648781;-47.1952816870
4.9349195980;-0.1197371673;-1930.9883941463;-45.6579971655
4.9472261307;1.8277096612;-1932.6859785366;-45.6579971655
4.9595326633;2.5358721443;-1930.9883941463;-46.3567628571
4.9718391960;3.7751564897;-1930.8340682927;-47.1952816870
4.9841457286;3.7751564897;-1930.5254165854;-44.1207126440
4.9964522613;6.4307658012;-1931.6056975610;-47.3350348254
5.0087587940;6.4307658012;-1930.9883941463;-46.0772565805
5.0210653266;7.6700501466;-1931.1427200000;-46.0772565805
5.0333718593;8.5552532505;-1930.6797424390;-45.5182440272
5.0456783920;10.1486188374;-1930.6797424390;-43.7014532290
5.0579849246;10.5027000789;-1931.2970458537;-46.2170097188
5.0702914573;12.2731062866;-1932.0686751220;-43.9809595057
5.0825979899;12.2731062866;-1932.3773268293;-42.8629343991
5.0949045226;13.3353500113;-1931.7600234146;-43.2821938140
5.1072110553;14.2205531151;-1931.6056975610;-43.2821938140
5.1195175879;14.9287155982;-1933.7662595122;-45.5182440272
5.1318241206;14.5746343566;-1931.7600234146;-42.4436749841
5.1441306533;15.4598374605;-1931.9143492683;-42.8629343991
5.1564371859;16.1679999436;-1932.0686751220;-39.2293528027
5.1687437186;17.2302436682;-1932.6859785366;-42.8629343991
5.1810502513;17.9384061513;-1931.9143492683;-41.4654030159
5.1933567839;17.9384061513;-1933.4576078049;-43.0026875374
5.2056633166;18.2924873928;-1932.0686751220;-42.3039218458
5.2179698492;18.1154467721;-1931.4513717073;-40.7666373243
5.2302763819;19.5317717382;-1931.7600234146;-43.1424406757
5.2425829146;19.8858529798;-1932.5316526829;-42.3039218458
5.2548894472;20.5940154628;-1931.2970458537;-39.9281184943
5.2671959799;21.3021779459;-1931.1427200000;-42.4436749841
5.2795025126;21.4792185667;-1931.1427200000;-40.7666373243
5.2918090452;21.8332998082;-1931.2970458537;-43.7014532290
5.3041155779;21.6562591875;-1928.9821580488;-42.0244155692
5.3164221106;21.8332998082;-1930.2167648781;-41.3256498776
5.3287286432;22.0103404290;-1930.8340682927;-41.6051561542
5.3410351759;22.0103404290;-1931.7600234146;-41.1858967392
5.3533417085;22.5414622913;-1932.2230009756;-41.7449092925
5.3656482412;22.0103404290;-1932.6859785366;-39.7883653560
5.3779547739;20.9480967044;-1931.2970458537;-39.7883653560
5.3902613065;21.4792185667;-1933.4576078049;-38.6703402495
5.4025678392;21.3021779459;-1931.6056975610;-39.3691059411
5.4148743719;20.4169748421;-1932.2230009756;-38.3908339728
5.4271809045;20.7710560836;-1931.1427200000;-41.3256498776
5.4394874372;20.4169748421;-1931.6056975610;-40.7666373243
5.4517939698;20.4169748421;-1932.2230009756;-41.1858967392
5.4641005025;19.8858529798;-1931.9143492683;-40.3473779093
5.4764070352;19.3547311174;-1931.6056975610;-39.0895996644
5.4887135678;19.5317717382;-1931.2970458537;-44.4002189206
5.5010201005;20.2399342213;-1932.3773268293;-43.4219469524
5.5133266332;19.0006498759;-1930.6797424390;-42.7231812608
5.5256331658;19.8858529798;-1931.6056975610;-41.4654030159
5.5379396985;18.8236092551;-1932.6859785366;-41.3256498776
5.5502462312;19.0006498759;-1930.8340682927;-40.9063904626
5.5625527638;19.0006498759;-1931.1427200000;-40.6268841859
5.5748592965;18.1154467721;-1931.4513717073;-42.4436749841
5.5871658291;18.6465686344;-1933.1489560976;-41.7449092925
5.5994723618;17.9384061513;-1931.9143492683;-42.1641687075
5.6117788945;17.5843249097;-1932.9946302439;-40.3473779093
5.6240854271;17.5843249097;-1933.7662595122;-40.7666373243
5.6363919598;17.7613655305;-1933.4576078049;-40.2076247710
5.6486984925;16.8761624267;-1932.2230009756;-39.3691059411
5.6610050251;16.3450405644;-1933.1489560976;-40.6268841859
5.6733115578;16.6991218059;-1932.8403043902;-39.2293528027
5.6856180905;15.9909593228;-1933.4576078049;-42.4436749841
5.6979246231;16.5220811851;-1931.9143492683;-41.7449092925
5.7102311558;15.8139187020;-1932.3773268293;-41.1858967392
5.7225376884;15.9909593228;-1932.0686751220;-43.5617000907
5.7348442211;15.4598374605;-1931.9143492683;-41.0461436009
5.7471507538;15.6368780813;-1932.5316526829;-43.0026875374
5.7594572864;16.6991218059;-1931.4513717073;-45.0989846122
5.7717638191;15.8139187020;-1931.2970458537;-45.3784908889
5.7840703518;16.3450405644;-1931.6056975610;-41.7449092925
5.7963768844;16.3450405644;-1933.6119336585;-42.7231812608
5.8086834171;16.3450405644;-1932.3773268293;-42.3039218458
5.8209899497;17.4072842890;-1932.9946302439;-42.7231812608
5.8332964824;18.2924873928;-1932.9946302439;-43.0026875374
5.8456030151;19.0006498759;-1934.8465404878;-42.3039218458
5.8579095477;18.8236092551;-1933.7662595122;-42.5834281224
5.8702160804;18.6465686344;-1932.5316526829;-42.8629343991
5.8825226131;18.8236092551;-1935.4638439024;-41.8846624308
5.8948291457;18.8236092551;-1934.8465404878;-40.6268841859
5.9071356784;19.5317717382;-1935.0008663415;-41.8846624308
5.9194422111;20.0628936005;-1935.1551921951;-39.9281184943
5.9317487437;20.4169748421;-1934.0749112195;-39.6486122177
5.9440552764;20.5940154628;-1933.4576078049;-41.6051561542
5.9563618090;22.0103404290;-1934.0749112195;-39.7883653560
5.9686683417;22.0103404290;-1934.5378887805;-40.7666373243
5.9809748744;22.0103404290;-1934.5378887805;-40.3473779093
5.9932814070;23.2496247744;-1932.8403043902;-38.6703402495
6.0055879397;24.4889091198;-1933.7662595122;-37.6920682812
6.0178944724;25.7281934652;-1932.9946302439;-37.1330557279
6.0302010050;26.0822747067;-1934.2292370732;-34.6174992381
6.0425075377;26.7904371898;-1933.1489560976;-38.8100933878
6.0548140704;27.3215590521;-1933.4576078049;-35.8752774830
6.0671206030;28.0297215352;-1934.0749112195;-34.6174992381
6.0794271357;28.9149246390;-1935.4638439024;-35.3162649297
6.0917336683;29.2690058806;-1934.6922146341;-30.9839176418
6.1040402010;29.2690058806;-1935.6181697561;-29.0273737053
6.1163467337;29.8001277429;-1935.1551921951;-30.9839176418
6.1286532663;30.3312496052;-1935.6181697561;-30.2851519502
6.1409597990;31.2164527091;-1933.9205853659;-29.4466331203
6.1532663317;31.9246151921;-1933.3032819512;-29.3068799819
6.1655728643;32.6327776752;-1934.3835629268;-29.3068799819
6.1778793970;32.2786964337;-1934.2292370732;-27.7695954604
6.1901859296;33.3409401583;-1934.3835629268;-28.4683611520
6.2024924623;33.8720620206;-1933.9205853659;-25.5335452473
6.2147989950;34.2261432622;-1935.3095180488;-24.9745326940
6.2271055276;34.0491026414;-1934.2292370732;-27.9093485987
6.2394120603;34.9343057452;-1933.3032819512;-26.5118172155
6.2517185930;35.1113463660;-1934.3835629268;-25.6732983856
6.2640251256;35.9965494699;-1933.9205853659;-24.2757670024
6.2763316583;36.1735900906;-1933.6119336585;-25.9528046622
6.2886381910;36.8817525737;-1933.7662595122;-25.5335452473
6.3009447236;37.0587931945;-1933.4576078049;-22.8782356192
6.3132512563;37.5899150568;-1933.9205853659;-23.2974950341
6.3255577889;37.9439962983;-1932.8403043902;-23.7167544491
6.3378643216;37.9439962983;-1932.2230009756;-23.7167544491
6.3501708543;38.1210369191;-1935.4638439024;-23.4372481724
6.3624773869;38.2980775399;-1932.8403043902;-22.5987293425
6.3747839196;38.6521587814;-1933.1489560976;-21.4807042360
6.3870904523;38.6521587814;-1933.3032819512;-20.7819385443
6.3993969849;38.6521587814;-1933.4576078049;-21.7602105126
6.4117035176;38.8291994022;-1933.1489560976;-21.2011979593
6.4240100503;38.4751181606;-1933.7662595122;-21.2011979593
6.4363165829;38.6521587814;-1933.4576078049;-19.9434197144
6.4486231156;37.7669556776;-1933.4576078049;-19.5241602995
6.4609296482;38.6521587814;-1931.7600234146;-19.8036665761
6.4732361809;37.9439962983;-1933.9205853659;-23.0179887575
6.4855427136;38.2980775399;-1934.8465404878;-20.9216916827
6.4978492462;37.9439962983;-1932.3773268293;-20.5024322677
6.5101557789;37.9439962983;-1933.9205853659;-22.7384824808
6.5224623116;37.5899150568;-1931.9143492683;-20.5024322677
6.5347688442;38.1210369191;-1931.9143492683;-21.4807042360
6.5470753769;38.1210369191;-1934.3835629268;-23.9962607257
6.5593819095;37.5899150568;-1932.8403043902;-23.4372481724
6.5716884422;37.7669556776;-1933.9205853659;-19.9434197144
6.5839949749;37.7669556776;-1933.9205853659;-19.9434197144
6.5963015075;37.5899150568;-1934.8465404878;-23.9962607257
6.6086080402;37.2358338153;-1934.0749112195;-23.4372481724
6.6209145729;36.8817525737;-1933.7662595122;-22.8782356192
6.6332211055;36.3506307114;-1934.0749112195;-22.0397167892
6.6455276382;37.4128744360;-1934.0749112195;-22.4589762042
6.6578341709;37.2358338153;-1933.4576078049;-21.2011979593
6.6701407035;36.8817525737;-1932.8403043902;-22.5987293425
6.6824472362;37.2358338153;-1933.7662595122;-24.6950264173
6.6947537688;36.8817525737;-1933.6119336585;-23.9962607257
6.7070603015;37.0587931945;-1934.2292370732;-25.5335452473
6.7193668342;36.3506307114;-1933.3032819512;-25.1142858323
6.7316733668;35.6424682283;-1934.3835629268;-26.2323109389
6.7439798995;34.5802245037;-1934.3835629268;-25.6732983856
6.7562864322;35.6424682283;-1934.5378887805;-24.9745326940
6.7685929648;35.1113463660;-1935.0008663415;-25.5335452473
6.7808994975;35.8195088491;-1934.8465404878;-25.9528046622
6.7932060302;34.0491026414;-1933.9205853659;-25.3937921089
6.8055125628;34.2261432622;-1934.2292370732;-26.5118172155
6.8178190955;33.8720620206;-1935.3095180488;-26.6515703538
6.8301256281;34.5802245037;-1936.3897990244;-25.1142858323
6.8424321608;34.4031838829;-1935.9268214634;-29.3068799819
6.8547386935;34.7572651245;-1936.5441248781;-27.2105829071
6.8670452261;33.1638995375;-1935.4638439024;-28.4683611520
6.8793517588;33.3409401583;-1936.3897990244;-25.5335452473
6.8916582915;34.0491026414;-1936.6984507317;-27.9093485987
6.9039648241;33.3409401583;-1935.4638439024;-28.7478674287
6.9162713568;33.6950213998;-1935.6181697561;-28.4683611520
6.9285778894;33.1638995375;-1936.8527765854;-29.4466331203
6.9408844221;32.9868589168;-1935.7724956098;-29.7261393969
6.9531909548;33.1638995375;-1937.0071024390;-25.3937921089
6.9654974874;32.4557370545;-1934.5378887805;-28.6081142903
6.9778040201;32.4557370545;-1935.0008663415;-29.8658925352
6.9901105528;32.4557370545;-1935.0008663415;-28.7478674287
7.0024170854;33.1638995375;-1935.6181697561;-26.6515703538
7.0147236181;33.1638995375;-1936.2354731707;-25.6732983856
7.0270301508;33.3409401583;-1936.2354731707;-24.8347795557
7.0393366834;32.8098182960;-1937.0071024390;-26.3720640772
7.0516432161;33.6950213998;-1935.9268214634;-27.9093485987
7.0639497487;32.9868589168;-1936.8527765854;-26.7913234922
7.0762562814;33.6950213998;-1937.6244058537;-25.6732983856
7.0885628141;34.4031838829;-1935.3095180488;-26.0925578005
7.1008693467;33.8720620206;-1936.3897990244;-25.3937921089
7.1131758794;33.8720620206;-1937.0071024390;-25.6732983856
7.1254824121;34.5802245037;-1936.0811473171;-23.8565075874
7.1377889447;34.0491026414;-1935.1551921951;-21.7602105126
7.1500954774;34.4031838829;-1936.0811473171;-23.9962607257
7.1624020101;34.4031838829;-1937.1614282927;-21.8999636509
7.1747085427;34.7572651245;-1935.4638439024;-22.7384824808
7.1870150754;35.4654276076;-1936.2354731707;-21.4807042360
7.1993216080;35.1113463660;-1937.4700800000;-21.3409510976
7.2116281407;36.5276713322;-1935.4638439024;-18.9651477462
7.2239346734;36.1735900906;-1934.6922146341;-21.6204573743
7.2362412060;36.7047119529;-1935.3095180488;-19.1049008845
7.2485477387;36.8817525737;-1936.2354731707;-19.9434197144
7.2608542714;37.7669556776;-1935.4638439024;-20.2229259911
7.2731608040;37.2358338153;-1935.4638439024;-19.2446540228
7.2854673367;37.2358338153;-1935.0008663415;-17.7073695013
7.2977738693;37.4128744360;-1934.6922146341;-17.8471226396
7.3100804020;36.7047119529;-1935.4638439024;-16.5893443947
7.3223869347;37.2358338153;-1935.4638439024;-15.7508255648
7.3346934673;37.2358338153;-1935.4638439024;-15.7508255648
7.3470000000;37.9439962983;-1934.6922146341;-13.5147753516
7.3593065327;37.9439962983;-1935.1551921951;-14.3532941816
7.3716130653;38.1210369191;-1933.9205853659;-12.2569971068
7.3839195980;38.6521587814;-1934.0749112195;-9.8811937553
7.3962261307;38.4751181606;-1934.2292370732;-11.9774908301
7.4085326633;39.0062400230;-1932.5316526829;-10.8594657235
7.4208391960;38.6521587814;-1935.0008663415;-9.8811937553
7.4331457286;38.8291994022;-1934.5378887805;-8.9029217871
7.4454522613;39.0062400230;-1934.8465404878;-11.5582314152
7.4577587940;39.3603212645;-1933.4576078049;-11.5582314152
7.4700653266;39.0062400230;-1934.0749112195;-11.8377376918
7.4823718593;39.7144025060;-1934.2292370732;-10.7197125852
7.4946783920;39.1832806437;-1934.6922146341;-8.4836623721
7.5069849246;39.3603212645;-1934.8465404878;-10.4402063086
7.5192914573;39.5373618853;-1933.6119336585;-11.8377376918
7.5315979899;40.2455243684;-1932.9946302439;-8.3439092338
7.5439045226;39.1832806437;-1934.3835629268;-7.3656372655
7.5562110553;39.7144025060;-1933.1489560976;-7.2258841272
7.5685175879;39.8914431268;-1932.5316526829;-6.1078590206
7.5808241206;39.3603212645;-1931.9143492683;-5.4090933290
7.5931306533;38.4751181606;-1932.0686751220;-7.5053904038
7.6054371859;39.0062400230;-1932.3773268293;-4.9898339141
7.6177437186;39.7144025060;-1933.7662595122;-8.2041560954
7.6300502513;39.8914431268;-1933.3032819512;-9.3221812020
7.6423567839;39.7144025060;-1933.4576078049;-7.9246498188
7.6546633166;39.3603212645;-1933.1489560976;-7.5053904038
7.6669698492;39.3603212645;-1933.3032819512;-8.4836623721
7.6792763819;39.0062400230;-1932.3773268293;-9.4619343403
7.6915829146;39.5373618853;-1934.3835629268;-9.4619343403
7.7038894472;39.1832806437;-1932.9946302439;-10.0209468936
7.7161959799;38.8291994022;-1932.3773268293;-11.2787251385
7.7285025126;38.6521587814;-1933.7662595122;-9.3221812020
7.7408090452;39.1832806437;-1933.6119336585;-10.9992188619
7.7531155779;39.8914431268;-1932.6859785366;-12.8160096600
7.7654221106;39.7144025060;-1932.9946302439;-10.0209468936
7.7777286432;39.8914431268;-1931.9143492683;-10.4402063086
7.7900351759;39.5373618853;-1933.4576078049;-11.1389720002
7.8023417085;39.5373618853;-1932.2230009756;-11.1389720002
7.8146482412;39.8914431268;-1932.2230009756;-11.4184782768
7.8269547739;39.3603212645;-1933.4576078049;-11.9774908301
7.8392613065;39.3603212645;-1934.0749112195;-12.5365033834
7.8515678392;38.2980775399;-1933.1489560976;-11.8377376918
7.8638743719;39.1832806437;-1932.8403043902;-13.2352690750
7.8761809045;39.0062400230;-1932.8403043902;-12.3967502451
7.8884874372;39.0062400230;-1933.9205853659;-13.2352690750
7.9007939698;39.0062400230;-1935.3095180488;-11.9774908301
7.9131005025;39.3603212645;-1934.5378887805;-15.6110724265
7.9254070352;39.3603212645;-1935.0008663415;-17.4278632246
7.9377135678;39.3603212645;-1934.8465404878;-15.4713192881
7.9500201005;38.1210369191;-1935.1551921951;-17.2881100863
7.9623266332;38.4751181606;-1935.0008663415;-15.4713192881
7.9746331658;38.6521587814;-1935.1551921951;-18.4061351929
7.9869396985;38.6521587814;-1934.6922146341;-16.0303318414
7.9992462312;38.6521587814;-1935.6181697561;-16.7290975330
8.0115527638;38.2980775399;-1934.8465404878;-17.5676163630
8.0238592965;37.7669556776;-1936.8527765854;-18.4061351929
8.0361658291;38.4751181606;-1935.1551921951;-17.4278632246
8.0484723618;38.2980775399;-1935.4638439024;-19.9434197144
8.0607788945;37.9439962983;-1934.6922146341;-20.0831728527
8.0730854271;38.6521587814;-1937.7787317073;-16.5893443947
8.0853919598;37.4128744360;-1935.6181697561;-17.5676163630
8.0976984925;37.9439962983;-1936.6984507317;-17.5676163630
8.1100050251;37.2358338153;-1936.0811473171;-17.4278632246
8.1223115578;38.1210369191;-1936.6984507317;-15.8905787031
8.1346180905;37.2358338153;-1936.2354731707;-16.4495912564
8.1469246231;36.5276713322;-1937.3157541463;-15.6110724265
8.1592311558;37.4128744360;-1937.6244058537;-17.9868757779
8.1715376884;36.8817525737;-1937.0071024390;-17.7073695013
8.1838442211;37.0587931945;-1937.0071024390;-17.0086038097
8.1961507538;36.5276713322;-1937.3157541463;-17.2881100863
8.2084572864;35.6424682283;-1938.0873834146;-16.4495912564
8.2207638191;35.6424682283;-1937.3157541463;-17.2881100863
8.2330703518;36.1735900906;-1935.9268214634;-17.9868757779
8.2453768844;34.9343057452;-1937.9330575610;-16.7290975330
8.2576834171;36.1735900906;-1937.4700800000;-17.1483569480
8.2699899497;36.7047119529;-1936.6984507317;-16.1700849798
8.2822964824;35.9965494699;-1935.9268214634;-16.1700849798
8.2946030151;36.3506307114;-1936.6984507317;-14.3532941816
8.3069095477;35.4654276076;-1938.3960351220;-12.8160096600
8.3192160804;36.3506307114;-1935.7724956098;-13.5147753516
8.3315226131;36.3506307114;-1936.5441248781;-14.0737879049
8.3438291457;36.7047119529;-1935.9268214634;-11.8377376918
8.3561356784;36.1735900906;-1936.8527765854;-11.1389720002
8.3684422111;35.8195088491;-1937.1614282927;-12.1172439684
8.3807487437;36.7047119529;-1936.3897990244;-10.5799594469
8.3930552764;35.9965494699;-1936.5441248781;-10.4402063086
8.4053618090;36.1735900906;-1937.4700800000;-9.6016874787
8.4176683417;36.1735900906;-1936.5441248781;-9.6016874787
8.4299748744;37.0587931945;-1936.3897990244;-7.2258841272
8.4422814070;36.5276713322;-1937.0071024390;-5.2693401907
8.4545879397;35.6424682283;-1936.5441248781;-8.3439092338
8.4668944724;36.3506307114;-1935.9268214634;-6.2476121590
8.4792010050;36.5276713322;-1935.7724956098;-3.5923025309
8.4915075377;35.8195088491;-1936.0811473171;-3.4525493925
8.5038140704;35.8195088491;-1935.1551921951;-5.5488464673
8.5161206030;35.9965494699;-1935.6181697561;-3.0332899776
8.5284271357;36.1735900906;-1935.7724956098;-3.1730431159
8.5407336683;35.6424682283;-1933.9205853659;-1.6357585944
8.5530402010;35.9965494699;-1935.9268214634;-2.7537837009
8.5653467337;36.1735900906;-1934.8465404878;-0.2382272111
8.5776532663;35.8195088491;-1933.3032819512;-2.0550180093
8.5899597990;36.3506307114;-1932.9946302439;-1.9152648710
8.6022663317;35.2883869868;-1932.3773268293;-0.9369929027
8.6145728643;36.3506307114;-1932.9946302439;1.5785635870
8.6268793970;36.5276713322;-1933.1489560976;1.4388104487
8.6391859296;35.8195088491;-1932.5316526829;-2.7537837009
8.6514924623;36.3506307114;-1933.1489560976;-0.9369929027
8.6637989950;36.7047119529;-1932.5316526829;1.2990573104
8.6761055276;36.1735900906;-1933.4576078049;2.1375761403
8.6884120603;35.9965494699;-1932.8403043902;3.1158481086
8.7007185930;35.9965494699;-1932.6859785366;1.5785635870
8.7130251256;36.7047119529;-1932.5316526829;-0.2382272111
8.7253316583;36.7047119529;-1931.4513717073;2.4170824170
8.7376381910;35.9965494699;-1933.1489560976;3.6748606618
8.7499447236;36.3506307114;-1931.7600234146;1.8580698637
8.7622512563;35.8195088491;-1933.1489560976;2.5568355553
8.7745577889;35.8195088491;-1932.0686751220;2.6965886936
8.7868643216;35.6424682283;-1932.0686751220;2.9760949702
8.7991708543;35.1113463660;-1932.5316526829;2.8363418319
8.8114773869;35.2883869868;-1933.7662595122;1.9978230020
8.8237839196;35.2883869868;-1932.5316526829;1.7183167254
8.8360904523;35.9965494699;-1931.7600234146;3.5351075235
8.8483969849;35.4654276076;-1931.6056975610;3.1158481086
8.8607035176;35.4654276076;-1932.0686751220;3.3953543852
8.8730100503;35.2883869868;-1930.6797424390;2.6965886936
8.8853165829;35.8195088491;-1931.7600234146;3.3953543852
8.8976231156;35.8195088491;-1931.1427200000;3.9543669385
8.9099296482;36.7047119529;-1931.9143492683;1.2990573104
8.9222361809;35.9965494699;-1932.6859785366;-0.5177334878
8.9345427136;36.1735900906;-1932.6859785366;1.5785635870
8.9468492462;36.1735900906;-1934.5378887805;0.3207853421
8.9591557789;36.7047119529;-1932.5316526829;1.2990573104
8.9714623116;36.3506307114;-1934.6922146341;-1.2164991794
8.9837688442;36.3506307114;-1932.9946302439;-1.0767460411
8.9960753769;36.1735900906;-1933.4576078049;-2.7537837009
9.0083819095;35.8195088491;-1934.2292370732;-0.0984740728
9.0206884422;36.1735900906;-1933.6119336585;-1.2164991794
9.0329949749;35.9965494699;-1933.6119336585;-0.0984740728
9.0453015075;36.7047119529;-1934.2292370732;-3.7320556692
9.0576080402;36.7047119529;-1934.2292370732;-5.1295870524
9.0699145729;36.5276713322;-1935.4638439024;-3.0332899776
9.0822211055;36.3506307114;-1934.6922146341;-1.3562523177
9.0945276382;36.3506307114;-1934.0749112195;-2.4742774243
9.1068341709;36.5276713322;-1935.0008663415;-3.5923025309
9.1191407035;35.9965494699;-1934.2292370732;-3.3127962542
9.1314472362;36.5276713322;-1934.2292370732;-4.2910682225
9.1437537688;36.8817525737;-1935.9268214634;-5.1295870524
9.1560603015;36.7047119529;-1935.6181697561;-4.1513150841
9.1683668342;36.3506307114;-1936.5441248781;-3.8718088075
9.1806733668;37.4128744360;-1935.7724956098;-4.7103276374
9.1929798995;37.0587931945;-1935.1551921951;-7.3656372655
9.2052864322;36.5276713322;-1936.3897990244;-8.4836623721
9.2175929648;36.7047119529;-1936.8527765854;-7.9246498188
9.2298994975;36.1735900906;-1936.8527765854;-6.2476121590
9.2422060302;36.8817525737;-1937.7787317073;-6.3873652973
9.2545125628;36.7047119529;-1938.2417092683;-6.1078590206
9.2668190955;37.0587931945;-1936.3897990244;-6.8066247122
9.2791256281;36.5276713322;-1937.4700800000;-6.9463778506
9.2914321608;36.1735900906;-1936.6984507317;-7.3656372655
9.3037386935;35.9965494699;-1936.8527765854;-8.0644029571
9.3160452261;36.1735900906;-1937.9330575610;-7.0861309889
9.3283517588;35.9965494699;-1937.4700800000;-5.8283527440
9.3406582915;35.2883869868;-1937.7787317073;-6.2476121590
9.3529648241;35.2883869868;-1938.2417092683;-5.9681058823
9.3652713568;35.1113463660;-1938.0873834146;-5.4090933290
9.3775778894;35.2883869868;-1937.3157541463;-6.8066247122
9.3898844221;34.7572651245;-1936.3897990244;-6.9463778506
9.4021909548;34.5802245037;-1938.2417092683;-5.1295870524
9.4144974874;34.9343057452;-1935.7724956098;-4.0115619458
9.4268040201;34.7572651245;-1936.8527765854;-3.8718088075
9.4391105528;33.6950213998;-1937.1614282927;-3.4525493925
9.4514170854;33.5179807791;-1937.1614282927;-6.5271184356
9.4637236181;33.8720620206;-1937.1614282927;-4.1513150841
9.4760301508;33.1638995375;-1937.1614282927;-2.3345242860
9.4883366834;32.6327776752;-1936.6984507317;-0.7972397644
9.5006432161;32.8098182960;-1937.3157541463;-4.0115619458
9.5129497487;32.2786964337;-1937.3157541463;-0.3779803495
9.5252562814;32.2786964337;-1937.3157541463;-0.0984740728
9.5375628141;31.3934933298;-1936.5441248781;1.1593041721
9.5498693467;31.3934933298;-1937.9330575610;-0.7972397644
9.5621758794;30.3312496052;-1937.9330575610;1.2990573104
9.5744824121;30.3312496052;-1937.4700800000;1.1593041721
9.5867889447;29.6230871221;-1936.2354731707;3.6748606618
9.5990954774;29.4460465014;-1937.3157541463;3.8146138002
9.6114020101;29.8001277429;-1936.8527765854;4.3736263535
9.6237085427;29.8001277429;-1936.2354731707;4.2338732151
9.6360150754;29.6230871221;-1936.2354731707;3.1158481086
9.6483216080;28.5608433975;-1936.0811473171;5.6314045983
9.6606281407;28.5608433975;-1936.2354731707;6.7494297049
9.6729346734;28.3838027767;-1937.0071024390;8.2867142264
9.6852412060;27.6756402937;-1935.4638439024;6.8891828432
9.6975477387;28.3838027767;-1936.2354731707;8.1469610881
9.7098542714;27.6756402937;-1934.6922146341;8.7059736414
9.7221608040;27.6756402937;-1935.3095180488;8.5662205031
9.7344673367;26.4363559483;-1935.0008663415;9.9637518863
9.7467738693;26.7904371898;-1935.0008663415;9.9637518863
9.7590804020;27.3215590521;-1934.2292370732;9.1252330564
9.7713869347;26.4363559483;-1934.6922146341;10.5227644396
9.7836934673;25.7281934652;-1933.3032819512;9.9637518863
9.7960000000;25.7281934652;-1932.3773268293;11.0817769929
9.8083065327;25.9052340860;-1933.3032819512;11.5010364078
9.8206130653;25.3741122236;-1931.4513717073;12.1998020994
9.8329195980;25.1970716029;-1931.9143492683;13.0383209294
9.8452261307;25.0200309821;-1932.8403043902;10.9420238545
9.8575326633;24.3118684990;-1931.4513717073;15.2743711425
9.8698391960;23.2496247744;-1930.5254165854;12.3395552378
9.8821457286;23.4266653952;-1931.7600234146;12.7588146527
9.8944522613;23.9577872575;-1930.6797424390;13.8768397593
9.9067587940;24.1348278782;-1930.9883941463;15.1346180042
9.9190653266;23.9577872575;-1931.1427200000;15.4141242808
9.9313718593;23.4266653952;-1930.9883941463;12.3395552378
9.9436783920;24.8429903613;-1930.9883941463;13.7370866210
9.9559849246;24.4889091198;-1930.9883941463;12.8985677910
9.9682914573;23.6037060159;-1930.9883941463;15.9731368341
9.9805979899;24.3118684990;-1930.0624390244;13.4575803443
9.9929045226;24.3118684990;-1931.9143492683;12.8985677910
10.0052110553;24.3118684990;-1929.1364839024;12.7588146527
10.0175175879;25.0200309821;-1930.2167648781;12.0600489611
10.0298241206;24.6659497406;-1930.0624390244;14.7153585892
10.0421306533;24.4889091198;-1931.1427200000;11.5010364078
10.0544371859;24.8429903613;-1929.9081131707;12.1998020994
10.0667437186;24.4889091198;-1931.7600234146;11.6407895462
10.0790502513;24.6659497406;-1931.2970458537;13.0383209294
10.0913567839;25.0200309821;-1931.2970458537;11.3612832695
10.1036633166;24.1348278782;-1931.1427200000;11.6407895462
10.1159698492;24.8429903613;-1931.1427200000;12.0600489611
10.1282763819;24.8429903613;-1932.0686751220;12.0600489611
10.1405829146;25.3741122236;-1932.0686751220;12.7588146527
10.1528894472;25.3741122236;-1932.0686751220;10.5227644396
10.1651959799;25.1970716029;-1931.1427200000;11.3612832695
10.1775025126;25.3741122236;-1931.9143492683;11.0817769929
10.1898090452;26.0822747067;-1934.0749112195;9.9637518863
10.2021155779;25.7281934652;-1932.8403043902;11.2215301312
10.2144221106;26.4363559483;-1932.8403043902;7.0289359816
10.2267286432;26.4363559483;-1933.7662595122;9.1252330564
10.2390351759;26.6133965690;-1934.3835629268;8.4264673648
10.2513417085;26.7904371898;-1934.6922146341;7.4481953965
10.2636482412;27.1445184313;-1933.4576078049;7.4481953965
10.2759547739;27.1445184313;-1934.0749112195;11.6407895462
10.2882613065;26.9674778106;-1934.6922146341;8.0072079498
10.3005678392;27.4985996729;-1936.3897990244;7.4481953965
10.3128743719;26.2593153275;-1935.1551921951;8.9854799180
10.3251809045;26.9674778106;-1934.6922146341;8.2867142264
10.3374874372;27.3215590521;-1935.9268214634;6.7494297049
10.3497939698;27.3215590521;-1934.6922146341;7.1686891199
10.3621005025;27.1445184313;-1933.9205853659;10.2432581629
10.3744070352;27.6756402937;-1935.6181697561;7.5879485348
10.3867135678;26.7904371898;-1935.4638439024;7.4481953965
10.3990201005;26.6133965690;-1935.9268214634;6.0506640133
10.4113266332;26.9674778106;-1935.6181697561;7.0289359816
10.4236331658;26.7904371898;-1937.1614282927;5.7711577367
10.4359396985;26.0822747067;-1936.5441248781;6.0506640133
10.4482462312;26.6133965690;-1938.3960351220;3.6748606618
10.4605527638;27.3215590521;-1938.7046868293;7.7277016732
10.4728592965;26.4363559483;-1937.1614282927;6.1904171516
10.4851658291;26.6133965690;-1938.0873834146;5.4916514600
10.4974723618;25.7281934652;-1937.7787317073;7.3084422582
10.5097788945;25.7281934652;-1937.3157541463;5.7711577367
10.5220854271;26.0822747067;-1937.4700800000;7.8674548115
10.5343919598;25.3741122236;-1938.7046868293;7.4481953965
10.5466984925;25.1970716029;-1937.7787317073;6.4699234283
10.5590050251;24.3118684990;-1937.1614282927;7.5879485348
10.5713115578;24.1348278782;-1937.7787317073;8.0072079498
10.5836180905;23.6037060159;-1936.8527765854;8.9854799180
10.5959246231;22.3644216705;-1938.3960351220;9.6842456097
10.6082311558;22.0103404290;-1937.4700800000;8.9854799180
10.6205376884;21.1251373252;-1937.3157541463;10.2432581629
10.6328442211;20.9480967044;-1936.8527765854;9.4047393330
10.6451507538;20.5940154628;-1939.3219902439;8.8457267797
10.6574572864;19.3547311174;-1936.8527765854;11.5010364078
10.6697638191;19.8858529798;-1937.1614282927;10.2432581629
10.6820703518;18.4695280136;-1937.7787317073;12.3395552378
10.6943768844;18.1154467721;-1936.3897990244;10.8022707162
10.7066834171;16.8761624267;-1937.6244058537;11.3612832695
10.7189899497;16.5220811851;-1937.0071024390;12.4793083761
10.7312964824;15.2827968397;-1935.4638439024;12.1998020994
10.7436030151;14.3975937359;-1935.9268214634;11.6407895462
10.7559095477;13.5123906320;-1936.0811473171;11.9202958228
10.7682160804;12.9812687697;-1935.1551921951;15.2743711425
10.7805226131;12.0960656659;-1934.6922146341;14.9948648659
10.7928291457;11.9190250451;-1935.4638439024;15.1346180042
10.8051356784;11.0338219412;-1933.4576078049;15.5538774191
10.8174422111;10.6797406997;-1934.5378887805;15.1346180042
10.8297487437;9.0863751128;-1932.8403043902;16.3923962491
10.8420552764;7.8470907674;-1933.1489560976;16.1128899724
10.8543618090;8.0241313881;-1932.2230009756;16.5321493874
10.8666683417;6.9618876635;-1932.3773268293;18.6284464622
10.8789748744;6.7848470427;-1932.3773268293;18.0694339089
10.8912814070;6.0766845597;-1932.8403043902;16.6719025257
10.9035879397;5.1914814558;-1933.6119336585;18.9079527388
10.9158944724;4.3062783520;-1931.7600234146;19.4669652921
10.9282010050;4.1292377312;-1932.6859785366;19.0477058772
10.9405075377;3.4210752481;-1931.2970458537;18.7681996005
10.9528140704;2.1817909027;-1930.8340682927;18.7681996005
10.9651206030;1.8277096612;-1930.3710907317;19.6067184305
10.9774271357;1.8277096612;-1929.9081131707;18.0694339089
10.9897336683;1.4736284196;-1929.2908097561;20.1657309837
11.0020402010;0.4113846950;-1930.0624390244;20.7247435370
11.0143467337;-0.2967777881;-1930.5254165854;21.8427686436
11.0266532663;-0.8278996504;-1930.2167648781;19.0477058772
11.0389597990;-0.6508590296;-1928.6735063415;21.2837560903
11.0512663317;-0.2967777881;-1929.9081131707;21.0042498137
11.0635728643;-0.2967777881;-1929.2908097561;18.0694339089
11.0758793970;-1.0049402711;-1928.6735063415;20.8644966753
11.0881859296;-0.2967777881;-1928.8278321951;19.8862247071
11.1004924623;-1.0049402711;-1927.5932253659;19.3272121538
11.1127989950;-0.1197371673;-1928.5191804878;20.1657309837
11.1251055276;-1.5360621335;-1929.5994614634;20.8644966753
11.1374120603;-1.1819808919;-1928.9821580488;17.6501744940
11.1497185930;-1.7131027542;-1928.5191804878;19.3272121538
11.1620251256;-1.5360621335;-1927.9018770732;19.4669652921
11.1743316583;-1.5360621335;-1929.9081131707;21.0042498137
11.1866381910;-2.2442246165;-1929.7537873171;21.1440029520
11.1989447236;-2.0671839958;-1929.7537873171;18.4886933239
11.2112512563;-1.5360621335;-1928.5191804878;19.7464715688
11.2235577889;-1.3590215127;-1929.1364839024;22.1222749202
11.2358643216;-1.3590215127;-1928.3648546341;19.3272121538
11.2481708543;-0.8278996504;-1928.5191804878;20.1657309837
11.2604773869;-1.1819808919;-1927.5932253659;20.1657309837
11.2727839196;-0.2967777881;-1928.3648546341;19.6067184305
11.2850904523;-0.6508590296;-1928.9821580488;19.3272121538
11.2973969849;-1.1819808919;-1928.3648546341;21.8427686436
11.3097035176;-0.4738184088;-1930.0624390244;19.4669652921
11.3220100503;0.5884253158;-1928.8278321951;18.9079527388
11.3343165829;0.5884253158;-1929.7537873171;20.3054841221
11.3466231156;0.9425065573;-1930.0624390244;21.0042498137
11.3589296482;1.1195471781;-1930.8340682927;21.2837560903
11.3712361809;1.4736284196;-1930.5254165854;17.9296807706
11.3835427136;1.8277096612;-1931.1427200000;20.0259778454
11.3958492462;2.7129127650;-1931.4513717073;18.2091870472
11.4081557789;2.8899533858;-1930.9883941463;20.5849903987
11.4204623116;2.3588315235;-1931.4513717073;17.3706682173
11.4327688442;3.2440346273;-1933.4576078049;18.4886933239
11.4450753769;3.9521971104;-1932.6859785366;18.6284464622
11.4573819095;3.9521971104;-1931.6056975610;16.3923962491
11.4696884422;3.7751564897;-1932.9946302439;15.9731368341
11.4819949749;3.5981158689;-1934.3835629268;16.8116556640
11.4943015075;4.1292377312;-1932.8403043902;16.2526431107
11.5066080402;3.5981158689;-1934.8465404878;15.9731368341
11.5189145729;3.4210752481;-1933.3032819512;16.1128899724
11.5312211055;4.1292377312;-1934.2292370732;16.9514088024
11.5435276382;3.7751564897;-1934.3835629268;19.4669652921
11.5558341709;4.4833189727;-1933.7662595122;15.9731368341
11.5681407035;3.2440346273;-1934.3835629268;17.2309150790
11.5804472362;4.4833189727;-1933.3032819512;17.2309150790
11.5927537688;4.4833189727;-1934.8465404878;17.6501744940
11.6050603015;4.1292377312;-1935.6181697561;14.9948648659
11.6173668342;3.7751564897;-1935.3095180488;15.2743711425
11.6296733668;3.9521971104;-1934.5378887805;17.0911619407
11.6419798995;3.4210752481;-1932.8403043902;18.3489401856
11.6542864322;3.9521971104;-1934.3835629268;16.2526431107
11.6665929648;2.7129127650;-1935.3095180488;15.1346180042
11.6788994975;2.8899533858;-1935.3095180488;14.8551117275
11.6912060302;1.6506690404;-1935.6181697561;16.1128899724
11.7035125628;1.8277096612;-1935.7724956098;15.9731368341
11.7158190955;1.6506690404;-1935.4638439024;17.0911619407
11.7281256281;0.2343440742;-1935.0008663415;13.4575803443
11.7404321608;-1.0049402711;-1936.0811473171;14.5756054509
11.7527386935;-1.5360621335;-1933.4576078049;17.0911619407
11.7650452261;-2.9523870996;-1935.7724956098;16.1128899724
11.7773517588;-3.1294277204;-1934.5378887805;15.9731368341
11.7896582915;-3.6605495827;-1935.9268214634;16.3923962491
11.8019648241;-4.8998339281;-1935.6181697561;16.1128899724
11.8142713568;-5.7850370319;-1935.4638439024;17.7899276323
11.8265778894;-6.6702401358;-1933.4576078049;18.7681996005
11.8388844221;-7.2013619981;-1933.9205853659;16.8116556640
11.8511909548;-8.6176869643;-1934.6922146341;14.9948648659
11.8634974874;-10.2110525512;-1933.1489560976;16.3923962491
11.8758040201;-10.7421744135;-1933.9205853659;12.7588146527
11.8881105528;-11.2732962758;-1932.8403043902;13.8768397593
11.9004170854;-12.3355400005;-1933.7662595122;15.2743711425
11.9127236181;-13.2207431043;-1932.2230009756;14.9948648659
11.9250301508;-13.9289055874;-1932.6859785366;14.7153585892
11.9373366834;-15.5222711743;-1932.2230009756;15.6936305575
11.9496432161;-16.4074742782;-1931.7600234146;15.1346180042
11.9619497487;-17.1156367613;-1932.9946302439;14.9948648659
11.9742562814;-18.5319617274;-1932.3773268293;15.6936305575
11.9865628141;-19.0630835897;-1932.2230009756;16.9514088024
11.9988693467;-19.9482866936;-1930.6797424390;16.1128899724
12.0111758794;-20.3023679351;-1929.9081131707;14.8551117275
12.0234824121;-21.1875710390;-1929.2908097561;14.0165928976
12.0357889447;-22.2498147636;-1928.6735063415;14.2960991743
12.0480954774;-23.8431803505;-1927.7475512195;16.5321493874
12.0604020101;-24.7283834544;-1927.2845736585;14.2960991743
12.0727085427;-24.7283834544;-1928.0562029268;15.6936305575
12.0850150754;-25.7906271790;-1928.2105287805;15.4141242808
12.0973216080;-26.1447084205;-1928.2105287805;13.5973334826
12.1096281407;-27.3839927659;-1928.6735063415;14.5756054509
12.1219346734;-27.5610333867;-1927.2845736585;14.5756054509
12.1342412060;-27.9151146282;-1925.7413151220;14.9948648659
12.1465477387;-28.6232771113;-1926.2042926829;15.1346180042
12.1588542714;-29.1543989736;-1927.4388995122;14.0165928976
12.1711608040;-29.3314395944;-1927.4388995122;14.4358523126
12.1834673367;-30.3936833190;-1925.7413151220;12.0600489611
12.1957738693;-29.6855208360;-1926.3586185366;13.0383209294
12.2080804020;-29.8625614567;-1926.9759219512;13.1780740677
12.2203869347;-30.9248051813;-1925.1240117073;14.9948648659
12.2326934673;-30.3936833190;-1924.9696858537;16.2526431107
12.2450000000;-31.2788864229;-1926.2042926829;13.4575803443
12.2573065327;-31.4559270437;-1925.4326634146;14.5756054509
12.2696130653;-30.9248051813;-1924.8153600000;11.6407895462
12.2819195980;-31.8100082852;-1923.5807531707;14.8551117275
12.2942261307;-31.6329676644;-1924.8153600000;15.5538774191
12.3065326633;-32.1640895267;-1924.3523824390;14.1563460359
12.3188391960;-32.3411301475;-1925.2783375610;11.9202958228
12.3311457286;-31.8100082852;-1924.1980565854;12.7588146527
12.3434522613;-33.0492926306;-1924.9696858537;13.5973334826
12.3557587940;-31.6329676644;-1924.3523824390;13.4575803443
12.3680653266;-31.6329676644;-1926.0499668293;15.4141242808
12.3803718593;-31.4559270437;-1924.9696858537;10.3830113013
12.3926783920;-32.3411301475;-1924.9696858537;14.0165928976
12.4049849246;-31.8100082852;-1924.8153600000;14.1563460359
12.4172914573;-32.3411301475;-1924.3523824390;12.4793083761
12.4295979899;-30.9248051813;-1926.6672702439;14.2960991743
12.4419045226;-30.5707239398;-1925.5869892683;13.8768397593
12.4542110553;-30.0396020775;-1925.2783375610;13.7370866210
12.4665175879;-29.6855208360;-1925.8956409756;13.0383209294
12.4788241206;-29.5084802152;-1924.8153600000;13.5973334826
12.4911306533;-28.9773583529;-1926.5129443902;11.6407895462
12.5034371859;-28.6232771113;-1925.5869892683;13.3178272060
12.5157437186;-28.4462364906;-1925.5869892683;12.4793083761
12.5280502513;-27.5610333867;-1926.9759219512;12.8985677910
12.5403567839;-27.9151146282;-1927.7475512195;12.3395552378
12.5526633166;-27.2069521452;-1927.4388995122;14.2960991743
12.5649698492;-26.8528709036;-1928.8278321951;14.1563460359
12.5772763819;-26.4987896621;-1927.2845736585;10.9420238545
12.5895829146;-25.7906271790;-1927.5932253659;13.3178272060
12.6018894472;-26.4987896621;-1929.1364839024;12.0600489611
12.6141959799;-25.6135865582;-1929.9081131707;13.0383209294
12.6265025126;-24.3743022128;-1930.6797424390;12.0600489611
12.6388090452;-24.3743022128;-1929.1364839024;12.8985677910
12.6511155779;-24.0202209713;-1931.4513717073;10.9420238545
12.6634221106;-23.3120584882;-1930.2167648781;13.3178272060
12.6757286432;-23.3120584882;-1931.7600234146;13.7370866210
12.6880351759;-22.4268553844;-1932.2230009756;14.0165928976
12.7003417085;-22.6038960051;-1933.7662595122;11.9202958228
12.7126482412;-23.3120584882;-1931.7600234146;12.1998020994
12.7249547739;-22.2498147636;-1931.4513717073;13.4575803443
12.7372613065;-22.7809366259;-1931.1427200000;12.7588146527
12.7495678392;-21.8957335221;-1932.0686751220;14.2960991743
12.7618743719;-21.7186929013;-1932.9946302439;16.3923962491
12.7741809045;-22.6038960051;-1930.6797424390;12.4793083761
12.7864874372;-22.2498147636;-1932.2230009756;15.8333836958
12.7987939698;-21.7186929013;-1930.9883941463;13.8768397593
12.8111005025;-22.2498147636;-1932.0686751220;14.8551117275
12.8234070352;-22.6038960051;-1933.7662595122;14.1563460359
12.8357135678;-23.1350178674;-1932.8403043902;12.0600489611
12.8480201005;-22.4268553844;-1932.5316526829;13.5973334826
12.8603266332;-22.9579772467;-1932.9946302439;11.0817769929
12.8726331658;-23.8431803505;-1932.5316526829;10.6625175779
12.8849396985;-23.3120584882;-1932.8403043902;8.4264673648
12.8972462312;-24.0202209713;-1933.6119336585;9.5444924713
12.9095527638;-24.9054240752;-1932.6859785366;9.1252330564
12.9218592965;-24.9054240752;-1933.1489560976;8.7059736414
12.9341658291;-25.2595053167;-1932.8403043902;10.9420238545
12.9464723618;-26.3217490413;-1932.5316526829;8.2867142264
12.9587788945;-27.7380740075;-1931.7600234146;7.4481953965
12.9710854271;-27.7380740075;-1933.1489560976;4.9326389067
12.9833919598;-29.8625614567;-1931.4513717073;7.3084422582
12.9956984925;-28.8003177321;-1932.5316526829;5.9109108750
13.0080050251;-28.8003177321;-1932.5316526829;6.6096765666
13.0203115578;-29.8625614567;-1932.5316526829;7.1686891199
13.0326180905;-30.3936833190;-1933.1489560976;4.6531326301
13.0449246231;-31.8100082852;-1931.9143492683;6.4699234283
13.0572311558;-31.6329676644;-1931.9143492683;7.1686891199
13.0695376884;-32.6952113890;-1932.0686751220;4.6531326301
13.0818442211;-33.7574551137;-1930.0624390244;4.7928857684
13.0941507538;-34.2885769760;-1930.5254165854;1.8580698637
13.1064572864;-34.8196988383;-1930.3710907317;2.9760949702
13.1187638191;-35.5278613214;-1931.2970458537;0.4605384805
13.1310703518;-36.5901050460;-1929.2908097561;1.8580698637
13.1433768844;-37.4753081498;-1930.8340682927;2.9760949702
13.1556834171;-37.8293893914;-1929.5994614634;1.7183167254
13.1679899497;-39.2457143576;-1928.8278321951;0.6002916188
13.1802964824;-39.0686737368;-1928.2105287805;1.1593041721
13.1926030151;-38.7145924952;-1928.8278321951;1.1593041721
13.2049095477;-40.3079580822;-1927.7475512195;1.2990573104
13.2172160804;-41.1931611860;-1925.8956409756;-0.2382272111
13.2295226131;-41.3702018068;-1926.6672702439;-1.2164991794
13.2418291457;-41.5472424276;-1926.8215960976;-0.0984740728
13.2541356784;-42.2554049107;-1926.9759219512;-0.5177334878
13.2664422111;-42.7865267730;-1925.2783375610;0.6002916188
13.2787487437;-43.3176486353;-1925.8956409756;-0.6574866261
13.2910552764;-43.8487704976;-1926.3586185366;-0.7972397644
13.3033618090;-44.0258111184;-1925.7413151220;0.4605384805
13.3156683417;-44.2028517391;-1926.3586185366;1.1593041721
13.3279748744;-44.2028517391;-1926.0499668293;-0.5177334878
13.3402814070;-44.9110142222;-1923.8894048781;-1.4960054560
13.3525879397;-45.2650954637;-1925.5869892683;-1.2164991794
13.3648944724;-44.7339736014;-1922.9634497561;-0.2382272111
13.3772010050;-45.2650954637;-1925.1240117073;-2.0550180093
13.3895075377;-46.6814204299;-1923.5807531707;-0.3779803495
13.4018140704;-46.3273391884;-1924.1980565854;-1.4960054560
13.4141206030;-45.7962173261;-1923.8894048781;-2.0550180093
13.4264271357;-46.5043798091;-1923.4264273171;-1.6357585944
13.4387336683;-46.1502985676;-1923.7350790244;-1.3562523177
13.4510402010;-45.9732579468;-1921.8831687805;-1.6357585944
13.4633467337;-46.1502985676;-1921.8831687805;-0.2382272111
13.4756532663;-46.6814204299;-1923.4264273171;-0.2382272111
13.4879597990;-46.6814204299;-1922.8091239024;-0.0984740728
13.5002663317;-46.6814204299;-1922.6547980488;0.3207853421
13.5125728643;-46.8584610507;-1924.3523824390;-0.6574866261
13.5248793970;-46.1502985676;-1922.3461463415;0.7400447571
13.5371859296;-46.3273391884;-1923.5807531707;0.8797978954
13.5494924623;-45.4421360845;-1923.4264273171;-0.5177334878
13.5617989950;-45.9732579468;-1922.9634497561;-0.2382272111
13.5741055276;-45.4421360845;-1922.1918204878;-0.3779803495
13.5864120603;-44.9110142222;-1923.7350790244;3.2556012469
13.5987185930;-45.2650954637;-1924.1980565854;1.9978230020
13.6110251256;-44.7339736014;-1924.0437307317;1.7183167254
13.6233316583;-43.3176486353;-1924.1980565854;0.8797978954
13.6356381910;-43.3176486353;-1924.8153600000;2.2773292786
13.6479447236;-44.7339736014;-1923.8894048781;2.6965886936
13.6602512563;-43.3176486353;-1924.9696858537;1.8580698637
13.6725577889;-43.3176486353;-1925.7413151220;4.5133794918
13.6848643216;-41.7242830483;-1927.2845736585;3.3953543852
13.6971708543;-42.0783642899;-1926.2042926829;1.1593041721
13.7094773869;-41.7242830483;-1927.2845736585;2.9760949702
13.7217839196;-40.8390799445;-1927.1302478049;2.1375761403
13.7340904523;-40.8390799445;-1925.8956409756;3.1158481086
13.7463969849;-40.4849987029;-1925.8956409756;2.8363418319
13.7587035176;-39.7768362199;-1926.5129443902;2.4170824170
13.7710100503;-40.1309174614;-1927.2845736585;3.8146138002
13.7833165829;-38.7145924952;-1928.0562029268;6.1904171516
13.7956231156;-38.0064300122;-1928.0562029268;2.6965886936
13.8079296482;-38.1834706329;-1929.5994614634;4.0941200768
13.8202361809;-37.2982675291;-1929.4451356098;3.8146138002
13.8325427136;-37.8293893914;-1929.2908097561;3.8146138002
13.8448492462;-36.4130644252;-1928.0562029268;3.3953543852
13.8571557789;-35.8819425629;-1928.8278321951;5.2121451834
13.8694623116;-35.3508207006;-1929.1364839024;4.7928857684
13.8817688442;-35.1737800798;-1930.3710907317;4.0941200768
13.8940753769;-33.9344957344;-1932.0686751220;5.3518983217
13.9063819095;-34.4656175968;-1930.9883941463;3.1158481086
13.9186884422;-33.7574551137;-1930.2167648781;4.6531326301
13.9309949749;-34.2885769760;-1931.9143492683;5.4916514600
13.9433015075;-33.5804144929;-1931.7600234146;4.5133794918
13.9556080402;-33.5804144929;-1930.0624390244;1.9978230020
13.9679145729;-33.5804144929;-1933.3032819512;1.1593041721
13.9802211055;-33.5804144929;-1931.6056975610;2.4170824170
13.9925276382;-33.4033738721;-1931.2970458537;3.9543669385
14.0048341709;-32.8722520098;-1933.6119336585;4.5133794918
14.0171407035;-34.1115363552;-1931.1427200000;5.2121451834
14.0294472362;-34.6426582175;-1932.6859785366;2.9760949702
14.0417537688;-33.9344957344;-1932.6859785366;1.2990573104
14.0540603015;-34.2885769760;-1932.6859785366;0.7400447571
14.0663668342;-35.1737800798;-1931.6056975610;0.8797978954
14.0786733668;-34.4656175968;-1932.9946302439;1.1593041721
14.0909798995;-34.4656175968;-1932.9946302439;1.4388104487
14.1032864322;-35.3508207006;-1933.3032819512;0.4605384805
14.1155929648;-35.3508207006;-1932.9946302439;-0.3779803495
14.1278994975;-36.2360238045;-1932.5316526829;2.1375761403
14.1402060302;-35.8819425629;-1933.3032819512;-1.6357585944
14.1525125628;-37.2982675291;-1932.6859785366;-0.5177334878
14.1648190955;-37.4753081498;-1931.6056975610;-0.9369929027
14.1771256281;-37.6523487706;-1932.2230009756;-3.7320556692
14.1894321608;-38.0064300122;-1933.4576078049;-1.6357585944
14.2017386935;-38.3605112537;-1932.3773268293;-0.6574866261
14.2140452261;-38.7145924952;-1931.7600234146;-0.6574866261
14.2263517588;-39.0686737368;-1931.6056975610;-4.7103276374
14.2386582915;-39.5997955991;-1931.6056975610;-2.0550180093
14.2509648241;-40.4849987029;-1930.6797424390;-2.7537837009
14.2632713568;-40.8390799445;-1929.9081131707;-5.4090933290
14.2755778894;-41.3702018068;-1929.9081131707;-4.1513150841
14.2878844221;-41.1931611860;-1929.2908097561;-5.1295870524
14.3001909548;-42.7865267730;-1930.2167648781;-5.4090933290
14.3124974874;-42.2554049107;-1927.9018770732;-6.8066247122
14.3248040201;-43.4946892560;-1928.9821580488;-6.3873652973
14.3371105528;-44.0258111184;-1927.7475512195;-7.2258841272
14.3494170854;-44.3798923599;-1928.0562029268;-7.3656372655
14.3617236181;-44.7339736014;-1927.2845736585;-7.7848966805
14.3740301508;-44.3798923599;-1927.4388995122;-7.6451435422
14.3863366834;-45.2650954637;-1926.6672702439;-7.3656372655
14.3986432161;-45.2650954637;-1926.8215960976;-8.2041560954
14.4109497487;-45.7962173261;-1927.4388995122;-10.8594657235
14.4232562814;-46.8584610507;-1927.1302478049;-8.7631686487
14.4355628141;-46.8584610507;-1927.4388995122;-9.4619343403
14.4478693467;-47.5666235338;-1926.6672702439;-10.3004531703
14.4601758794;-46.6814204299;-1927.9018770732;-9.6016874787
14.4724824121;-47.5666235338;-1926.0499668293;-10.0209468936
14.4847889447;-48.0977453961;-1925.5869892683;-9.0426749254
14.4970954774;-48.9829484999;-1923.7350790244;-9.6016874787
14.5094020101;-49.1599891207;-1923.7350790244;-9.0426749254
14.5217085427;-49.3370297415;-1923.5807531707;-9.6016874787
14.5340150754;-49.6911109830;-1923.4264273171;-7.9246498188
14.5463216080;-49.3370297415;-1924.6610341463;-7.3656372655
14.5586281407;-50.0451922245;-1922.9634497561;-8.7631686487
14.5709346734;-50.0451922245;-1922.6547980488;-10.4402063086
14.5832412060;-49.1599891207;-1923.8894048781;-7.6451435422
14.5955477387;-50.0451922245;-1920.8028878049;-9.7414406170
14.6078542714;-50.2222328453;-1921.4201912195;-9.0426749254
14.6201608040;-50.2222328453;-1922.0374946341;-10.5799594469
14.6324673367;-49.8681516038;-1922.3461463415;-10.8594657235
14.6447738693;-49.5140703622;-1922.1918204878;-8.0644029571
14.6570804020;-50.0451922245;-1922.6547980488;-7.2258841272
14.6693869347;-49.3370297415;-1922.6547980488;-7.6451435422
14.6816934673;-49.5140703622;-1921.5745170732;-6.1078590206
14.6940000000;-49.8681516038;-1922.1918204878;-4.2910682225
14.7063065327;-49.6911109830;-1923.1177756098;-7.0861309889
14.7186130653;-49.1599891207;-1922.6547980488;-5.5488464673
14.7309195980;-48.6288672584;-1922.6547980488;-5.1295870524
14.7432261307;-47.9207047753;-1922.9634497561;-6.3873652973
14.7555326633;-47.3895829130;-1923.4264273171;-5.9681058823
14.7678391960;-47.2125422922;-1922.9634497561;-5.9681058823
14.7801457286;-46.8584610507;-1924.3523824390;-2.8935368392
14.7924522613;-47.0355016715;-1923.7350790244;-4.4308213608
14.8047587940;-47.0355016715;-1922.3461463415;-2.6140305626
14.8170653266;-46.8584610507;-1922.9634497561;-0.5177334878
14.8293718593;-46.5043798091;-1924.0437307317;-5.1295870524
14.8416783920;-46.1502985676;-1924.1980565854;-4.5705744991
14.8539849246;-45.4421360845;-1925.4326634146;-2.8935368392
14.8662914573;-45.0880548430;-1926.0499668293;-1.0767460411
14.8785979899;-44.5569329807;-1925.5869892683;-1.2164991794
14.8909045226;-45.0880548430;-1925.5869892683;0.1810322038
14.9032110553;-44.2028517391;-1925.7413151220;0.1810322038
14.9155175879;-42.9635673937;-1925.8956409756;-0.5177334878
14.9278241206;-42.0783642899;-1926.6672702439;1.2990573104
14.9401306533;-41.9013236691;-1925.1240117073;1.2990573104
14.9524371859;-41.7242830483;-1925.4326634146;2.1375761403
14.9647437186;-40.1309174614;-1926.9759219512;0.7400447571
14.9770502513;-39.9538768406;-1928.2105287805;1.2990573104
14.9893567839;-40.1309174614;-1929.5994614634;3.1158481086
15.0016633166;-39.0686737368;-1927.9018770732;1.7183167254
15.0139698492;-38.5375518745;-1928.5191804878;3.2556012469
15.0262763819;-38.5375518745;-1930.2167648781;3.1158481086
15.0385829146;-38.0064300122;-1928.5191804878;-0.3779803495
15.0508894472;-38.1834706329;-1930.6797424390;2.2773292786
15.0631959799;-37.1212269083;-1928.8278321951;0.8797978954
15.0755025126;-37.2982675291;-1930.3710907317;2.8363418319
15.0878090452;-37.2982675291;-1930.3710907317;0.3207853421
15.1001155779;-35.8819425629;-1931.7600234146;1.5785635870
15.1124221106;-36.5901050460;-1930.5254165854;3.5351075235
15.1247286432;-36.7671456668;-1930.8340682927;1.7183167254
15.1370351759;-35.5278613214;-1929.5994614634;1.0195510337
15.1493417085;-35.7049019421;-1931.2970458537;1.7183167254
15.1616482412;-36.0589831837;-1931.2970458537;2.2773292786
15.1739547739;-36.4130644252;-1933.7662595122;3.9543669385
15.1862613065;-36.2360238045;-1933.6119336585;0.4605384805
15.1985678392;-35.5278613214;-1932.6859785366;1.2990573104
15.2108743719;-35.7049019421;-1933.6119336585;1.9978230020
15.2231809045;-36.2360238045;-1932.0686751220;2.1375761403
15.2354874372;-35.8819425629;-1932.3773268293;0.1810322038
15.2477939698;-35.8819425629;-1933.6119336585;1.1593041721
15.2601005025;-36.5901050460;-1932.8403043902;1.9978230020
15.2724070352;-36.5901050460;-1932.9946302439;-0.3779803495
15.2847135678;-36.4130644252;-1932.6859785366;-0.3779803495
15.2970201005;-37.1212269083;-1932.3773268293;-1.0767460411
15.3093266332;-37.8293893914;-1932.5316526829;-2.6140305626
15.3216331658;-37.8293893914;-1932.3773268293;-1.7755117327
15.3339396985;-38.3605112537;-1931.2970458537;-1.7755117327
15.3462462312;-38.0064300122;-1932.2230009756;-4.7103276374
15.3585527638;-39.0686737368;-1932.5316526829;-2.4742774243
15.3708592965;-38.5375518745;-1932.9946302439;-3.1730431159
15.3831658291;-39.2457143576;-1930.2167648781;-2.8935368392
15.3954723618;-39.9538768406;-1931.4513717073;-3.4525493925
15.4077788945;-40.3079580822;-1931.1427200000;-5.8283527440
15.4200854271;-41.5472424276;-1928.8278321951;-3.4525493925
15.4323919598;-41.3702018068;-1931.4513717073;-3.8718088075
15.4446984925;-40.6620393237;-1929.9081131707;-4.0115619458
15.4570050251;-41.3702018068;-1929.1364839024;-6.3873652973
15.4693115578;-42.4324455314;-1929.7537873171;-6.8066247122
15.4816180905;-42.2554049107;-1929.1364839024;-6.6668715739
15.4939246231;-43.1406080145;-1927.9018770732;-7.6451435422
15.5062311558;-43.4946892560;-1929.2908097561;-7.6451435422
15.5185376884;-44.2028517391;-1928.5191804878;-5.6885996057
15.5308442211;-44.2028517391;-1928.0562029268;-7.2258841272
15.5431507538;-45.9732579468;-1927.9018770732;-8.6234155104
15.5554572864;-46.3273391884;-1926.9759219512;-6.9463778506
15.5677638191;-46.8584610507;-1926.5129443902;-6.6668715739
15.5800703518;-46.1502985676;-1927.4388995122;-7.7848966805
15.5923768844;-46.8584610507;-1925.8956409756;-5.6885996057
15.6046834171;-47.0355016715;-1927.5932253659;-9.4619343403
15.6169899497;-48.4518266376;-1926.0499668293;-4.9898339141
15.6292964824;-48.2747860168;-1925.2783375610;-8.0644029571
15.6416030151;-48.4518266376;-1925.5869892683;-7.2258841272
15.6539095477;-47.3895829130;-1924.9696858537;-5.2693401907
15.6662160804;-48.2747860168;-1924.6610341463;-7.5053904038
15.6785226131;-49.5140703622;-1924.0437307317;-7.9246498188
15.6908291457;-49.5140703622;-1923.5807531707;-5.9681058823
15.7031356784;-48.9829484999;-1922.1918204878;-6.9463778506
15.7154422111;-48.9829484999;-1923.4264273171;-7.0861309889
15.7277487437;-48.9829484999;-1922.9634497561;-7.5053904038
15.7400552764;-49.8681516038;-1922.8091239024;-5.9681058823
15.7523618090;-49.5140703622;-1922.9634497561;-5.6885996057
15.7646683417;-49.3370297415;-1922.3461463415;-4.5705744991
15.7769748744;-48.9829484999;-1921.2658653659;-5.2693401907
15.7892814070;-49.1599891207;-1921.8831687805;-6.3873652973
15.8015879397;-49.1599891207;-1921.4201912195;-1.4960054560
15.8138944724;-49.6911109830;-1923.2721014634;-5.2693401907
15.8262010050;-49.3370297415;-1923.4264273171;-1.4960054560
15.8385075377;-48.6288672584;-1922.6547980488;-4.4308213608
15.8508140704;-48.6288672584;-1921.7288429268;-2.4742774243
15.8631206030;-47.9207047753;-1922.5004721951;-1.6357585944
15.8754271357;-48.2747860168;-1923.1177756098;-1.9152648710
15.8877336683;-47.9207047753;-1924.0437307317;-3.5923025309
15.9000402010;-47.5666235338;-1922.6547980488;-0.6574866261
15.9123467337;-46.8584610507;-1921.8831687805;-0.9369929027
15.9246532663;-47.0355016715;-1923.4264273171;0.0412790655
15.9369597990;-46.5043798091;-1923.2721014634;-1.4960054560
15.9492663317;-44.7339736014;-1923.8894048781;1.4388104487
15.9615728643;-45.7962173261;-1925.1240117073;2.8363418319
15.9738793970;-44.7339736014;-1924.3523824390;1.4388104487
15.9861859296;-43.8487704976;-1924.5067082927;4.7928857684
15.9984924623;-44.0258111184;-1926.2042926829;3.2556012469
16.0107989950;-43.3176486353;-1926.3586185366;2.6965886936
16.0231055276;-42.2554049107;-1926.2042926829;3.3953543852
16.0354120603;-42.2554049107;-1924.8153600000;5.2121451834
16.0477185930;-41.5472424276;-1925.7413151220;3.8146138002
16.0600251256;-41.5472424276;-1926.2042926829;5.2121451834
16.0723316583;-40.3079580822;-1926.5129443902;4.2338732151
16.0846381910;-39.5997955991;-1927.2845736585;5.7711577367
16.0969447236;-38.7145924952;-1927.5932253659;7.4481953965
16.1092512563;-38.0064300122;-1926.9759219512;3.9543669385
16.1215577889;-36.9441862875;-1929.4451356098;6.1904171516
16.1338643216;-36.2360238045;-1928.5191804878;4.3736263535
16.1461708543;-36.5901050460;-1928.9821580488;6.4699234283
16.1584773869;-35.8819425629;-1929.5994614634;4.7928857684
16.1707839196;-34.6426582175;-1929.2908097561;7.8674548115
16.1830904523;-34.1115363552;-1929.9081131707;5.0723920451
16.1953969849;-33.7574551137;-1929.5994614634;5.6314045983
16.2077035176;-33.4033738721;-1930.3710907317;8.2867142264
16.2200100503;-33.0492926306;-1930.0624390244;5.7711577367
16.2323165829;-32.8722520098;-1931.2970458537;5.6314045983
16.2446231156;-31.9870489060;-1931.1427200000;6.0506640133
16.2569296482;-31.2788864229;-1931.2970458537;6.8891828432
16.2692361809;-30.9248051813;-1932.5316526829;6.8891828432
16.2815427136;-30.3936833190;-1932.5316526829;7.8674548115
16.2938492462;-30.9248051813;-1933.4576078049;7.3084422582
16.3061557789;-30.0396020775;-1932.8403043902;6.3301702899
16.3184623116;-30.0396020775;-1932.6859785366;8.0072079498
16.3307688442;-30.0396020775;-1933.1489560976;7.7277016732
16.3430753769;-29.8625614567;-1933.6119336585;6.6096765666
16.3553819095;-30.0396020775;-1934.8465404878;7.5879485348
16.3676884422;-28.8003177321;-1933.7662595122;6.7494297049
16.3799949749;-30.2166426983;-1933.3032819512;6.4699234283
16.3923015075;-29.5084802152;-1934.8465404878;5.6314045983
16.4046080402;-29.6855208360;-1933.3032819512;4.6531326301
16.4169145729;-30.0396020775;-1934.6922146341;4.6531326301
16.4292211055;-30.2166426983;-1934.2292370732;5.4916514600
16.4415276382;-30.9248051813;-1933.7662595122;5.4916514600
16.4538341709;-31.2788864229;-1933.4576078049;4.3736263535
16.4661407035;-30.9248051813;-1934.5378887805;3.6748606618
16.4784472362;-31.6329676644;-1934.5378887805;3.6748606618
16.4907537688;-31.6329676644;-1933.1489560976;4.3736263535
16.5030603015;-31.9870489060;-1932.3773268293;3.2556012469
16.5153668342;-33.2263332514;-1931.6056975610;5.3518983217
16.5276733668;-33.9344957344;-1932.9946302439;3.1158481086
16.5399798995;-33.5804144929;-1932.3773268293;4.6531326301
16.5522864322;-34.1115363552;-1931.9143492683;2.9760949702
16.5645929648;-35.1737800798;-1931.7600234146;4.6531326301
16.5768994975;-35.5278613214;-1931.9143492683;1.2990573104
16.5892060302;-35.7049019421;-1931.4513717073;3.2556012469
16.6015125628;-35.8819425629;-1930.0624390244;3.5351075235
16.6138190955;-36.0589831837;-1931.1427200000;3.9543669385
16.6261256281;-37.6523487706;-1930.6797424390;3.3953543852
16.6384321608;-37.6523487706;-1930.2167648781;2.2773292786
16.6507386935;-38.1834706329;-1929.2908097561;1.9978230020
16.6630452261;-38.3605112537;-1930.5254165854;1.7183167254
16.6753517588;-38.7145924952;-1930.2167648781;4.0941200768
16.6876582915;-38.3605112537;-1929.1364839024;0.4605384805
16.6999648241;-40.1309174614;-1927.4388995122;1.0195510337
16.7122713568;-40.4849987029;-1928.9821580488;4.2338732151
16.7245778894;-40.4849987029;-1928.3648546341;3.2556012469
16.7368844221;-40.3079580822;-1926.6672702439;3.3953543852
16.7491909548;-40.8390799445;-1927.2845736585;3.5351075235
16.7614974874;-41.9013236691;-1926.8215960976;2.5568355553
16.7738040201;-41.5472424276;-1925.8956409756;3.8146138002
16.7861105528;-41.7242830483;-1925.4326634146;5.4916514600
16.7984170854;-41.9013236691;-1925.7413151220;2.8363418319
16.8107236181;-43.1406080145;-1924.5067082927;4.2338732151
16.8230301508;-43.4946892560;-1925.4326634146;3.6748606618
16.8353366834;-42.4324455314;-1924.0437307317;3.2556012469
16.8476432161;-42.9635673937;-1924.0437307317;6.8891828432
16.8599497487;-42.7865267730;-1922.9634497561;6.7494297049
16.8722562814;-42.0783642899;-1924.5067082927;3.1158481086
16.8845628141;-42.4324455314;-1925.2783375610;5.4916514600
16.8968693467;-42.4324455314;-1923.2721014634;4.3736263535
16.9091758794;-42.9635673937;-1923.4264273171;5.6314045983
16.9214824121;-41.7242830483;-1922.3461463415;5.2121451834
16.9337889447;-41.5472424276;-1921.8831687805;6.6096765666
16.9460954774;-41.5472424276;-1922.5004721951;6.6096765666
16.9584020101;-42.2554049107;-1924.0437307317;8.0072079498
16.9707085427;-40.8390799445;-1922.5004721951;5.0723920451
16.9830150754;-41.0161205653;-1922.1918204878;7.7277016732
16.9953216080;-40.8390799445;-1923.8894048781;10.1035050246
17.0076281407;-39.7768362199;-1923.4264273171;8.1469610881
17.0199346734;-39.7768362199;-1924.1980565854;7.8674548115
17.0322412060;-39.0686737368;-1923.8894048781;11.2215301312
17.0445477387;-38.8916331160;-1923.1177756098;10.3830113013
17.0568542714;-38.1834706329;-1923.2721014634;9.4047393330
17.0691608040;-37.2982675291;-1924.8153600000;10.3830113013
17.0814673367;-36.7671456668;-1924.0437307317;10.1035050246
17.0937738693;-36.2360238045;-1924.5067082927;9.8239987480
17.1060804020;-35.5278613214;-1923.5807531707;8.5662205031
17.1183869347;-34.6426582175;-1923.7350790244;10.9420238545
17.1306934673;-33.7574551137;-1924.3523824390;9.5444924713
17.1430000000;-32.8722520098;-1925.2783375610;10.8022707162
17.1553065327;-32.6952113890;-1925.7413151220;10.9420238545
17.1676130653;-31.4559270437;-1926.2042926829;11.5010364078
17.1799195980;-30.9248051813;-1926.3586185366;11.5010364078
17.1922261307;-29.5084802152;-1926.3586185366;11.6407895462
17.2045326633;-28.6232771113;-1926.2042926829;12.3395552378
17.2168391960;-28.6232771113;-1926.9759219512;14.4358523126
17.2291457286;-27.5610333867;-1928.9821580488;11.6407895462
17.2414522613;-26.6758302829;-1928.5191804878;13.7370866210
17.2537587940;-25.9676677998;-1928.5191804878;14.5756054509
17.2660653266;-24.7283834544;-1928.9821580488;12.4793083761
17.2783718593;-25.0824646959;-1929.7537873171;14.1563460359
17.2906783920;-22.9579772467;-1929.5994614634;14.0165928976
17.3029849246;-22.0727741428;-1932.3773268293;13.4575803443
17.3152914573;-22.0727741428;-1930.5254165854;11.9202958228
17.3275979899;-21.3646116597;-1932.2230009756;13.0383209294
17.3399045226;-21.3646116597;-1931.2970458537;12.7588146527
17.3522110553;-19.7712460728;-1932.3773268293;13.7370866210
17.3645175879;-18.7090023482;-1932.8403043902;13.8768397593
17.3768241206;-17.6467586236;-1933.1489560976;13.7370866210
17.3891306533;-17.8237992443;-1934.6922146341;12.4793083761
17.4014371859;-17.4697180028;-1932.2230009756;14.7153585892
17.4137437186;-16.2304336574;-1933.3032819512;11.0817769929
17.4260502513;-16.2304336574;-1934.6922146341;10.6625175779
17.4383567839;-15.5222711743;-1934.6922146341;12.3395552378
17.4506633166;-15.6993117951;-1934.2292370732;13.7370866210
17.4629698492;-15.1681899328;-1935.3095180488;10.3830113013
17.4752763819;-15.8763524159;-1935.6181697561;11.0817769929
17.4875829146;-14.9911493120;-1934.8465404878;11.9202958228
17.4998894472;-14.8141086912;-1935.4638439024;12.0600489611
17.5121959799;-14.9911493120;-1936.6984507317;11.2215301312
17.5245025126;-14.6370680705;-1935.6181697561;12.8985677910
17.5368090452;-14.9911493120;-1935.3095180488;11.6407895462
17.5491155779;-14.8141086912;-1934.6922146341;11.6407895462
17.5614221106;-15.3452305536;-1935.4638439024;10.9420238545
17.5737286432;-16.2304336574;-1934.8465404878;10.8022707162
17.5860351759;-15.6993117951;-1936.5441248781;11.6407895462
17.5983417085;-17.1156367613;-1936.2354731707;10.2432581629
17.6106482412;-17.2926773820;-1935.9268214634;11.3612832695
17.6229547739;-16.5845148989;-1936.0811473171;11.3612832695
17.6352613065;-17.2926773820;-1934.8465404878;9.4047393330
17.6475678392;-17.6467586236;-1934.8465404878;11.9202958228
17.6598743719;-18.0008398651;-1935.0008663415;12.1998020994
17.6721809045;-18.3549211066;-1935.4638439024;11.5010364078
17.6844874372;-18.8860429690;-1935.6181697561;11.0817769929
17.6967939698;-19.5942054520;-1934.2292370732;11.2215301312
17.7091005025;-19.2401242105;-1933.9205853659;14.1563460359
17.7214070352;-20.1253273144;-1933.3032819512;10.8022707162
17.7337135678;-20.8334897974;-1932.8403043902;11.2215301312
17.7460201005;-21.3646116597;-1932.8403043902;11.5010364078
17.7583266332;-21.8957335221;-1934.3835629268;11.7805426845
17.7706331658;-21.8957335221;-1933.4576078049;11.6407895462
17.7829396985;-22.7809366259;-1933.1489560976;11.7805426845
17.7952462312;-22.9579772467;-1933.1489560976;13.4575803443
17.8075527638;-23.3120584882;-1933.6119336585;12.7588146527
17.8198592965;-24.0202209713;-1932.2230009756;11.7805426845
17.8321658291;-23.8431803505;-1931.2970458537;12.6190615144
17.8444723618;-25.2595053167;-1931.1427200000;12.3395552378
17.8567788945;-25.0824646959;-1929.1364839024;14.2960991743
17.8690854271;-25.4365459375;-1930.8340682927;14.9948648659
17.8813919598;-25.9676677998;-1929.4451356098;15.5538774191
17.8936984925;-25.4365459375;-1930.6797424390;15.2743711425
17.9060050251;-25.4365459375;-1927.5932253659;13.7370866210
17.9183115578;-26.3217490413;-1926.6672702439;14.4358523126
17.9306180905;-25.7906271790;-1926.6672702439;15.4141242808
17.9429246231;-25.9676677998;-1927.9018770732;14.9948648659
17.9552311558;-25.6135865582;-1926.6672702439;16.1128899724
17.9675376884;-26.3217490413;-1925.4326634146;14.8551117275
17.9798442211;-25.6135865582;-1926.5129443902;15.1346180042
17.9921507538;-25.9676677998;-1925.2783375610;15.9731368341
18.0044572864;-25.2595053167;-1925.7413151220;15.2743711425
18.0167638191;-25.6135865582;-1926.0499668293;17.5104213556
18.0290703518;-25.0824646959;-1924.8153600000;18.3489401856
18.0413768844;-24.5513428336;-1925.1240117073;17.3706682173
18.0536834171;-23.8431803505;-1924.9696858537;20.8644966753
18.0659899497;-23.1350178674;-1925.1240117073;18.0694339089
18.0782964824;-23.1350178674;-1923.7350790244;16.9514088024
18.0906030151;-23.3120584882;-1922.9634497561;17.7899276323
18.1029095477;-22.6038960051;-1923.8894048781;18.4886933239
18.1152160804;-22.2498147636;-1922.9634497561;18.6284464622
18.1275226131;-21.1875710390;-1925.2783375610;18.7681996005
18.1398291457;-20.6564491767;-1924.5067082927;17.9296807706
18.1521356784;-20.3023679351;-1922.6547980488;20.1657309837
18.1644422111;-19.5942054520;-1923.7350790244;19.1874590155
18.1767487437;-19.0630835897;-1923.7350790244;20.0259778454
18.1890552764;-18.5319617274;-1923.8894048781;18.9079527388
18.2013618090;-17.6467586236;-1924.6610341463;19.3272121538
18.2136683417;-17.4697180028;-1922.9634497561;20.3054841221
18.2259748744;-16.7615555197;-1924.9696858537;18.6284464622
18.2382814070;-15.1681899328;-1924.5067082927;20.1657309837
18.2505879397;-14.4600274497;-1925.5869892683;18.2091870472
18.2628944724;-14.2829868289;-1926.2042926829;19.4669652921
18.2752010050;-12.8666618628;-1926.6672702439;20.5849903987
18.2875075377;-12.5125806212;-1926.6672702439;20.8644966753
18.2998140704;-11.8044181381;-1928.6735063415;19.8862247071
18.3121206030;-10.7421744135;-1928.9821580488;19.0477058772
18.3244271357;-10.0340119304;-1927.2845736585;19.7464715688
18.3367336683;-9.1488088266;-1929.1364839024;20.7247435370
18.3490402010;-7.9095244812;-1929.9081131707;18.6284464622
18.3613467337;-8.2636057227;-1928.8278321951;20.3054841221
18.3736532663;-6.6702401358;-1929.9081131707;19.4669652921
18.3859597990;-6.1391182735;-1931.2970458537;20.3054841221
18.3982663317;-5.2539151696;-1931.1427200000;17.7899276323
18.4105728643;-4.5457526866;-1930.9883941463;16.9514088024
18.4228793970;-4.1916714450;-1931.2970458537;16.2526431107
18.4351859296;-3.6605495827;-1931.7600234146;19.6067184305
18.4474924623;-2.0671839958;-1932.2230009756;19.0477058772
18.4597989950;-2.0671839958;-1932.5316526829;17.2309150790
18.4721055276;-0.8278996504;-1934.5378887805;18.4886933239
18.4844120603;-0.6508590296;-1935.1551921951;15.1346180042
18.4967185930;0.5884253158;-1934.3835629268;17.9296807706
18.5090251256;1.1195471781;-1933.6119336585;17.6501744940
18.5213316583;1.8277096612;-1935.4638439024;17.5104213556
18.5336381910;2.5358721443;-1936.3897990244;16.5321493874
18.5459447236;2.8899533858;-1936.5441248781;17.3706682173
18.5582512563;2.7129127650;-1935.7724956098;15.2743711425
18.5705577889;2.3588315235;-1935.9268214634;14.4358523126
18.5828643216;4.3062783520;-1935.1551921951;14.4358523126
18.5951708543;4.4833189727;-1936.5441248781;14.5756054509
18.6074773869;4.8374002143;-1937.3157541463;11.9202958228
18.6197839196;4.6603595935;-1937.3157541463;12.7588146527
18.6320904523;5.1914814558;-1938.5503609756;13.7370866210
18.6443969849;4.3062783520;-1937.4700800000;10.8022707162
18.6567035176;4.3062783520;-1937.4700800000;10.8022707162
18.6690100503;3.9521971104;-1937.0071024390;13.5973334826
18.6813165829;4.1292377312;-1937.3157541463;13.1780740677
18.6936231156;3.9521971104;-1937.9330575610;12.4793083761
18.7059296482;3.5981158689;-1938.7046868293;9.8239987480
18.7182361809;3.0669940066;-1938.3960351220;13.1780740677
18.7305427136;3.5981158689;-1937.3157541463;12.8985677910
18.7428492462;3.0669940066;-1937.9330575610;10.9420238545
18.7551557789;3.0669940066;-1937.7787317073;13.0383209294
18.7674623116;2.0047502819;-1937.7787317073;11.6407895462
18.7797688442;1.4736284196;-1938.3960351220;14.7153585892
18.7920753769;2.1817909027;-1937.0071024390;14.0165928976
18.8043819095;1.8277096612;-1937.1614282927;14.4358523126
18.8166884422;1.1195471781;-1938.2417092683;12.6190615144
18.8289949749;0.9425065573;-1937.6244058537;11.2215301312
18.8413015075;0.2343440742;-1937.0071024390;11.6407895462
18.8536080402;0.2343440742;-1936.2354731707;15.4141242808
18.8659145729;-0.8278996504;-1934.8465404878;13.3178272060
18.8782211055;-1.3590215127;-1935.4638439024;13.3178272060
18.8905276382;-1.0049402711;-1934.0749112195;14.4358523126
18.9028341709;-1.5360621335;-1934.2292370732;16.3923962491
18.9151407035;-2.4212652373;-1934.6922146341;15.9731368341
18.9274472362;-2.7753464789;-1932.9946302439;15.4141242808
18.9397537688;-2.4212652373;-1933.7662595122;15.8333836958
18.9520603015;-3.3064683412;-1933.4576078049;15.6936305575
18.9643668342;-3.1294277204;-1932.3773268293;15.6936305575
18.9766733668;-3.4835089619;-1932.2230009756;17.7899276323
18.9889798995;-3.3064683412;-1931.7600234146;17.9296807706
19.0012864322;-3.4835089619;-1932.0686751220;18.0694339089
19.0135929648;-3.4835089619;-1932.2230009756;18.3489401856
19.0258994975;-4.0146308242;-1931.7600234146;18.3489401856
19.0382060302;-4.5457526866;-1930.3710907317;16.3923962491
19.0505125628;-3.4835089619;-1930.9883941463;20.7247435370
19.0628190955;-2.9523870996;-1929.5994614634;20.0259778454
19.0751256281;-3.4835089619;-1929.5994614634;20.3054841221
19.0874321608;-3.3064683412;-1928.6735063415;19.1874590155
19.0997386935;-3.6605495827;-1927.7475512195;19.4669652921
19.1120452261;-2.7753464789;-1929.2908097561;19.7464715688
19.1243517588;-2.7753464789;-1928.3648546341;19.3272121538
19.1366582915;-1.7131027542;-1927.1302478049;21.8427686436
19.1489648241;-1.8901433750;-1926.9759219512;18.7681996005
19.1612713568;-1.7131027542;-1928.5191804878;21.0042498137
19.1735778894;-1.0049402711;-1926.0499668293;21.4235092286
19.1858844221;-1.5360621335;-1924.5067082927;20.5849903987
19.1981909548;-1.3590215127;-1926.6672702439;23.5198063034
19.2104974874;0.0573034535;-1925.1240117073;24.3583251334
19.2228040201;0.5884253158;-1926.6672702439;20.7247435370
19.2351105528;0.2343440742;-1925.8956409756;22.2620280586
19.2474170854;0.9425065573;-1927.2845736585;20.0259778454
19.2597236181;1.4736284196;-1925.2783375610;21.1440029520
19.2720301508;2.5358721443;-1925.7413151220;21.9825217819
19.2843366834;3.0669940066;-1927.1302478049;24.0788188567
19.2966432161;3.5981158689;-1926.2042926829;22.5415343352
19.3089497487;4.1292377312;-1926.9759219512;21.9825217819
19.3212562814;4.3062783520;-1926.5129443902;23.5198063034
19.3335628141;4.8374002143;-1925.4326634146;21.7030155053
19.3458693467;4.8374002143;-1925.8956409756;21.5632623669
19.3581758794;5.5455626974;-1927.4388995122;19.8862247071
19.3704824121;6.6078064220;-1927.2845736585;21.2837560903
19.3827889447;7.3159689051;-1927.9018770732;19.8862247071
19.3950954774;8.2011720089;-1928.8278321951;21.7030155053
19.4074020101;7.6700501466;-1928.2105287805;21.4235092286
19.4197085427;8.3782126297;-1928.2105287805;21.7030155053
19.4320150754;9.7945375958;-1928.2105287805;18.7681996005
19.4443216080;10.1486188374;-1929.1364839024;17.2309150790
19.4566281407;10.6797406997;-1929.1364839024;20.4452372604
19.4689346734;11.0338219412;-1929.7537873171;20.1657309837
19.4812412060;11.7419844243;-1930.2167648781;20.0259778454
19.4935477387;11.7419844243;-1930.3710907317;19.1874590155
19.5058542714;12.8042281489;-1930.9883941463;18.9079527388
19.5181608040;13.1583093905;-1931.2970458537;19.3272121538
19.5304673367;13.8664718736;-1932.0686751220;16.1128899724
19.5427738693;14.5746343566;-1932.2230009756;17.3706682173
19.5550804020;14.7516749774;-1933.4576078049;16.5321493874
19.5673869347;15.8139187020;-1931.9143492683;15.9731368341
19.5796934673;16.1679999436;-1933.6119336585;17.6501744940
19.5920000000;16.6991218059;-1934.5378887805;15.5538774191
19.6043065327;16.8761624267;-1933.7662595122;13.5973334826
19.6166130653;17.4072842890;-1934.8465404878;12.6190615144
19.6289195980;17.5843249097;-1933.7662595122;13.7370866210
19.6412261307;17.9384061513;-1934.3835629268;14.7153585892
19.6535326633;18.2924873928;-1936.2354731707;10.6625175779
19.6658391960;18.1154467721;-1935.7724956098;12.0600489611
19.6781457286;19.0006498759;-1937.6244058537;12.6190615144
19.6904522613;19.1776904967;-1937.6244058537;10.3830113013
19.7027587940;19.8858529798;-1937.6244058537;11.9202958228
19.7150653266;19.5317717382;-1937.4700800000;9.4047393330
19.7273718593;19.3547311174;-1938.8590126829;8.2867142264
19.7396783920;20.5940154628;-1939.6306419512;10.2432581629
19.7519849246;19.8858529798;-1937.9330575610;9.8239987480
19.7642914573;19.1776904967;-1937.0071024390;7.7277016732
19.7765979899;19.1776904967;-1938.2417092683;8.9854799180
19.7889045226;19.0006498759;-1939.0133385366;9.6842456097
19.8012110553;19.3547311174;-1939.1676643902;7.4481953965
19.8135175879;18.2924873928;-1938.7046868293;7.4481953965
19.8258241206;19.1776904967;-1939.0133385366;10.3830113013
19.8381306533;17.7613655305;-1939.0133385366;8.4264673648
19.8504371859;17.7613655305;-1938.8590126829;7.7277016732
19.8627437186;17.9384061513;-1938.8590126829;6.8891828432
19.8750502513;17.9384061513;-1939.3219902439;9.5444924713
19.8873567839;17.9384061513;-1940.7109229268;8.0072079498
19.8996633166;17.0532030474;-1939.0133385366;8.7059736414
19.9119698492;16.8761624267;-1939.4763160976;7.8674548115
19.9242763819;16.5220811851;-1939.0133385366;9.9637518863
19.9365829146;16.5220811851;-1939.9392936585;10.2432581629
19.9488894472;15.9909593228;-1939.6306419512;9.2649861947
19.9611959799;15.4598374605;-1939.9392936585;10.1035050246
19.9735025126;15.6368780813;-1938.5503609756;10.6625175779
19.9858090452;15.4598374605;-1938.7046868293;10.1035050246
19.9981155779;14.9287155982;-1938.3960351220;10.8022707162
20.0104221106;14.7516749774;-1937.7787317073;11.6407895462
20.0227286432;15.1057562190;-1937.1614282927;10.5227644396
20.0350351759;14.2205531151;-1937.4700800000;12.8985677910
20.0473417085;13.5123906320;-1936.2354731707;12.7588146527
20.0596482412;14.0435124943;-1937.4700800000;11.6407895462
20.0719547739;13.6894312528;-1936.8527765854;12.6190615144
20.0842613065;13.5123906320;-1935.9268214634;13.7370866210
20.0965678392;14.2205531151;-1935.6181697561;10.8022707162
20.1088743719;13.3353500113;-1935.3095180488;14.8551117275
20.1211809045;13.6894312528;-1935.4638439024;15.9731368341
20.1334874372;13.6894312528;-1934.5378887805;14.7153585892
20.1457939698;14.2205531151;-1933.3032819512;14.5756054509
20.1581005025;14.9287155982;-1933.1489560976;17.0911619407
20.1704070352;12.9812687697;-1934.2292370732;14.2960991743
20.1827135678;14.5746343566;-1933.9205853659;16.3923962491
20.1950201005;14.7516749774;-1933.4576078049;14.8551117275
20.2073266332;14.7516749774;-1932.6859785366;17.2309150790
20.2196331658;14.9287155982;-1931.6056975610;15.6936305575
20.2319396985;14.3975937359;-1932.3773268293;15.4141242808
20.2442462312;15.4598374605;-1930.6797424390;15.9731368341
20.2565527638;14.9287155982;-1930.5254165854;17.0911619407
20.2688592965;14.7516749774;-1929.7537873171;17.7899276323
20.2811658291;16.1679999436;-1930.0624390244;17.3706682173
20.2934723618;15.2827968397;-1929.9081131707;17.7899276323
20.3057788945;15.2827968397;-1928.8278321951;16.9514088024
20.3180854271;15.6368780813;-1928.8278321951;18.3489401856
20.3303919598;16.1679999436;-1929.4451356098;18.0694339089
20.3426984925;16.1679999436;-1928.9821580488;18.6284464622
20.3550050251;16.5220811851;-1929.1364839024;16.9514088024
20.3673115578;16.5220811851;-1928.6735063415;21.1440029520
20.3796180905;17.4072842890;-1928.2105287805;17.6501744940
20.3919246231;17.0532030474;-1928.3648546341;17.9296807706
20.4042311558;18.1154467721;-1927.5932253659;18.0694339089
20.4165376884;18.6465686344;-1927.1302478049;18.6284464622
20.4288442211;18.8236092551;-1927.7475512195;20.1657309837
20.4411507538;19.1776904967;-1927.9018770732;18.7681996005
20.4534572864;19.5317717382;-1927.5932253659;19.1874590155
20.4657638191;20.5940154628;-1928.6735063415;17.9296807706
20.4780703518;20.4169748421;-1927.9018770732;16.5321493874
20.4903768844;21.3021779459;-1928.2105287805;16.9514088024
20.5026834171;20.4169748421;-1927.7475512195;15.1346180042
20.5149899497;21.4792185667;-1927.9018770732;16.8116556640
20.5272964824;22.0103404290;-1926.6672702439;16.9514088024
20.5396030151;22.3644216705;-1928.5191804878;15.8333836958
20.5519095477;22.8955435329;-1929.7537873171;15.5538774191
20.5642160804;23.2496247744;-1929.9081131707;17.0911619407
20.5765226131;23.2496247744;-1928.9821580488;16.2526431107
20.5888291457;23.7807466367;-1929.1364839024;15.4141242808
20.6011356784;23.2496247744;-1930.3710907317;13.1780740677
20.6134422111;23.9577872575;-1930.9883941463;14.7153585892
20.6257487437;24.4889091198;-1931.2970458537;11.7805426845
20.6380552764;24.8429903613;-1931.9143492683;12.7588146527
20.6503618090;25.7281934652;-1930.6797424390;11.9202958228
20.6626683417;25.9052340860;-1931.9143492683;12.8985677910
20.6749748744;26.2593153275;-1932.2230009756;10.6625175779
20.6872814070;26.2593153275;-1932.3773268293;9.2649861947
20.6995879397;25.7281934652;-1933.6119336585;9.9637518863
20.7118944724;26.4363559483;-1934.0749112195;10.2432581629
20.7242010050;27.1445184313;-1934.3835629268;9.9637518863
20.7365075377;27.1445184313;-1934.6922146341;7.5879485348
20.7488140704;27.4985996729;-1935.0008663415;8.5662205031
20.7611206030;27.4985996729;-1935.1551921951;8.5662205031
20.7734271357;27.3215590521;-1934.6922146341;7.1686891199
20.7857336683;27.3215590521;-1937.0071024390;4.3736263535
20.7980402010;27.6756402937;-1936.2354731707;6.6096765666
20.8103467337;27.4985996729;-1935.9268214634;7.4481953965
20.8226532663;27.6756402937;-1938.0873834146;6.7494297049
20.8349597990;27.3215590521;-1937.9330575610;6.3301702899
20.8472663317;27.6756402937;-1938.3960351220;3.8146138002
20.8595728643;27.8526809144;-1938.7046868293;6.4699234283
20.8718793970;27.4985996729;-1939.6306419512;4.5133794918
20.8841859296;27.1445184313;-1939.0133385366;3.2556012469
20.8964924623;26.6133965690;-1939.6306419512;5.6314045983
20.9087989950;27.4985996729;-1939.6306419512;3.3953543852
20.9211055276;27.3215590521;-1939.4763160976;2.4170824170
20.9334120603;26.6133965690;-1938.8590126829;2.9760949702
20.9457185930;26.7904371898;-1939.6306419512;2.8363418319
20.9580251256;25.9052340860;-1940.4022712195;2.1375761403
20.9703316583;26.4363559483;-1939.9392936585;2.1375761403
20.9826381910;25.5511528444;-1939.6306419512;4.5133794918
20.9949447236;24.6659497406;-1941.0195746341;4.6531326301
21.0072512563;24.8429903613;-1940.0936195122;3.3953543852
21.0195577889;24.8429903613;-1940.5565970732;1.9978230020
21.0318643216;25.1970716029;-1941.4825521951;3.1158481086
21.0441708543;25.9052340860;-1940.7109229268;1.0195510337
21.0564773869;24.8429903613;-1939.6306419512;2.5568355553
21.0687839196;24.4889091198;-1940.7109229268;2.5568355553
21.0810904523;23.9577872575;-1939.4763160976;1.7183167254
21.0933969849;24.3118684990;-1940.0936195122;3.5351075235
21.1057035176;23.2496247744;-1941.0195746341;2.4170824170
21.1180100503;23.7807466367;-1940.0936195122;4.0941200768
21.1303165829;23.4266653952;-1938.8590126829;3.9543669385
21.1426231156;23.6037060159;-1939.9392936585;5.6314045983
21.1549296482;23.0725841536;-1939.4763160976;2.6965886936
21.1672361809;23.2496247744;-1939.9392936585;4.6531326301
21.1795427136;22.1873810498;-1939.4763160976;5.2121451834
21.1918492462;23.0725841536;-1938.7046868293;5.3518983217
21.2041557789;22.1873810498;-1939.0133385366;4.6531326301
21.2164623116;23.0725841536;-1938.8590126829;7.5879485348
21.2287688442;23.0725841536;-1939.0133385366;6.7494297049
21.2410753769;22.5414622913;-1937.7787317073;8.0072079498
21.2533819095;22.8955435329;-1936.8527765854;8.1469610881
21.2656884422;22.0103404290;-1937.9330575610;9.5444924713
21.2779949749;22.3644216705;-1937.1614282927;11.2215301312
21.2903015075;22.3644216705;-1936.0811473171;8.5662205031
21.3026080402;22.8955435329;-1935.1551921951;9.4047393330
21.3149145729;23.4266653952;-1935.6181697561;9.8239987480
21.3272211055;23.2496247744;-1935.3095180488;12.4793083761
21.3395276382;24.3118684990;-1936.0811473171;10.2432581629
21.3518341709;23.9577872575;-1933.7662595122;10.8022707162
21.3641407035;23.9577872575;-1933.6119336585;10.3830113013
21.3764472362;23.6037060159;-1932.3773268293;13.7370866210
21.3887537688;23.9577872575;-1932.8403043902;11.7805426845
21.4010603015;24.6659497406;-1932.6859785366;11.3612832695
21.4133668342;24.3118684990;-1931.9143492683;11.2215301312
21.4256733668;24.8429903613;-1931.2970458537;13.1780740677
21.4379798995;25.1970716029;-1931.2970458537;14.4358523126
21.4502864322;25.5511528444;-1930.9883941463;12.4793083761
21.4625929648;25.7281934652;-1929.5994614634;12.3395552378
21.4748994975;25.7281934652;-1930.2167648781;12.1998020994
21.4872060302;26.2593153275;-1929.1364839024;12.0600489611
21.4995125628;26.6133965690;-1929.9081131707;12.8985677910
21.5118190955;26.9674778106;-1928.9821580488;13.1780740677
21.5241256281;27.4985996729;-1928.9821580488;11.5010364078
21.5364321608;26.9674778106;-1928.2105287805;12.7588146527
21.5487386935;28.0297215352;-1927.7475512195;13.0383209294
21.5610452261;28.5608433975;-1928.3648546341;13.0383209294
21.5733517588;28.5608433975;-1929.1364839024;12.4793083761
21.5856582915;28.9149246390;-1929.5994614634;15.1346180042
21.5979648241;29.4460465014;-1928.0562029268;13.5973334826
21.6102713568;29.0919652598;-1928.0562029268;12.0600489611
21.6225778894;29.8001277429;-1929.1364839024;14.8551117275
21.6348844221;30.1542089844;-1929.4451356098;12.0600489611
21.6471909548;30.6853308468;-1927.9018770732;11.7805426845
21.6594974874;30.6853308468;-1929.7537873171;11.2215301312
21.6718040201;31.2164527091;-1928.9821580488;10.6625175779
21.6841105528;31.7475745714;-1928.8278321951;11.5010364078
21.6964170854;31.3934933298;-1928.3648546341;11.7805426845
21.7087236181;31.5705339506;-1929.1364839024;10.9420238545
21.7210301508;31.5705339506;-1929.1364839024;10.5227644396
21.7333366834;30.8623714675;-1929.5994614634;8.5662205031
21.7456432161;31.0394120883;-1929.5994614634;9.8239987480
21.7579497487;31.7475745714;-1930.9883941463;6.8891828432
21.7702562814;31.7475745714;-1931.9143492683;8.2867142264
21.7825628141;32.8098182960;-1931.9143492683;8.9854799180
21.7948693467;32.4557370545;-1931.9143492683;7.1686891199
21.8071758794;32.6327776752;-1932.6859785366;6.1904171516
21.8194824121;32.1016558129;-1933.1489560976;5.7711577367
21.8317889447;32.4557370545;-1932.9946302439;4.5133794918
21.8440954774;32.8098182960;-1933.6119336585;6.4699234283
21.8564020101;32.1016558129;-1933.9205853659;5.6314045983
21.8687085427;32.2786964337;-1933.4576078049;2.4170824170
21.8810150754;32.6327776752;-1933.6119336585;3.1158481086
21.8933216080;32.2786964337;-1935.6181697561;3.1158481086
21.9056281407;32.8098182960;-1934.2292370732;1.7183167254
21.9179346734;32.1016558129;-1935.0008663415;3.3953543852
21.9302412060;32.1016558129;-1935.4638439024;2.1375761403
21.9425477387;31.9246151921;-1935.3095180488;0.8797978954
21.9548542714;31.5705339506;-1936.3897990244;-0.7972397644
21.9671608040;31.5705339506;-1936.3897990244;-0.6574866261
21.9794673367;31.7475745714;-1937.1614282927;0.7400447571
21.9917738693;31.0394120883;-1937.7787317073;-0.2382272111
22.0040804020;31.7475745714;-1939.1676643902;-0.9369929027
22.0163869347;31.2164527091;-1937.7787317073;-0.5177334878
22.0286934673;30.8623714675;-1938.8590126829;-2.1947711476
22.0410000000;30.8623714675;-1939.0133385366;-3.4525493925
22.0533065327;30.8623714675;-1939.3219902439;-1.0767460411
22.0656130653;30.3312496052;-1939.7849678049;0.1810322038
22.0779195980;30.5082902260;-1939.9392936585;-2.6140305626
22.0902261307;30.5082902260;-1940.4022712195;-1.7755117327
22.1025326633;29.6230871221;-1941.3282263415;-1.3562523177
22.1148391960;29.2690058806;-1939.6306419512;-2.3345242860
22.1271457286;29.4460465014;-1939.9392936585;-1.0767460411
22.1394522613;29.0919652598;-1940.2479453659;-1.7755117327
22.1517587940;28.5608433975;-1942.0998556098;-1.7755117327
22.1640653266;29.2690058806;-1941.7912039024;-1.7755117327
22.1763718593;28.7378840183;-1940.5565970732;-1.0767460411
22.1886783920;28.7378840183;-1939.9392936585;-2.6140305626
22.2009849246;28.3838027767;-1940.8652487805;-3.4525493925
22.2132914573;28.5608433975;-1941.6368780488;-4.7103276374
22.2255979899;28.3838027767;-1942.5628331707;-4.2910682225
22.2379045226;27.8526809144;-1941.7912039024;-3.1730431159
22.2502110553;27.4985996729;-1941.6368780488;-3.3127962542
22.2625175879;26.7904371898;-1942.2541814634;-1.4960054560
22.2748241206;27.3215590521;-1941.7912039024;0.4605384805
22.2871306533;26.6133965690;-1941.9455297561;-1.9152648710
22.2994371859;26.7904371898;-1940.5565970732;-0.2382272111
22.3117437186;26.7904371898;-1940.5565970732;0.4605384805
22.3240502513;27.1445184313;-1941.6368780488;1.2990573104
22.3363567839;26.9674778106;-1941.0195746341;1.2990573104
22.3486633166;26.4363559483;-1940.0936195122;2.1375761403
22.3609698492;26.4363559483;-1940.4022712195;2.1375761403
22.3732763819;26.9674778106;-1938.8590126829;2.6965886936
22.3855829146;27.8526809144;-1938.8590126829;4.2338732151
22.3978894472;27.3215590521;-1937.7787317073;4.5133794918
22.4101959799;27.4985996729;-1937.9330575610;3.8146138002
22.4225025126;28.0297215352;-1937.3157541463;3.6748606618
22.4348090452;27.6756402937;-1936.5441248781;7.0289359816
22.4471155779;27.6756402937;-1936.6984507317;4.3736263535
22.4594221106;28.3838027767;-1935.9268214634;5.6314045983
22.4717286432;28.2067621560;-1935.4638439024;5.2121451834
22.4840351759;28.9149246390;-1935.3095180488;6.7494297049
22.4963417085;29.0919652598;-1932.8403043902;6.4699234283
22.5086482412;29.4460465014;-1935.9268214634;6.4699234283
22.5209547739;29.4460465014;-1936.2354731707;9.9637518863
22.5332613065;28.9149246390;-1934.2292370732;6.8891828432
22.5455678392;29.6230871221;-1934.3835629268;8.2867142264
22.5578743719;29.9771683637;-1932.3773268293;9.4047393330
22.5701809045;30.3312496052;-1932.5316526829;8.9854799180
22.5824874372;30.3312496052;-1931.7600234146;8.2867142264
22.5947939698;30.5082902260;-1931.4513717073;9.4047393330
22.6071005025;30.6853308468;-1930.0624390244;8.5662205031
22.6194070352;31.5705339506;-1932.0686751220;7.1686891199
22.6317135678;31.2164527091;-1929.7537873171;9.2649861947
22.6440201005;31.2164527091;-1931.1427200000;10.6625175779
22.6563266332;32.1016558129;-1930.3710907317;6.8891828432
22.6686331658;33.5179807791;-1929.5994614634;6.4699234283
22.6809396985;33.8720620206;-1930.3710907317;9.2649861947
22.6932462312;32.9868589168;-1929.9081131707;9.5444924713
22.7055527638;33.3409401583;-1929.1364839024;9.1252330564
22.7178592965;33.5179807791;-1928.9821580488;8.5662205031
22.7301658291;33.8720620206;-1929.4451356098;9.4047393330
22.7424723618;33.8720620206;-1929.9081131707;8.8457267797
22.7547788945;34.0491026414;-1930.5254165854;7.1686891199
22.7670854271;34.0491026414;-1928.9821580488;6.0506640133
22.7793919598;34.2261432622;-1927.7475512195;6.3301702899
22.7916984925;35.1113463660;-1928.0562029268;5.9109108750
22.8040050251;34.7572651245;-1928.8278321951;6.6096765666
22.8163115578;34.0491026414;-1929.2908097561;5.2121451834
22.8286180905;34.7572651245;-1930.2167648781;6.7494297049
22.8409246231;34.9343057452;-1928.8278321951;5.0723920451
22.8532311558;34.9343057452;-1929.4451356098;5.9109108750
22.8655376884;34.9343057452;-1928.9821580488;4.6531326301
22.8778442211;35.8195088491;-1931.4513717073;4.0941200768
22.8901507538;36.1735900906;-1929.1364839024;6.3301702899
22.9024572864;36.1735900906;-1931.6056975610;1.5785635870
22.9147638191;35.6424682283;-1930.8340682927;1.0195510337
22.9270703518;34.9343057452;-1930.3710907317;1.7183167254
22.9393768844;35.4654276076;-1930.2167648781;2.5568355553
22.9516834171;35.9965494699;-1930.6797424390;2.1375761403
22.9639899497;36.3506307114;-1931.7600234146;1.0195510337
22.9762964824;35.6424682283;-1932.0686751220;2.2773292786
22.9886030151;35.8195088491;-1932.9946302439;0.7400447571
23.0009095477;35.9965494699;-1934.6922146341;1.5785635870
23.0132160804;35.8195088491;-1934.5378887805;1.2990573104
23.0255226131;34.5802245037;-1933.6119336585;0.1810322038
23.0378291457;34.5802245037;-1933.6119336585;0.1810322038
23.0501356784;35.1113463660;-1935.1551921951;-0.6574866261
23.0624422111;34.2261432622;-1935.3095180488;-1.7755117327
23.0747487437;34.2261432622;-1935.7724956098;-1.9152648710
23.0870552764;34.4031838829;-1935.6181697561;-3.7320556692
23.0993618090;34.0491026414;-1935.9268214634;-2.1947711476
23.1116683417;34.0491026414;-1937.0071024390;-2.8935368392
23.1239748744;33.8720620206;-1937.4700800000;-2.8935368392
23.1362814070;33.1638995375;-1937.1614282927;-5.1295870524
23.1485879397;33.5179807791;-1937.0071024390;-4.9898339141
23.1608944724;34.0491026414;-1937.6244058537;-4.8500807757
23.1732010050;32.6327776752;-1938.8590126829;-6.1078590206
23.1855075377;33.1638995375;-1939.6306419512;-6.2476121590
23.1978140704;32.8098182960;-1938.8590126829;-6.2476121590
23.2101206030;32.1016558129;-1939.1676643902;-8.7631686487
23.2224271357;31.9246151921;-1939.7849678049;-8.4836623721
23.2347336683;32.1016558129;-1940.2479453659;-6.8066247122
23.2470402010;31.5705339506;-1941.0195746341;-6.6668715739
23.2593467337;31.2164527091;-1941.1739004878;-9.4619343403
23.2716532663;31.7475745714;-1940.4022712195;-9.0426749254
23.2839597990;31.3934933298;-1940.5565970732;-6.9463778506
23.2962663317;30.8623714675;-1940.7109229268;-8.4836623721
23.3085728643;29.4460465014;-1940.7109229268;-8.0644029571
23.3208793970;30.5082902260;-1941.3282263415;-5.8283527440
23.3331859296;30.1542089844;-1941.0195746341;-8.0644029571
23.3454924623;29.8001277429;-1940.2479453659;-5.4090933290
23.3577989950;29.2690058806;-1941.9455297561;-6.2476121590
23.3701055276;29.2690058806;-1941.7912039024;-6.3873652973
23.3824120603;29.2690058806;-1939.7849678049;-6.2476121590
23.3947185930;28.7378840183;-1940.4022712195;-5.9681058823
23.4070251256;29.0919652598;-1940.5565970732;-5.2693401907
23.4193316583;29.2690058806;-1941.0195746341;-5.4090933290
23.4316381910;29.2690058806;-1941.9455297561;-4.0115619458
23.4439447236;28.5608433975;-1941.0195746341;-5.1295870524
23.4562512563;28.7378840183;-1940.2479453659;-3.8718088075
23.4685577889;28.9149246390;-1940.7109229268;-3.3127962542
23.4808643216;28.2067621560;-1942.0998556098;-1.6357585944
23.4931708543;29.0919652598;-1941.1739004878;-4.2910682225
23.5054773869;28.7378840183;-1940.7109229268;-1.2164991794
23.5177839196;29.9771683637;-1939.3219902439;-0.0984740728
23.5300904523;30.5082902260;-1940.0936195122;1.7183167254
23.5423969849;29.8001277429;-1939.6306419512;-0.0984740728
23.5547035176;30.1542089844;-1938.5503609756;-2.6140305626
23.5670100503;30.6853308468;-1937.9330575610;-1.0767460411
23.5793165829;30.5082902260;-1936.8527765854;1.2990573104
23.5916231156;31.0394120883;-1937.9330575610;0.7400447571
23.6039296482;30.6853308468;-1937.0071024390;-0.3779803495
23.6162361809;31.3934933298;-1936.5441248781;0.3207853421
23.6285427136;31.3934933298;-1935.9268214634;1.9978230020
23.6408492462;32.1016558129;-1935.3095180488;-1.0767460411
23.6531557789;31.3934933298;-1934.3835629268;2.2773292786
23.6654623116;32.2786964337;-1936.0811473171;-0.6574866261
23.6777688442;32.2786964337;-1934.0749112195;1.9978230020
23.6900753769;32.8098182960;-1934.3835629268;2.1375761403
23.7023819095;33.1638995375;-1934.0749112195;2.2773292786
23.7146884422;33.3409401583;-1933.9205853659;1.1593041721
23.7269949749;34.0491026414;-1932.8403043902;3.5351075235
23.7393015075;34.2261432622;-1932.2230009756;3.2556012469
23.7516080402;35.2883869868;-1932.6859785366;2.2773292786
23.7639145729;35.2883869868;-1931.9143492683;0.0412790655
23.7762211055;34.7572651245;-1930.3710907317;2.6965886936
23.7885276382;35.2883869868;-1931.6056975610;4.2338732151
23.8008341709;36.1735900906;-1930.2167648781;1.2990573104
23.8131407035;36.1735900906;-1930.2167648781;2.8363418319
23.8254472362;36.8817525737;-1929.7537873171;3.5351075235
23.8377537688;36.3506307114;-1929.2908097561;4.7928857684
23.8500603015;36.8817525737;-1930.9883941463;3.9543669385
23.8623668342;37.2358338153;-1928.9821580488;3.5351075235
23.8746733668;37.5899150568;-1929.1364839024;2.8363418319
23.8869798995;37.5899150568;-1928.3648546341;5.3518983217
23.8992864322;38.6521587814;-1928.2105287805;1.9978230020
23.9115929648;37.7669556776;-1928.2105287805;3.3953543852
23.9238994975;37.9439962983;-1926.9759219512;1.0195510337
23.9362060302;38.4751181606;-1927.9018770732;1.2990573104
23.9485125628;38.6521587814;-1928.5191804878;2.8363418319
23.9608190955;38.1210369191;-1928.5191804878;1.4388104487
23.9731256281;37.9439962983;-1928.5191804878;1.8580698637
23.9854321608;39.3603212645;-1928.0562029268;4.3736263535
23.9977386935;38.4751181606;-1930.0624390244;0.8797978954
24.0100452261;39.0062400230;-1927.4388995122;0.7400447571
24.0223517588;38.8291994022;-1930.3710907317;1.5785635870
24.0346582915;39.3603212645;-1930.2167648781;-1.2164991794
24.0469648241;39.1832806437;-1930.8340682927;-0.9369929027
24.0592713568;39.5373618853;-1930.6797424390;-0.9369929027
24.0715778894;39.0062400230;-1930.0624390244;1.0195510337
24.0838844221;38.1210369191;-1930.3710907317;-2.6140305626
24.0961909548;38.6521587814;-1930.6797424390;-1.0767460411
24.1084974874;39.3603212645;-1932.3773268293;-3.0332899776
24.1208040201;38.8291994022;-1931.1427200000;-4.2910682225
24.1331105528;38.6521587814;-1932.0686751220;-5.4090933290
24.1454170854;38.2980775399;-1932.5316526829;-4.0115619458
24.1577236181;38.4751181606;-1933.4576078049;-5.2693401907
24.1700301508;37.5899150568;-1933.6119336585;-3.4525493925
24.1823366834;37.7669556776;-1932.6859785366;-6.8066247122
24.1946432161;36.5276713322;-1934.3835629268;-6.3873652973
24.2069497487;37.0587931945;-1934.3835629268;-5.2693401907
24.2192562814;36.8817525737;-1934.6922146341;-6.8066247122
24.2315628141;36.8817525737;-1935.3095180488;-9.6016874787
24.2438693467;36.5276713322;-1936.0811473171;-6.5271184356
24.2561758794;36.1735900906;-1937.6244058537;-6.5271184356
24.2684824121;36.5276713322;-1936.5441248781;-9.1824280637
24.2807889447;35.8195088491;-1936.5441248781;-8.3439092338
24.2930954774;36.7047119529;-1938.5503609756;-10.1607000319
24.3054020101;35.2883869868;-1937.9330575610;-9.3221812020
24.3177085427;35.2883869868;-1938.3960351220;-7.5053904038
24.3300150754;34.2261432622;-1938.3960351220;-11.1389720002
24.3423216080;34.9343057452;-1939.0133385366;-9.7414406170
24.3546281407;34.9343057452;-1938.5503609756;-12.1172439684
24.3669346734;34.5802245037;-1938.3960351220;-9.4619343403
24.3792412060;33.5179807791;-1939.0133385366;-10.1607000319
24.3915477387;33.8720620206;-1941.3282263415;-11.4184782768
24.4038542714;33.1638995375;-1941.0195746341;-12.2569971068
24.4161608040;33.1638995375;-1941.3282263415;-14.3532941816
24.4284673367;32.2786964337;-1940.8652487805;-14.4930473199
24.4407738693;31.7475745714;-1939.7849678049;-13.3750222133
24.4530804020;32.1016558129;-1941.4825521951;-13.2352690750
24.4653869347;31.3934933298;-1941.7912039024;-11.9774908301
24.4776934673;NaN;NaN;NaN