Time (s);ωx (rad/s);ωy (rad/s);ωz (rad/s)
0.0103239845;0.1532448018;0.0309215507;-0.2344210939
0.0206479691;0.1630607528;0.0235595875;-0.2233781491
0.0309719536;0.1765576853;0.0174246182;-0.2221511552
0.0412959381;0.1986435749;0.0125166427;-0.2282861245
0.0516199226;0.2231834522;0.0076086673;-0.2233781491
0.0619439072;0.2526313049;-0.0071152591;-0.2086542227
0.0722678917;0.2366803847;-0.0328821303;-0.1681634251
0.0825918762;0.1593797712;-0.0476060567;-0.0945437932
0.0929158607;0.0575392804;-0.0561950137;-0.0086542227
0.1032398453;-0.0774300448;-0.0684649524;0.0539224644
0.1135638298;-0.1584116399;-0.0782809033;0.0502414828
0.1238878143;-0.1939944620;-0.0795078971;0.0318365749
0.1342117988;-0.2222153209;-0.0795078971;0.0428795196
0.1445357834;-0.2516631736;-0.0917778358;0.0711003785
0.1548597679;-0.3019699221;-0.1077287560;0.1017752252
0.1651837524;-0.3841785110;-0.1224526824;0.1164991515
0.1755077369;-0.4148533577;-0.1236796763;0.1226341209
0.1858317215;-0.4099453822;-0.1040477744;0.1201801331
0.1961557060;-0.3866324988;-0.0721459340;0.1042292129
0.2064796905;-0.3436877135;-0.0488330505;0.0502414828
0.2168036750;-0.2651601061;-0.0377901057;-0.0430100509
0.2271276596;-0.1682275908;-0.0451520689;-0.1583474742
0.2374516441;-0.0774300448;-0.0476060567;-0.2515990080
0.2477756286;-0.0013564251;-0.0476060567;-0.3154026889
0.2580996132;0.0661282374;-0.0414710873;-0.3387155724
0.2684235977;0.1409748632;-0.0341091241;-0.3411695601
0.2787475822;0.2415883601;-0.0242931732;-0.3325806031
0.2890715667;0.3262509368;-0.0328821303;-0.3129487012
0.2993955513;0.3949625933;-0.0537410260;-0.2810468607
0.3097195358;0.4440423479;-0.0856428665;-0.2417830570
0.3200435203;0.4685822252;-0.1212256886;-0.2000652656
0.3303675048;0.4636742497;-0.1604894922;-0.1546664926
0.3406914894;0.4563122865;-0.1923913327;-0.1129487012
0.3510154739;0.4464963356;-0.2034342775;-0.0773658791
0.3613394584;0.3863736362;-0.2058882652;-0.0540529957
0.3716634429;0.2882141270;-0.1948453205;-0.0282861245
0.3819874275;0.2145944951;-0.1678514554;0.0122046730
0.3923114120;0.1311589123;-0.1420845843;0.0539224644
0.4026353965;0.0526313049;-0.0979128051;0.1091371884
0.4129593810;-0.0234423147;-0.0623299830;0.1729408693
0.4232833656;-0.0970619466;-0.0365631119;0.2490144890
0.4336073501;-0.1731355662;-0.0242931732;0.3164991515
0.4439313346;-0.2320312718;-0.0169312100;0.3766218509
0.4542553191;-0.2688410877;-0.0120232346;0.4318365749
0.4645793037;-0.2884729896;-0.0046612714;0.4391985380
0.4749032882;-0.2884729896;0.0088356611;0.3852108080
0.4852272727;-0.2725220693;0.0198786059;0.2944132620
0.4955512573;-0.2492091859;0.0456454771;0.1704868816
0.5058752418;-0.2001294313;0.0554614280;0.0428795196
0.5161992263;-0.1633196153;0.0603694035;-0.0589609712
0.5265232108;-0.1166938485;0.0775473176;-0.1423965540
0.5368471954;-0.0627061184;0.0922712440;-0.2111082104
0.5471711799;0.0109135135;0.1155841274;-0.2589609712
0.5574951644;0.0857601393;0.1303080538;-0.2835008485
0.5678191489;0.1471098325;0.1388970108;-0.2994517687
0.5781431335;0.1851466423;0.1462589740;-0.3043597442
0.5884671180;0.1974165810;0.1523939433;-0.2933167994
0.5987911025;0.1790116730;0.1474859679;-0.2761388853
0.6091150870;0.1520178080;0.1303080538;-0.2331941000
0.6194390716;0.1434288509;0.1119031458;-0.1755253883
0.6297630561;0.1274779307;0.0873632685;-0.1129487012
0.6400870406;0.1066190350;0.0603694035;-0.0282861245
0.6504110251;0.0820791577;0.0346025323;0.0588304399
0.6607350097;0.0550852926;0.0088356611;0.1287690902
0.6710589942;0.0109135135;-0.0120232346;0.1925727712
0.6813829787;-0.0443012104;-0.0328821303;0.2441065135
0.6917069632;-0.1166938485;-0.0488330505;0.2796893356
0.7020309478;-0.1964484497;-0.0525140321;0.2956402558
0.7123549323;-0.2712950755;-0.0512870382;0.2944132620
0.7226789168;-0.3240558116;-0.0451520689;0.2686463908
0.7330029014;-0.3326447687;-0.0377901057;0.2207936301
0.7433268859;-0.3375527442;-0.0279741548;0.1606709307
0.7536508704;-0.3166938485;-0.0046612714;0.1128181700
0.7639748549;-0.2798840325;0.0235595875;0.0698733847
0.7742988395;-0.2209883270;0.0480994648;0.0146586607
0.7846228240;-0.1301907810;0.0628233912;-0.0540529957
0.7949468085;-0.0099453822;0.0812282992;-0.1104947135
0.8052707930;0.0955760902;0.0959522256;-0.1657094374
0.8155947776;0.1876006301;0.1204921029;-0.2098812166
0.8259187621;0.2710362129;0.1499399556;-0.2258321368
0.8362427466;0.3262509368;0.1671178697;-0.2258321368
0.8465667311;0.3556987896;0.1842957838;-0.2258321368
0.8568907157;0.3606067650;0.1953387286;-0.2160161859
0.8672147002;0.3397478693;0.1953387286;-0.2049732411
0.8775386847;0.2968030841;0.1769338207;-0.1976112779
0.8878626692;0.2624472558;0.1548479311;-0.2086542227
0.8981866538;0.2207294644;0.1229460906;-0.2098812166
0.9085106383;0.1679687282;0.0898172562;-0.2025192534
0.9188346228;0.1164349859;0.0615963973;-0.1706174129
0.9291586074;0.0661282374;0.0444184832;-0.1178566767
0.9394825919;0.0195024706;0.0272405691;-0.0515990080
0.9498065764;-0.0406202288;0.0063816734;-0.0012922595
0.9601305609;-0.1056509037;-0.0058882652;0.0342905626
0.9704545455;-0.1485956889;-0.0107962407;0.0625114215
0.9807785300;-0.1719085724;-0.0083422530;0.0833703172
0.9911025145;-0.1694545847;-0.0034342775;0.0944132620
1.0014264990;-0.1473686951;0.0051546795;0.1128181700
1.0117504836;-0.1228288178;0.0112896489;0.1361310534
1.0220744681;-0.1068778975;0.0296945568;0.1520819736
1.0323984526;-0.0909269773;0.0431914894;0.1618979246
1.0427224371;-0.0823380202;0.0628233912;0.1508549798
1.0530464217;-0.0823380202;0.0836822869;0.1299960841
1.0633704062;-0.0872459957;0.1143571335;0.0919592742
1.0736943907;-0.0884729896;0.1388970108;0.0416525258
1.0840183752;-0.0860190018;0.1622098943;-0.0258321368
1.0943423598;-0.0921539712;0.1904307532;-0.0982247748
1.1046663443;-0.0933809650;0.2235595875;-0.1681634251
1.1149903288;-0.0958349528;0.2505534526;-0.2356480877
1.1253143133;-0.1081048914;0.2714123483;-0.2785928730
1.1356382979;-0.1044239098;0.2984062133;-0.2920898055
1.1459622824;-0.0933809650;0.3069951703;-0.2920898055
1.1562862669;-0.0811110264;0.3094491581;-0.2675499282
1.1666102515;-0.0590251368;0.2910442501;-0.2307401123
1.1769342360;-0.0357122534;0.2431914894;-0.1890223208
1.1872582205;-0.0136263638;0.1953387286;-0.1595744681
1.1975822050;0.0133675012;0.1450319802;-0.1338075969
1.2079061896;0.0379073785;0.0947252317;-0.1166296828
1.2182301741;0.0464963356;0.0456454771;-0.0835008485
1.2285541586;0.0477233295;-0.0071152591;-0.0307401123
1.2388781431;0.0477233295;-0.0623299830;0.0109776792
1.2492021277;0.0428153540;-0.1126367315;0.0477874951
1.2595261122;0.0391343724;-0.1433115781;0.0944132620
1.2698500967;0.0342263969;-0.1568085106;0.1349040595
1.2801740812;0.0280914276;-0.1629434800;0.1668059000
1.2904980658;0.0170484828;-0.1604894922;0.1790758387
1.3008220503;-0.0001294313;-0.1555815168;0.1803028325
1.3111460348;-0.0209883270;-0.1494465474;0.1631249184
1.3214700193;-0.0430742166;-0.1469925597;0.1312230779
1.3317940039;-0.0590251368;-0.1420845843;0.0870512988
1.3421179884;-0.0700680816;-0.1433115781;0.0453335074
1.3524419729;-0.0737490632;-0.1322686333;0.0207936301
1.3627659574;-0.0639331123;-0.1224526824;0.0023887221
1.3730899420;-0.0369392472;-0.1065017622;-0.0172431797
1.3834139265;-0.0173073454;-0.1028207806;-0.0540529957
1.3937379110;-0.0050374067;-0.0930048297;-0.0798198669
1.4040618956;0.0047785442;-0.0819618849;-0.0994517687
1.4143858801;0.0182754767;-0.0721459340;-0.1092677196
1.4247098646;0.0244104460;-0.0549680198;-0.1006787626
1.4350338491;0.0366803847;-0.0390170996;-0.0871818300
1.4453578337;0.0428153540;-0.0193851978;-0.0638689466
1.4556818182;0.0526313049;-0.0120232346;-0.0430100509
1.4660058027;0.0698092190;-0.0120232346;-0.0160161859
1.4763297872;0.0771711822;-0.0120232346;0.0085236914
1.4866537718;0.0820791577;-0.0132502284;0.0220206239
1.4969777563;0.0845331454;-0.0071152591;0.0257016055
1.5073017408;0.0833061515;-0.0095692468;0.0293825871
1.5176257253;0.0771711822;-0.0193851978;0.0465605012
1.5279497099;0.0698092190;-0.0267471609;0.0772353479
1.5382736944;0.0624472558;-0.0353361180;0.1177261454
1.5485976789;0.0599932681;-0.0439250751;0.1582169430
1.5589216634;0.0575392804;-0.0549680198;0.1852108080
1.5692456480;0.0489503233;-0.0611029892;0.1815298264
1.5795696325;0.0464963356;-0.0660109646;0.1753948571
1.5898936170;0.0440423479;-0.0733729278;0.1594439368
1.6002176015;0.0366803847;-0.0758269155;0.1275420963
1.6105415861;0.0231834522;-0.0672379585;0.0735543663
1.6208655706;0.0084595258;-0.0635569769;0.0109776792
1.6311895551;-0.0136263638;-0.0488330505;-0.0319671061
1.6415135397;-0.0283502902;-0.0316551364;-0.0405560632
1.6518375242;-0.0541171613;-0.0206121916;-0.0295131184
1.6621615087;-0.0798840325;-0.0095692468;-0.0160161859
1.6724854932;-0.0946079589;0.0014736980;-0.0111082104
1.6828094778;-0.0909269773;0.0076086673;-0.0209241613
1.6931334623;-0.0811110264;0.0100626550;-0.0381020754
1.7034574468;-0.0602521307;0.0161976243;-0.0466910325
1.7137814313;-0.0357122534;0.0100626550;-0.0601879650
1.7241054159;-0.0148533577;0.0137436366;-0.0724579037
1.7344294004;0.0084595258;0.0125166427;-0.0773658791
1.7447533849;0.0207294644;0.0112896489;-0.0589609712
1.7550773694;0.0231834522;0.0063816734;-0.0368750816
1.7654013540;0.0268644338;-0.0071152591;-0.0160161859
1.7757253385;0.0244104460;-0.0218391855;-0.0037462472
1.7860493230;0.0244104460;-0.0341091241;0.0036157160
1.7963733075;0.0293184215;-0.0451520689;0.0122046730
1.8066972921;0.0415883601;-0.0549680198;0.0146586607
1.8170212766;0.0477233295;-0.0476060567;0.0281555933
1.8273452611;0.0538582988;-0.0512870382;0.0367445503
1.8376692456;0.0550852926;-0.0549680198;0.0441065135
1.8479932302;0.0403613663;-0.0439250751;0.0539224644
1.8583172147;0.0256374399;-0.0304281425;0.0612844276
1.8686411992;0.0109135135;-0.0206121916;0.0637384154
1.8789651838;-0.0050374067;-0.0144772223;0.0674193969
1.8892891683;-0.0271232963;-0.0144772223;0.0539224644
1.8996131528;-0.0369392472;-0.0046612714;0.0404255319
1.9099371373;-0.0393932350;0.0088356611;0.0257016055
1.9202611219;-0.0479821920;0.0198786059;0.0122046730
1.9305851064;-0.0443012104;0.0444184832;-0.0000652656
1.9409090909;-0.0320312718;0.0628233912;-0.0074272288
1.9512330754;-0.0197613331;0.0861362746;-0.0049732411
1.9615570600;-0.0050374067;0.1008602010;0.0060697037
1.9718810445;0.0023245565;0.1069951703;0.0060697037
1.9822050290;0.0342263969;0.0947252317;-0.0147891920
1.9925290135;0.0563122865;0.0836822869;-0.0442370448
2.0028529981;0.0685822252;0.0640503851;-0.0650959405
2.0131769826;0.0759441884;0.0554614280;-0.0798198669
2.0235009671;0.0845331454;0.0431914894;-0.0761388853
2.0338249516;0.0857601393;0.0272405691;-0.0675499282
2.0441489362;0.0968030841;0.0039276857;-0.0626419527
2.0544729207;0.0968030841;-0.0206121916;-0.0528260018
2.0647969052;0.1017110595;-0.0426980812;-0.0368750816
2.0751208897;0.1115270104;-0.0561950137;0.0134316669
2.0854448743;0.1066190350;-0.0733729278;0.0661924031
2.0957688588;0.0759441884;-0.0782809033;0.1704868816
2.1060928433;0.0612202620;-0.0635569769;0.3091371884
2.1164168279;0.1176619798;-0.0488330505;0.3790758387
2.1267408124;0.2673552313;-0.0426980812;0.3410390288
2.1370647969;0.0133675012;-0.0279741548;0.1999347344
2.1473887814;-0.5031969159;0.0002467041;-0.0123352043
2.1577127660;-0.7657736031;0.0358295262;-0.2098812166
2.1680367505;-0.5915404742;0.0554614280;-0.3387155724
2.1783607350;-0.0565711491;0.0579154157;-0.3706174129
2.1886847195;0.5802386669;0.0566884219;-0.3669364313
2.1990087041;1.2010975626;0.0554614280;-0.3374885785
2.2093326886;1.7876006301;0.0554614280;-0.2920898055
2.2196566731;2.3569257834;0.0542344341;-0.2209241613
2.2299806576;2.8918951086;0.0468724710;-0.1252186399
2.2403046422;3.3164349859;0.0382835139;-0.0123352043
2.2506286267;3.5937355994;0.0382835139;0.1017752252
2.2609526112;3.6955760902;0.0346025323;0.2158856546
2.2712765957;3.6231834522;0.0321485446;0.3238611147
2.2816005803;3.3949625933;0.0382835139;0.4122046730
2.2919245648;3.0452693417;0.0370565200;0.4760083540
2.3022485493;2.6109135135;0.0395105078;0.5250881086
2.3125725338;2.1311589123;0.0468724710;0.5459470043
2.3228965184;1.5937355994;0.0456454771;0.5545359614
2.3332205029;1.0293184215;0.0456454771;0.5349040595
2.3435444874;0.5017110595;0.0480994648;0.4944132620
2.3538684720;0.0698092190;0.0493264587;0.4379715442
2.3641924565;-0.2332582656;0.0530074403;0.3569899491
2.3745164410;-0.3915404742;0.0517804464;0.2600574338
2.3848404255;-0.3780435417;0.0480994648;0.1594439368
2.3951644101;-0.1890864865;0.0542344341;0.0625114215
2.4054883946;0.1569257834;0.0566884219;-0.0209241613
2.4158123791;0.6231834522;0.0566884219;-0.0920898055
2.4261363636;1.1900546178;0.0603694035;-0.1423965540
2.4364603482;1.8145944951;0.0579154157;-0.1767523822
2.4467843327;2.4464963356;0.0591424096;-0.1902493147
2.4571083172;3.0403613663;0.0579154157;-0.1816603577
2.4674323017;3.5691957221;0.0566884219;-0.1522125049
2.4777562863;3.9949625933;0.0542344341;-0.1031327503
2.4880802708;4.2624472558;0.0530074403;-0.0356480877
2.4984042553;4.3495638203;0.0468724710;0.0379715442
2.5087282398;4.2563122865;0.0407375016;0.1189531393
2.5190522244;3.9655147405;0.0407375016;0.2011617282
2.5293762089;3.5458828387;0.0395105078;0.2760083540
2.5397001934;3.0207294644;0.0444184832;0.3410390288
2.5500241779;2.4219564583;0.0456454771;0.3901187834
2.5603481625;1.7961895871;0.0493264587;0.4257016055
2.5706721470;1.1667417344;0.0468724710;0.4416525258
2.5809961315;0.5409748632;0.0480994648;0.4330635687
2.5913201161;-0.0332582656;0.0431914894;0.4060697037
2.6016441006;-0.5252828055;0.0407375016;0.3680328939
2.6119680851;-0.9019699221;0.0382835139;0.3091371884
2.6222920696;-1.1584116399;0.0382835139;0.2342905626
2.6326160542;-1.2712950755;0.0407375016;0.1496279859
2.6429400387;-1.2369392472;0.0395105078;0.0625114215
2.6532640232;-1.0663871000;0.0407375016;-0.0160161859
2.6635880077;-0.7854055049;0.0480994648;-0.0957707871
2.6739119923;-0.4369392472;0.0493264587;-0.1669364313
2.6842359768;-0.0357122534;0.0554614280;-0.2233781491
2.6945599613;0.3741036976;0.0554614280;-0.2712309098
2.7048839458;0.7741036976;0.0554614280;-0.3092677196
2.7152079304;1.1360668877;0.0542344341;-0.3276726276
2.7255319149;1.4452693417;0.0480994648;-0.3325806031
2.7358558994;1.6796251699;0.0480994648;-0.3215376583
2.7461798839;1.8035515503;0.0407375016;-0.2933167994
2.7565038685;1.7925086055;0.0358295262;-0.2503720141
2.7668278530;1.6391343724;0.0272405691;-0.1951572902
2.7771518375;1.3385208755;0.0247865814;-0.1387155724
2.7874758221;0.9323859061;0.0186516121;-0.0773658791
2.7977998066;0.4428153540;0.0076086673;-0.0270591307
2.8081237911;-0.1031969159;0.0039276857;0.0122046730
2.8184477756;-0.6896999834;0.0002467041;0.0465605012
2.8287717602;-1.2909269773;-0.0022072836;0.0747813601
2.8390957447;-1.8872459957;-0.0095692468;0.0968672497
2.8494197292;-2.4430742166;-0.0144772223;0.1066832006
2.8597437137;-2.9473686951;-0.0242931732;0.1054562068
2.8700676983;-3.3694545847;-0.0316551364;0.0919592742
2.8803916828;-3.6700680816;-0.0341091241;0.0625114215
2.8907156673;-3.8197613331;-0.0353361180;0.0195666362
2.9010396518;-3.8013564251;-0.0353361180;-0.0331941000
2.9113636364;-3.6271232963;-0.0390170996;-0.0969977810
2.9216876209;-3.3105588791;-0.0341091241;-0.1632554497
2.9320116054;-2.8946079589;-0.0255201671;-0.2270591307
2.9423355899;-2.4074913945;-0.0181582039;-0.2896358178
2.9526595745;-1.8946079589;-0.0107962407;-0.3374885785
2.9629835590;-1.3719085724;0.0002467041;-0.3841143454
2.9733075435;-0.8762030509;0.0027006918;-0.4196971675
2.9836315280;-0.4528901675;0.0027006918;-0.4454640386
2.9939555126;-0.1301907810;0.0076086673;-0.4479180264
3.0042794971;0.0599932681;0.0051546795;-0.4381020754
3.0146034816;0.0931221025;-0.0034342775;-0.4111082104
3.0249274662;-0.0234423147;-0.0009802898;-0.3742983945
3.0352514507;-0.2946079589;0.0014736980;-0.3215376583
3.0455754352;-0.6737490632;-0.0034342775;-0.2638689466
3.0558994197;-1.1326447687;-0.0107962407;-0.2037462472
3.0662234043;-1.6406202288;-0.0144772223;-0.1460775356
3.0765473888;-2.1510496767;-0.0218391855;-0.0920898055
3.0868713733;-2.6271232963;-0.0242931732;-0.0466910325
3.0971953578;-3.0516631736;-0.0267471609;-0.0062002350
3.1075193424;-3.3964484497;-0.0292011487;0.0220206239
3.1178433269;-3.6357122534;-0.0390170996;0.0453335074
3.1281673114;-3.7301907810;-0.0439250751;0.0612844276
3.1384912959;-3.6627061184;-0.0439250751;0.0698733847
3.1488152805;-3.4455282043;-0.0537410260;0.0649654092
3.1591392650;-3.0896999834;-0.0537410260;0.0502414828
3.1694632495;-2.6246693086;-0.0488330505;0.0342905626
3.1797872340;-2.1179208423;-0.0463790628;0.0109776792
3.1901112186;-1.5817245233;-0.0500600444;-0.0221511552
3.2004352031;-1.0443012104;-0.0390170996;-0.0626419527
3.2107591876;-0.4958349528;-0.0365631119;-0.1006787626
3.2210831721;0.0379073785;-0.0377901057;-0.1374885785
3.2314071567;0.5188889736;-0.0365631119;-0.1669364313
3.2417311412;0.9274779307;-0.0316551364;-0.1877953270
3.2520551257;1.2440423479;-0.0279741548;-0.2000652656
3.2623791103;1.4477233295;-0.0377901057;-0.2049732411
3.2727030948;1.5237969491;-0.0390170996;-0.2012922595
3.2830270793;1.4747171945;-0.0451520689;-0.1902493147
3.2933510638;1.3139809982;-0.0488330505;-0.1681634251
3.3036750484;1.0734902006;-0.0451520689;-0.1387155724
3.3139990329;0.7728767037;-0.0488330505;-0.1006787626
3.3243230174;0.4403613663;-0.0574220076;-0.0565069834
3.3346470019;0.0808521638;-0.0647839708;-0.0062002350
3.3449709865;-0.2786570386;-0.0660109646;0.0441065135
3.3552949710;-0.6038104129;-0.0709189401;0.1030022190
3.3656189555;-0.8651601061;-0.0770539094;0.1680328939
3.3759429400;-1.0381662411;-0.0819618849;0.2244746117
3.3862669246;-1.0946079589;-0.0905508419;0.2772353479
3.3965909091;-1.0295772840;-0.0893238481;0.3189531393
3.4069148936;-0.8418472227;-0.0930048297;0.3520819736
3.4172388781;-0.5338717626;-0.0979128051;0.3668059000
3.4275628627;-0.1240558116;-0.0966858113;0.3717138755
3.4378868472;0.3520178080;-0.1003667928;0.3643519123
3.4482108317;0.8906681147;-0.0917778358;0.3471739982
3.4585348162;1.4734902006;-0.0807348910;0.3128181700
3.4688588008;2.0514043111;-0.0758269155;0.2698733847
3.4791827853;2.5925086055;-0.0672379585;0.2232476178
3.4895067698;3.0661282374;-0.0574220076;0.1643519123
3.4998307544;3.4464963356;-0.0476060567;0.0993212374
3.5101547389;3.7078460288;-0.0451520689;0.0404255319
3.5204787234;3.8379073785;-0.0488330505;-0.0123352043
3.5308027079;3.8023245565;-0.0463790628;-0.0577339773
3.5411266925;3.6170484828;-0.0451520689;-0.0920898055
3.5514506770;3.3029380534;-0.0549680198;-0.1068137319
3.5617746615;2.8980300779;-0.0635569769;-0.1068137319
3.5720986460;2.4293184215;-0.0635569769;-0.0957707871
3.5824226306;1.9262509368;-0.0696919462;-0.0700039159
3.5927466151;1.4207294644;-0.0733729278;-0.0282861245
3.6030705996;0.9471098325;-0.0807348910;0.0146586607
3.6133945841;0.5458828387;-0.0807348910;0.0625114215
3.6237185687;0.2464963356;-0.0880968542;0.1250881086
3.6340425532;0.0698092190;-0.0856428665;0.1864378019
3.6443665377;0.0207294644;-0.0831888787;0.2514684767
3.6546905222;0.1053920411;-0.0930048297;0.3017752252
3.6650145068;0.3250239430;-0.0954588174;0.3459470043
3.6753384913;0.6452693417;-0.0893238481;0.3704868816
3.6856624758;1.0379073785;-0.0856428665;0.3753948571
3.6959864603;1.4514043111;-0.0819618849;0.3643519123
3.7063104449;1.8624472558;-0.0733729278;0.3324500718
3.7166344294;2.2673552313;-0.0647839708;0.2821433233
3.7269584139;2.6121405074;-0.0586490014;0.2232476178
3.7372823985;2.8820791577;-0.0512870382;0.1508549798
3.7476063830;3.0526313049;-0.0463790628;0.0674193969
3.7579303675;3.1078460288;-0.0414710873;-0.0098812166
3.7682543520;3.0280914276;-0.0426980812;-0.0896358178
3.7785783366;2.8219564583;-0.0439250751;-0.1644824435
3.7889023211;2.5164349859;-0.0451520689;-0.2233781491
3.7992263056;2.1188889736;-0.0512870382;-0.2761388853
3.8095502901;1.6366803847;-0.0611029892;-0.3154026889
3.8198742747;1.1188889736;-0.0623299830;-0.3362615846
3.8301982592;0.6133675012;-0.0745999217;-0.3387155724
3.8405222437;0.1323859061;-0.0782809033;-0.3203106644
3.8508462282;-0.3436877135;-0.0782809033;-0.2896358178
3.8611702128;-0.7964484497;-0.0782809033;-0.2479180264
3.8714941973;-1.1817245233;-0.0807348910;-0.1951572902
3.8818181818;-1.4872459957;-0.0844158726;-0.1313536092
3.8921421663;-1.6958349528;-0.0868698603;-0.0601879650
3.9024661509;-1.7989024374;-0.0844158726;0.0122046730
3.9127901354;-1.7976754435;-0.0880968542;0.0661924031
3.9231141199;-1.6884729896;-0.0979128051;0.1250881086
3.9334381044;-1.5007429282;-0.0966858113;0.1704868816
3.9437620890;-1.2443012104;-0.1003667928;0.1999347344
3.9540860735;-0.9436877135;-0.1065017622;0.2195666362
3.9644100580;-0.6308042779;-0.1003667928;0.2183396423
3.9747340426;-0.3265097994;-0.1003667928;0.2011617282
3.9850580271;-0.0467551982;-0.0942318235;0.1680328939
3.9953820116;0.1741036976;-0.1003667928;0.1189531393
4.0057059961;0.3336129000;-0.0979128051;0.0551494583
4.0160299807;0.3974165810;-0.0979128051;-0.0184701736
4.0263539652;0.3495638203;-0.0942318235;-0.0933167994
4.0366779497;0.1876006301;-0.0954588174;-0.1742983945
4.0470019342;-0.0639331123;-0.0942318235;-0.2503720141
4.0573259188;-0.4074913945;-0.0954588174;-0.3129487012
4.0676499033;-0.8271232963;-0.0905508419;-0.3706174129
4.0779738878;-1.2982889405;-0.0942318235;-0.4111082104
4.0882978723;-1.7841785110;-0.0917778358;-0.4295131184
4.0986218569;-2.2663871000;-0.0880968542;-0.4282861245
4.1089458414;-2.7179208423;-0.0844158726;-0.4111082104
4.1192698259;-3.1130128669;-0.0819618849;-0.3693904190
4.1295938104;-3.4173073454;-0.0795078971;-0.3129487012
4.1399177950;-3.6111723761;-0.0795078971;-0.2405560632
4.1502417795;-3.6700680816;-0.0807348910;-0.1534394988
4.1605657640;-3.5939944620;-0.0831888787;-0.0540529957
4.1708897485;-3.4013564251;-0.0807348910;0.0306095810
4.1812137331;-3.0958349528;-0.0856428665;0.1079101945
4.1915377176;-2.7117858730;-0.0942318235;0.1753948571
4.2018617021;-2.2847920080;-0.0954588174;0.2293825871
4.2121856867;-1.8369392472;-0.0966858113;0.2661924031
4.2225096712;-1.3952214558;-0.1015937867;0.2784623417
4.2328336557;-0.9804975294;-0.1065017622;0.2747813601
4.2431576402;-0.6234423147;-0.1040477744;0.2526954706
4.2534816248;-0.3424607196;-0.1015937867;0.2085236914
4.2638056093;-0.1670005969;-0.0991397990;0.1471739982
4.2741295938;-0.1179208423;-0.0954588174;0.0772353479
4.2844535783;-0.1780435417;-0.0942318235;0.0085236914
4.2947775629;-0.3363257503;-0.0966858113;-0.0687769221
4.3051015474;-0.5694545847;-0.0917778358;-0.1374885785
4.3154255319;-0.8577981429;-0.0905508419;-0.1988382718
4.3257495164;-1.1780435417;-0.0930048297;-0.2515990080
4.3360735010;-1.5056509037;-0.0893238481;-0.2896358178
4.3463974855;-1.8111723761;-0.0880968542;-0.2994517687
4.3567214700;-2.0811110264;-0.0844158726;-0.2945437932
4.3670454545;-2.2995159343;-0.0868698603;-0.2687769221
4.3773694391;-2.4197613331;-0.0844158726;-0.2319671061
4.3876934236;-2.4443012104;-0.0856428665;-0.1865683331
4.3980174081;-2.3657736031;-0.0831888787;-0.1154026889
4.4083413926;-2.1829515172;-0.0868698603;-0.0393290693
4.4186653772;-1.9117858730;-0.0893238481;0.0318365749
4.4289893617;-1.5620926215;-0.0856428665;0.1042292129
4.4393133462;-1.1584116399;-0.0905508419;0.1741678632
4.4496373308;-0.7203748301;-0.0966858113;0.2367445503
4.4599613153;-0.2430742166;-0.0930048297;0.2944132620
4.4702852998;0.2354533908;-0.0954588174;0.3398120350
4.4806092843;0.7004840657;-0.0991397990;0.3692598877
4.4909332689;1.1250239430;-0.0905508419;0.3827568203
4.5012572534;1.4906681147;-0.0856428665;0.3778488448
4.5115812379;1.7814656607;-0.0795078971;0.3606709307
4.5219052224;1.9802386669;-0.0721459340;0.3214071270
4.5322292070;2.0796251699;-0.0611029892;0.2661924031
4.5425531915;2.0869871331;-0.0574220076;0.2060697037
4.5528771760;1.9888276239;-0.0561950137;0.1349040595
4.5632011605;1.8207294644;-0.0525140321;0.0612844276
4.5735251451;1.5937355994;-0.0561950137;-0.0000652656
4.5838491296;1.3262509368;-0.0525140321;-0.0700039159
4.5941731141;1.0268644338;-0.0512870382;-0.1313536092
4.6044970986;0.7385208755;-0.0537410260;-0.1816603577
4.6148210832;0.4759441884;-0.0574220076;-0.2135621981
4.6251450677;0.2661282374;-0.0611029892;-0.2319671061
4.6354690522;0.1287049245;-0.0647839708;-0.2319671061
4.6457930368;0.0747171945;-0.0684649524;-0.2160161859
4.6561170213;0.1164349859;-0.0635569769;-0.1804333638
4.6664410058;0.2649012436;-0.0611029892;-0.1338075969
4.6767649903;0.5201159675;-0.0623299830;-0.0749118914
4.6870889749;0.8477233295;-0.0611029892;-0.0049732411
4.6974129594;1.2256374399;-0.0647839708;0.0526954706
4.7077369439;1.6280914276;-0.0660109646;0.1177261454
4.7180609284;2.0501773172;-0.0598759953;0.1766218509
4.7283849130;2.4550852926;-0.0586490014;0.2220206239
4.7387088975;2.8133675012;-0.0549680198;0.2563764522
4.7490328820;3.1029380534;-0.0476060567;0.2821433233
4.7593568665;3.3152079920;-0.0402440935;0.2858243049
4.7696808511;3.4170484828;-0.0341091241;0.2747813601
4.7800048356;3.4035515503;-0.0279741548;0.2391985380
4.7903288201;3.2661282374;-0.0181582039;0.1876647957
4.8006528046;3.0293184215;-0.0169312100;0.1275420963
4.8109767892;2.7201159675;-0.0181582039;0.0588304399
4.8213007737;2.3507908141;-0.0157042162;-0.0123352043
4.8316247582;1.9385208755;-0.0169312100;-0.0835008485
4.8419487427;1.5188889736;-0.0242931732;-0.1583474742
4.8522727273;1.1188889736;-0.0242931732;-0.2233781491
4.8625967118;0.7569257834;-0.0255201671;-0.2761388853
4.8729206963;0.4612202620;-0.0230661793;-0.3190836705
4.8832446809;0.2379073785;-0.0292011487;-0.3423965540
4.8935686654;0.1041650472;-0.0353361180;-0.3473045294
4.9038926499;0.0649012436;-0.0328821303;-0.3313536092
4.9142166344;0.1017110595;-0.0353361180;-0.3092677196
4.9245406190;0.2256374399;-0.0328821303;-0.2712309098
4.9348646035;0.4170484828;-0.0328821303;-0.2196971675
4.9451885880;0.6428153540;-0.0353361180;-0.1706174129
4.9555125725;0.8968030841;-0.0377901057;-0.1141756951
4.9658365571;1.1409748632;-0.0365631119;-0.0503720141
4.9761605416;1.3716497098;-0.0377901057;0.0023887221
4.9864845261;1.5569257834;-0.0353361180;0.0428795196
4.9968085106;1.6955760902;-0.0390170996;0.0784623417
5.0071324952;1.7593797712;-0.0377901057;0.1103641822
5.0174564797;1.7397478693;-0.0365631119;0.1361310534
5.0277804642;1.6305454153;-0.0377901057;0.1459470043
5.0381044487;1.4354533908;-0.0390170996;0.1385850411
5.0484284333;1.1716497098;-0.0353361180;0.1201801331
5.0587524178;0.8501773172;-0.0365631119;0.0895052865
5.0690764023;0.4783981761;-0.0353361180;0.0526954706
5.0794003868;0.0820791577;-0.0353361180;0.0097506853
5.0897243714;-0.3228288178;-0.0304281425;-0.0417830570
5.1000483559;-0.7338717626;-0.0328821303;-0.0957707871
5.1103723404;-1.1301907810;-0.0390170996;-0.1509855110
5.1206963250;-1.4982889405;-0.0377901057;-0.2000652656
5.1310203095;-1.8209883270;-0.0353361180;-0.2454640386
5.1413442940;-2.0688410877;-0.0328821303;-0.2822738546
5.1516682785;-2.2369392472;-0.0267471609;-0.3068137319
5.1619922631;-2.3216018239;-0.0242931732;-0.3154026889
5.1723162476;-2.3093318853;-0.0193851978;-0.3104947135
5.1826402321;-2.2173073454;-0.0120232346;-0.2969977810
5.1929642166;-2.0504361797;-0.0058882652;-0.2712309098
5.2032882012;-1.8308042779;-0.0083422530;-0.2270591307
5.2136121857;-1.5780435417;-0.0083422530;-0.1706174129
5.2239361702;-1.3081048914;-0.0095692468;-0.1154026889
5.2342601547;-1.0504361797;-0.0157042162;-0.0515990080
5.2445841393;-0.8258963024;-0.0083422530;0.0097506853
5.2549081238;-0.6443012104;-0.0107962407;0.0686463908
5.2652321083;-0.5277367932;-0.0132502284;0.1250881086
5.2755560928;-0.4909269773;-0.0181582039;0.1778488448
5.2858800774;-0.5400067319;-0.0181582039;0.2195666362
5.2962040619;-0.8982889405;-0.0328821303;0.2563764522
5.3065280464;-0.8982889405;-0.0328821303;0.2563764522
5.3168520309;-1.1792705356;-0.0341091241;0.2477874951
5.3271760155;-1.5056509037;-0.0390170996;0.2207936301
5.3375000000;-1.8504361797;-0.0377901057;0.1827568203
5.3478239845;-2.1989024374;-0.0426980812;0.1361310534
5.3581479691;-2.5166938485;-0.0476060567;0.0772353479
5.3684719536;-2.7964484497;-0.0512870382;0.0269285994
5.3787959381;-3.0001294313;-0.0537410260;-0.0282861245
5.3891199226;-3.1203748301;-0.0537410260;-0.0798198669
5.3994439072;-3.1473686951;-0.0488330505;-0.1227646521
5.4097678917;-3.0749760570;-0.0463790628;-0.1595744681
5.4200918762;-2.9081048914;-0.0402440935;-0.1767523822
5.4304158607;-2.6492091859;-0.0365631119;-0.1853413393
5.4407398453;-2.3338717626;-0.0414710873;-0.1742983945
5.4510638298;-1.9780435417;-0.0365631119;-0.1534394988
5.4613878143;-1.6074913945;-0.0292011487;-0.1203106644
5.4717117988;-1.2160803515;-0.0267471609;-0.0736848975
5.4820357834;-0.8541171613;-0.0292011487;-0.0184701736
5.4923597679;-0.5375527442;-0.0230661793;0.0342905626
5.5026837524;-0.2602521307;-0.0255201671;0.0931862681
5.5130077369;-0.0393932350;-0.0279741548;0.1545359614
5.5233317215;0.0857601393;-0.0402440935;0.2109776792
5.5336557060;0.1360668877;-0.0377901057;0.2600574338
5.5439796905;0.1164349859;-0.0377901057;0.3017752252
5.5543036750;0.0305454153;-0.0377901057;0.3287690902
5.5646276596;-0.1166938485;-0.0377901057;0.3496279859
5.5749516441;-0.2946079589;-0.0365631119;0.3471739982
5.5852756286;-0.4896999834;-0.0365631119;0.3336770657
5.5955996132;-0.6860190018;-0.0414710873;0.3103641822
5.6059235977;-0.8725220693;-0.0439250751;0.2796893356
5.6162475822;-1.0271232963;-0.0439250751;0.2330635687
5.6265715667;-1.1363257503;-0.0463790628;0.1852108080
5.6368955513;-1.1780435417;-0.0451520689;0.1299960841
5.6472195358;-1.1498226828;-0.0414710873;0.0760083540
5.6575435203;-1.0430742166;-0.0402440935;0.0257016055
5.6678675048;-0.8614791245;-0.0414710873;-0.0246051429
5.6781914894;-0.6148533577;-0.0328821303;-0.0700039159
5.6885154739;-0.3093318853;-0.0255201671;-0.0994517687
5.6988394584;0.0415883601;-0.0267471609;-0.1166296828
5.7091634429;0.4133675012;-0.0292011487;-0.1313536092
5.7194874275;0.8096865196;-0.0304281425;-0.1288996215
5.7298114120;1.1925086055;-0.0242931732;-0.1215376583
5.7401353965;1.5532448018;-0.0267471609;-0.1006787626
5.7504593810;1.8869871331;-0.0242931732;-0.0724579037
5.7607833656;2.1618337589;-0.0292011487;-0.0368750816
5.7711073501;2.3667417344;-0.0292011487;0.0072966976
5.7814313346;2.4869871331;-0.0267471609;0.0453335074
5.7917553191;2.5274779307;-0.0316551364;0.0931862681
5.8020793037;2.4820791577;-0.0328821303;0.1361310534
5.8124032882;2.3593797712;-0.0341091241;0.1741678632
5.8227272727;2.1777846791;-0.0341091241;0.2048427098
5.8330512573;1.9434288509;-0.0341091241;0.2183396423
5.8433752418;1.6833061515;-0.0377901057;0.2207936301
5.8536992263;1.4133675012;-0.0377901057;0.2158856546
5.8640232108;1.1630607528;-0.0328821303;0.1974807466
5.8743471954;0.9409748632;-0.0304281425;0.1643519123
5.8846711799;0.7741036976;-0.0304281425;0.1164991515
5.8949951644;0.6808521638;-0.0341091241;0.0686463908
5.9053191489;0.6636742497;-0.0279741548;0.0146586607
5.9156431335;0.7348398939;-0.0279741548;-0.0417830570
5.9259671180;0.8734902006;-0.0242931732;-0.1031327503
5.9362911025;1.0808521638;-0.0230661793;-0.1620284558
5.9466150870;1.3422018571;-0.0267471609;-0.2111082104
5.9569390716;1.6317724092;-0.0242931732;-0.2540529957
5.9672630561;1.9237969491;-0.0218391855;-0.2810468607
5.9775870406;2.2109135135;-0.0255201671;-0.3006787626
5.9879110251;2.4649012436;-0.0292011487;-0.3031327503
5.9982350097;2.6599932681;-0.0353361180;-0.2969977810
6.0085589942;2.7888276239;-0.0426980812;-0.2810468607
6.0188829787;2.8342263969;-0.0549680198;-0.2503720141
6.0292069632;2.7900546178;-0.0586490014;-0.2172431797
6.0395309478;2.6575392804;-0.0647839708;-0.1718444067
6.0498549323;2.4526313049;-0.0647839708;-0.1264456337
6.0601789168;2.1851466423;-0.0745999217;-0.0859548362
6.0705029014;1.8661282374;-0.0807348910;-0.0430100509
6.0808268859;1.5004840657;-0.0807348910;-0.0111082104
6.0911508704;1.1311589123;-0.0807348910;0.0122046730
6.1014748549;0.7753306914;-0.0844158726;0.0281555933
6.1117988395;0.4440423479;-0.0917778358;0.0342905626
6.1221228240;0.1409748632;-0.0966858113;0.0342905626
6.1324468085;-0.1105588791;-0.0880968542;0.0281555933
6.1427707930;-0.2982889405;-0.0880968542;0.0171126485
6.1530947776;-0.4160803515;-0.0831888787;-0.0086542227
6.1634187621;-0.4663871000;-0.0868698603;-0.0442370448
6.1737427466;-0.4467551982;-0.0856428665;-0.0847278423
6.1840667311;-0.3719085724;-0.0868698603;-0.1276726276
6.1943907157;-0.2516631736;-0.0844158726;-0.1718444067
6.2047147002;-0.0958349528;-0.0795078971;-0.2123352043
6.2150386847;0.0734902006;-0.0807348910;-0.2515990080
6.2253626692;0.2440423479;-0.0807348910;-0.2798198669
6.2356866538;0.4023245565;-0.0770539094;-0.3006787626
6.2460106383;0.5237969491;-0.0770539094;-0.3190836705
6.2563346228;0.5937355994;-0.0795078971;-0.3203106644
6.2666586074;0.6133675012;-0.0782809033;-0.3117217073
6.2769825919;0.5741036976;-0.0795078971;-0.2957707871
6.2873065764;0.4612202620;-0.0868698603;-0.2663229343
6.2976305609;0.2796251699;-0.0856428665;-0.2258321368
6.3079545455;0.0415883601;-0.0856428665;-0.1792063699
6.3182785300;-0.2430742166;-0.0942318235;-0.1301266153
6.3286025145;-0.5645466092;-0.0893238481;-0.0785928730
6.3389264990;-0.9203748301;-0.0979128051;-0.0184701736
6.3492504836;-1.2909269773;-0.1028207806;0.0281555933
6.3595744681;-1.6467551982;-0.1015937867;0.0772353479
6.3698984526;-1.9694545847;-0.1114097376;0.1275420963
6.3802224371;-2.2541171613;-0.1175447070;0.1692598877
6.3905464217;-2.4725220693;-0.1224526824;0.1999347344
6.4008704062;-2.6246693086;-0.1212256886;0.2269285994
6.4111943907;-2.6970619466;-0.1298146456;0.2379715442
6.4215183752;-2.6835650141;-0.1334956272;0.2367445503
6.4318423598;-2.5866324988;-0.1420845843;0.2232476178
6.4421663443;-2.4258963024;-0.1445385720;0.1987077405
6.4524903288;-2.2087183883;-0.1433115781;0.1668059000
6.4628143133;-1.9522766705;-0.1408575904;0.1299960841
6.4731382979;-1.6823380202;-0.1384036027;0.0858243049
6.4834622824;-1.4234423147;-0.1359496149;0.0477874951
6.4937862669;-1.1755895540;-0.1359496149;0.0134316669
6.5041102515;-0.9706815785;-0.1359496149;-0.0135621981
6.5144342360;-0.8271232963;-0.1334956272;-0.0430100509
6.5247582205;-0.7510496767;-0.1273606579;-0.0601879650
6.5350822050;-0.7522766705;-0.1285876517;-0.0601879650
6.5454061896;-0.8320312718;-0.1261336640;-0.0552799896
6.5557301741;-0.9743625601;-0.1261336640;-0.0356480877
6.5660541586;-1.1743625601;-0.1322686333;-0.0000652656
6.5763781431;-1.4160803515;-0.1334956272;0.0367445503
6.5867021277;-1.6590251368;-0.1359496149;0.0858243049
6.5970261122;-1.9081048914;-0.1408575904;0.1324500718
6.6073500967;-2.1301907810;-0.1457655659;0.1901187834
6.6176740812;-2.3093318853;-0.1555815168;0.2477874951
6.6279980658;-2.4332582656;-0.1666244616;0.3042292129
6.6383220503;-2.4872459957;-0.1715324370;0.3545359614
6.6486460348;-2.4700680816;-0.1776674063;0.3901187834
6.6589700193;-2.3719085724;-0.1874833573;0.4195666362
6.6692940039;-2.1927674681;-0.1948453205;0.4379715442
6.6796179884;-1.9498226828;-0.2009802898;0.4416525258
6.6899419729;-1.6590251368;-0.2009802898;0.4293825871
6.7002659574;-1.3326447687;-0.2058882652;0.4072966976
6.7105899420;-0.9878594926;-0.2083422530;0.3741678632
6.7209139265;-0.6357122534;-0.2034342775;0.3299960841
6.7312379110;-0.2982889405;-0.1985263020;0.2735543663
6.7415618956;0.0072325319;-0.1960723143;0.2171126485
6.7518858801;0.2685822252;-0.1972993082;0.1496279859
6.7622098646;0.4918951086;-0.1887103511;0.0882782927
6.7725338491;0.6563122865;-0.1850293695;0.0355175565
6.7828578337;0.7569257834;-0.1801213941;-0.0086542227
6.7931818182;0.7912816117;-0.1813483879;-0.0503720141
6.8035058027;0.7642877466;-0.1813483879;-0.0798198669
6.8138297872;0.6869871331;-0.1813483879;-0.0994517687
6.8241537718;0.5716497098;-0.1801213941;-0.1043597442
6.8344777563;0.4256374399;-0.1788944002;-0.1031327503
6.8448017408;0.2722632068;-0.1801213941;-0.0871818300
6.8551257253;0.1274779307;-0.1874833573;-0.0614149589
6.8654497099;0.0121405074;-0.1874833573;-0.0307401123
6.8757736944;-0.0860190018;-0.1801213941;0.0085236914
6.8860976789;-0.1424607196;-0.1838023757;0.0441065135
6.8964216634;-0.1350987564;-0.1788944002;0.0845973111
6.9067456480;-0.0700680816;-0.1838023757;0.1238611147
6.9170696325;0.0563122865;-0.1850293695;0.1557629552
6.9273936170;0.2379073785;-0.1850293695;0.1803028325
6.9377176015;0.4845331454;-0.1862563634;0.1888917896
6.9480415861;0.7691957221;-0.1801213941;0.1876647957
6.9583655706;1.0771711822;-0.1776674063;0.1668059000
6.9686895551;1.3949625933;-0.1776674063;0.1336770657
6.9790135397;1.7176619798;-0.1727594309;0.0858243049
6.9893375242;2.0182754767;-0.1604894922;0.0281555933
6.9996615087;2.2857601393;-0.1543545229;-0.0381020754
7.0099854932;2.4968030841;-0.1568085106;-0.1252186399
7.0203094778;2.6329994031;-0.1604894922;-0.2098812166
7.0306334623;2.6918951086;-0.1653974677;-0.2957707871
7.0409574468;2.6783981761;-0.1678514554;-0.3755253883
7.0512814313;2.5900546178;-0.1739864247;-0.4479180264
7.0616054159;2.4366803847;-0.1801213941;-0.4994517687
7.0719294004;2.2256374399;-0.1850293695;-0.5374885785
7.0822533849;1.9814656607;-0.1948453205;-0.5583474742
7.0925773694;1.7176619798;-0.2058882652;-0.5595744681
7.1029013540;1.4624472558;-0.2181582039;-0.5497585172
7.1132253385;1.2182754767;-0.2193851978;-0.5252186399
7.1235493230;1.0023245565;-0.2206121916;-0.4785928730
7.1338733075;0.8452693417;-0.2279741548;-0.4270591307
7.1441972921;0.7520178080;-0.2353361180;-0.3657094374
7.1545212766;0.7188889736;-0.2390170996;-0.3019057564
7.1648452611;0.7507908141;-0.2365631119;-0.2417830570
7.1751692456;0.8489503233;-0.2402440935;-0.1865683331
7.1854932302;0.9974165810;-0.2353361180;-0.1411695601
7.1958172147;1.1802386669;-0.2316551364;-0.1129487012
7.2061411992;1.3802386669;-0.2414710873;-0.1006787626
7.2164651838;1.5790116730;-0.2390170996;-0.0994517687
7.2267891683;1.7532448018;-0.2402440935;-0.1117217073
7.2371131528;1.8906681147;-0.2390170996;-0.1399425662
7.2474371373;1.9900546178;-0.2390170996;-0.1902493147
7.2577611219;2.0293184215;-0.2402440935;-0.2381020754
7.2680851064;2.0010975626;-0.2402440935;-0.2957707871
7.2784090909;1.9090730227;-0.2426980812;-0.3571204804
7.2887330754;1.7471098325;-0.2488330505;-0.4196971675
7.2990570600;1.5299319184;-0.2525140321;-0.4761388853
7.3093810445;1.2636742497;-0.2549680198;-0.5154026889
7.3197050290;0.9765576853;-0.2623299830;-0.5436235478
7.3300290135;0.6649012436;-0.2672379585;-0.5583474742
7.3403529981;0.3409748632;-0.2745999217;-0.5509855110
7.3506769826;0.0305454153;-0.2745999217;-0.5387155724
7.3610009671;-0.2614791245;-0.2745999217;-0.5019057564
7.3713249516;-0.5203748301;-0.2721459340;-0.4540529957
7.3816489362;-0.7424607196;-0.2745999217;-0.3877953270
7.3919729207;-0.9105588791;-0.2758269155;-0.3104947135
7.4022969052;-1.0258963024;-0.2758269155;-0.2258321368
7.4126208897;-1.0835650141;-0.2819618849;-0.1288996215
7.4229448743;-1.0860190018;-0.2807348910;-0.0331941000
7.4332688588;-1.0418472227;-0.2795078971;0.0477874951
7.4435928433;-0.9559576521;-0.2831888787;0.1250881086
7.4539168279;-0.8369392472;-0.2880968542;0.2023887221
7.4642408124;-0.7019699221;-0.2844158726;0.2649654092
7.4745647969;-0.5645466092;-0.2831888787;0.3128181700
7.4848887814;-0.4393932350;-0.2905508419;0.3447200104
7.4952127660;-0.3387797380;-0.2819618849;0.3655789061
7.5055367505;-0.2762030509;-0.2868698603;0.3704868816
7.5158607350;-0.2614791245;-0.2868698603;0.3606709307
7.5261847195;-0.3019699221;-0.2844158726;0.3385850411
7.5365087041;-0.4001294313;-0.2819618849;0.3079101945
7.5468326886;-0.5510496767;-0.2844158726;0.2711003785
7.5571566731;-0.7522766705;-0.2844158726;0.2330635687
7.5674806576;-0.9939944620;-0.2807348910;0.1937997650
7.5778046422;-1.2627061184;-0.2819618849;0.1618979246
7.5881286267;-1.5412337258;-0.2831888787;0.1398120350
7.5984526112;-1.8197613331;-0.2819618849;0.1275420963
7.6087765957;-2.0737490632;-0.2868698603;0.1373580473
7.6191005803;-2.2909269773;-0.2893238481;0.1582169430
7.6294245648;-2.4577981429;-0.2893238481;0.1913457773
7.6397485493;-2.5645466092;-0.2942318235;0.2391985380
7.6500725338;-2.6025834190;-0.2979128051;0.3030022190
7.6603965184;-2.5645466092;-0.3114097376;0.3803028325
7.6707205029;-2.4639331123;-0.3187717008;0.4539224644
7.6810444874;-2.3031969159;-0.3261336640;0.5349040595
7.6913684720;-2.0921539712;-0.3359496149;0.6146586607
7.7016924565;-1.8467551982;-0.3408575904;0.6821433233
7.7120164410;-1.5866324988;-0.3469925597;0.7422660227
7.7223404255;-1.3412337258;-0.3580355045;0.7852108080
7.7326644101;-1.1081048914;-0.3653974677;0.8146586607
7.7429883946;-0.9044239098;-0.3641704738;0.8318365749
7.7533123791;-0.7498226828;-0.3678514554;0.8306095810
7.7636363636;-0.6467551982;-0.3666244616;0.8122046730
7.7739603482;-0.6050374067;-0.3690784493;0.7803028325
7.7842843327;-0.6173073454;-0.3703054432;0.7312230779
7.7946083172;-0.6847920080;-0.3715324370;0.6711003785
7.8049323017;-0.7903134804;-0.3752134186;0.6036157160
7.8152562863;-0.9277367932;-0.3727594309;0.5349040595
7.8255802708;-1.0798840325;-0.3776674063;0.4674193969
7.8359042553;-1.2320312718;-0.3813483879;0.4023887221
7.8462282398;-1.3731355662;-0.3838023757;0.3471739982
7.8565522244;-1.4811110264;-0.3801213941;0.2956402558
7.8668762089;-1.5485956889;-0.3764404125;0.2600574338
7.8772001934;-1.5645466092;-0.3850293695;0.2367445503
7.8875241779;-1.5277367932;-0.3874833573;0.2207936301
7.8978481625;-1.4357122534;-0.3911643389;0.2158856546
7.9081721470;-1.2823380202;-0.3887103511;0.2232476178
7.9184961315;-1.0872459957;-0.3936183266;0.2318365749
7.9288201161;-0.8516631736;-0.3923913327;0.2391985380
7.9391441006;-0.5854055049;-0.3923913327;0.2526954706
7.9494680851;-0.2995159343;-0.3923913327;0.2711003785
7.9597920696;-0.0148533577;-0.3911643389;0.2772353479
7.9701160542;0.2685822252;-0.3948453205;0.2833703172
7.9804400387;0.5446558448;-0.3899373450;0.2882782927
7.9907640232;0.8010975626;-0.3825753818;0.2735543663
8.0010880077;1.0109135135;-0.3776674063;0.2502414828
8.0114119923;1.1765576853;-0.3739864247;0.2134316669
8.0217359768;1.2869871331;-0.3666244616;0.1618979246
8.0320599613;1.3446558448;-0.3678514554;0.1066832006
8.0423839458;1.3446558448;-0.3592624984;0.0441065135
8.0527079304;1.3041650472;-0.3519005352;-0.0282861245
8.0630319149;1.2158214890;-0.3408575904;-0.1154026889
8.0733558994;1.0943490963;-0.3359496149;-0.2025192534
8.0836798839;0.9556987896;-0.3347226211;-0.2859548362
8.0940038685;0.8219564583;-0.3359496149;-0.3779793761
8.1043278530;0.6882141270;-0.3347226211;-0.4601879650
8.1146518375;0.5790116730;-0.3334956272;-0.5374885785
8.1249758221;0.5017110595;-0.3249066701;-0.6049732411
8.1352998066;0.4685822252;-0.3322686333;-0.6663229343
8.1456237911;0.4845331454;-0.3310416395;-0.7055867380
8.1559477756;0.5532448018;-0.3285876517;-0.7423965540
8.1662717602;0.6747171945;-0.3310416395;-0.7644824435
8.1765957447;0.8391343724;-0.3273606579;-0.7742983945
8.1869197292;1.0477233295;-0.3298146456;-0.7816603577
8.1972437137;1.2857601393;-0.3347226211;-0.7779793761
8.2075676983;1.5299319184;-0.3408575904;-0.7657094374
8.2178916828;1.7593797712;-0.3457655659;-0.7558934865
8.2282156673;1.9704227160;-0.3445385720;-0.7436235478
8.2385396518;2.1483368264;-0.3494465474;-0.7350345908
8.2488636364;2.2710362129;-0.3604894922;-0.7264456337
8.2591876209;2.3397478693;-0.3666244616;-0.7203106644
8.2695116054;2.3446558448;-0.3776674063;-0.7190836705
8.2798355899;2.2906681147;-0.3936183266;-0.7301266153
8.2901595745;2.1728767037;-0.3997532959;-0.7436235478
8.3004835590;1.9974165810;-0.4095692468;-0.7644824435
8.3108075435;1.7826926546;-0.4169312100;-0.7877953270
8.3211315280;1.5483368264;-0.4279741548;-0.8123352043
8.3314555126;1.2955760902;-0.4316551364;-0.8368750816
8.3417794971;1.0514043111;-0.4365631119;-0.8663229343
8.3521034816;0.8207294644;-0.4426980812;-0.8908628116
8.3624274662;0.6207294644;-0.4512870382;-0.9104947135
8.3727514507;0.4599932681;-0.4537410260;-0.9264456337
8.3830754352;0.3446558448;-0.4549680198;-0.9350345908
8.3933994197;0.2845331454;-0.4574220076;-0.9350345908
8.4037234043;0.2783981761;-0.4574220076;-0.9239916460
8.4140473888;0.3164349859;-0.4611029892;-0.9129487012
8.4243713733;0.3925086055;-0.4611029892;-0.8847278423
8.4346953578;0.4943490963;-0.4647839708;-0.8515990080
8.4450193424;0.6133675012;-0.4647839708;-0.8074272288
8.4553433269;0.7323859061;-0.4684649524;-0.7595744681
8.4656673114;0.8477233295;-0.4709189401;-0.7006787626
8.4759912959;0.9372938816;-0.4807348910;-0.6381020754
8.4863152805;1.0060055380;-0.4868698603;-0.5755253883
8.4966392650;1.0293184215;-0.4868698603;-0.5043597442
8.5069632495;1.0084595258;-0.4954588174;-0.4331941000
8.5172872340;0.9385208755;-0.5003667928;-0.3595744681
8.5276112186;0.8207294644;-0.5089557499;-0.2884088239
8.5379352031;0.6587662742;-0.5089557499;-0.2160161859
8.5482591876;0.4538582988;-0.5163177131;-0.1448505417
8.5585831721;0.2244104460;-0.5187717008;-0.0736848975
8.5689071567;-0.0160803515;-0.5150907192;-0.0172431797
8.5792311412;-0.2798840325;-0.5114097376;0.0379715442
8.5895551257;-0.5449147074;-0.5199986947;0.0931862681
8.5998791103;-0.7829515172;-0.5212256886;0.1447200104
8.6102030948;-1.0050374067;-0.5249066701;0.2036157160
8.6205270793;-1.1989024374;-0.5212256886;0.2526954706
8.6308510638;-1.3498226828;-0.5163177131;0.3042292129
8.6411750484;-1.4577981429;-0.5249066701;0.3471739982
8.6514990329;-1.5117858730;-0.5285876517;0.3987077405
8.6618230174;-1.5081048914;-0.5347226211;0.4404255319
8.6721470019;-1.4553441552;-0.5347226211;0.4870512988
8.6824709865;-1.3620926215;-0.5408575904;0.5312230779
8.6927949710;-1.2430742166;-0.5445385720;0.5717138755
8.7031189555;-1.0946079589;-0.5482195536;0.6171126485
8.7134429400;-0.9412337258;-0.5506735413;0.6600574338
8.7237669246;-0.7939944620;-0.5506735413;0.7042292129
8.7340909091;-0.6627061184;-0.5506735413;0.7533089675
8.7444148936;-0.5608656276;-0.5531275290;0.8023887221
8.7547388781;-0.5007429282;-0.5555815168;0.8514684767
8.7650628627;-0.4811110264;-0.5555815168;0.9079101945
8.7753868472;-0.5056509037;-0.5604894922;0.9606709307
8.7857108317;-0.5755895540;-0.5629434800;1.0146586607
8.7960348162;-0.6896999834;-0.5678514554;1.0686463908
8.8063588008;-0.8430742166;-0.5715324370;1.1226341209
8.8166827853;-1.0222153209;-0.5764404125;1.1778488448
8.8270067698;-1.2074913945;-0.5887103511;1.2207936301
8.8373307544;-1.3952214558;-0.5960723143;1.2698733847
8.8476547389;-1.5719085724;-0.6083422530;1.3103641822
8.8579787234;-1.7117858730;-0.6206121916;1.3361310534
8.8683027079;-1.8074913945;-0.6365631119;1.3533089675
8.8786266925;-1.8553441552;-0.6561950137;1.3655789061
8.8889506770;-1.8541171613;-0.6635569769;1.3643519123
8.8992746615;-1.7952214558;-0.6819618849;1.3545359614
8.9095986460;-1.6749760570;-0.6942318235;1.3312230779
8.9199226306;-1.5154668546;-0.7052747683;1.3005482313
8.9302466151;-1.3216018239;-0.7187717008;1.2539224644
8.9405705996;-1.1056509037;-0.7249066701;1.2060697037
8.9508945841;-0.8786570386;-0.7298146456;1.1533089675
8.9612185687;-0.6479821920;-0.7347226211;1.0944132620
8.9715425532;-0.4295772840;-0.7347226211;1.0257016055
8.9818665377;-0.2357122534;-0.7322686333;0.9606709307
8.9921905222;-0.0786570386;-0.7261336640;0.8968672497
9.0025145068;0.0428153540;-0.7285876517;0.8379715442
9.0128384913;0.1115270104;-0.7347226211;0.7803028325
9.0231624758;0.1434288509;-0.7224526824;0.7299960841
9.0334864603;0.1323859061;-0.7212256886;0.6895052865
9.0438104449;0.0857601393;-0.7212256886;0.6490144890
9.0541344294;0.0219564583;-0.7138637254;0.6085236914
9.0644584139;-0.0737490632;-0.7114097376;0.5827568203
9.0747823985;-0.1780435417;-0.7089557499;0.5545359614
9.0851063830;-0.2786570386;-0.7114097376;0.5250881086
9.0954303675;-0.3694545847;-0.7126367315;0.4944132620
9.1057543520;-0.4418472227;-0.7114097376;0.4588304399
9.1160783366;-0.4798840325;-0.7126367315;0.4183396423
9.1264023211;-0.4872459957;-0.7052747683;0.3741678632
9.1367263056;-0.4590251368;-0.7114097376;0.3177261454
9.1470502901;-0.3976754435;-0.7052747683;0.2465605012
9.1573742747;-0.2958349528;-0.7003667928;0.1704868816
9.1676982592;-0.1559576521;-0.6930048297;0.0821433233
9.1780222437;0.0109135135;-0.6966858113;-0.0098812166
9.1883462282;0.1888276239;-0.6893238481;-0.1215376583
9.1986702128;0.3814656607;-0.6782809033;-0.2417830570
9.2089941973;0.5790116730;-0.6672379585;-0.3693904190
9.2193181818;0.7716497098;-0.6635569769;-0.4957707871
9.2296421663;0.9385208755;-0.6611029892;-0.6307401123
9.2399661509;1.0820791577;-0.6537410260;-0.7583474742
9.2502901354;1.1912816117;-0.6574220076;-0.8847278423
9.2606141199;1.2550852926;-0.6611029892;-0.9988382718
9.2709381044;1.2771711822;-0.6586490014;-1.0994517687
9.2812620890;1.2587662742;-0.6611029892;-1.1939302963
9.2915860735;1.1961895871;-0.6684649524;-1.2724579037
9.3019100580;1.0955760902;-0.6733729278;-1.3288996215
9.3122340426;0.9691957221;-0.6819618849;-1.3681634251
9.3225580271;0.8231834522;-0.6893238481;-1.3951572902
9.3328820116;0.6673552313;-0.6942318235;-1.4049732411
9.3432059961;0.5127540043;-0.6930048297;-1.4025192534
9.3535299807;0.3704227160;-0.6979128051;-1.3902493147
9.3638539652;0.2599932681;-0.7015937867;-1.3742983945
9.3741779497;0.1716497098;-0.7003667928;-1.3558934865
9.3845019342;0.1237969491;-0.7003667928;-1.3387155724
9.3948259188;0.1176619798;-0.7015937867;-1.3166296828
9.4051499033;0.1532448018;-0.6954588174;-1.3092677196
9.4154738878;0.2268644338;-0.6942318235;-1.3104947135
9.4257978723;0.3225699552;-0.6942318235;-1.3215376583
9.4361218569;0.4464963356;-0.6930048297;-1.3436235478
9.4464458414;0.5777846791;-0.6917778358;-1.3730714006
9.4567698259;0.7078460288;-0.6979128051;-1.4209241613
9.4670938104;0.8207294644;-0.7040477744;-1.4675499282
9.4774177950;0.9066190350;-0.7101827438;-1.5166296828
9.4877417795;0.9667417344;-0.7138637254;-1.5669364313
9.4980657640;0.9851466423;-0.7199986947;-1.6111082104
9.5083897485;0.9642877466;-0.7347226211;-1.6515990080
9.5187137331;0.9053920411;-0.7420845843;-1.6749118914
9.5290377176;0.8023245565;-0.7506735413;-1.6785928730
9.5393617021;0.6685822252;-0.7580355045;-1.6626419527
9.5496856867;0.5090730227;-0.7690784493;-1.6331941000
9.5600096712;0.3336129000;-0.7813483879;-1.5779793761
9.5703336557;0.1507908141;-0.7862563634;-1.5006787626
9.5806576402;-0.0173073454;-0.7825753818;-1.4049732411
9.5909816248;-0.1780435417;-0.7862563634;-1.2908628116
9.6013056093;-0.3179208423;-0.7887103511;-1.1681634251
9.6116295938;-0.4258963024;-0.7948453205;-1.0295131184
9.6219535783;-0.5068778975;-0.7923913327;-0.8859548362
9.6322775629;-0.5461417012;-0.7936183266;-0.7448505417
9.6426015474;-0.5485956889;-0.7948453205;-0.6062002350
9.6529255319;-0.5191478362;-0.7960723143;-0.4687769221
9.6632495164;-0.4541171613;-0.8009802898;-0.3411695601
9.6735735010;-0.2627061184;-0.8022072836;-0.1313536092
9.6838974855;-0.2627061184;-0.8022072836;-0.1313536092
9.6942214700;-0.0492091859;-0.7997532959;0.0171126485
9.7045454545;0.0477233295;-0.8058882652;0.0674193969
9.7148694391;0.0477233295;-0.8058882652;0.0674193969
9.7251934236;0.1839196485;-0.8095692468;0.1545359614
9.7355174081;0.2158214890;-0.8107962407;0.1839838141
9.7458413926;0.2256374399;-0.8095692468;0.2158856546
9.7561653772;0.1974165810;-0.8144772223;0.2453335074
9.7664893617;0.1974165810;-0.8144772223;0.2453335074
9.7768133462;0.1397478693;-0.8107962407;0.2796893356
9.7871373308;-0.0406202288;-0.8058882652;0.3704868816
9.7974613153;-0.1608656276;-0.8058882652;0.4330635687
9.8077852998;-0.1608656276;-0.8058882652;0.4330635687
9.8181092843;-0.2884729896;-0.8071152591;0.5103641822
9.8284332689;-0.4099453822;-0.8144772223;0.6048427098
9.8387572534;-0.5191478362;-0.8206121916;0.7042292129
9.8490812379;-0.6087183883;-0.8279741548;0.8244746117
9.8594052224;-0.6762030509;-0.8353361180;0.9508549798
9.8697292070;-0.7105588791;-0.8414710873;1.0833703172
9.8800531915;-0.7031969159;-0.8476060567;1.2220206239
9.8903771760;-0.6651601061;-0.8549680198;1.3557629552
9.9007011605;-0.5841785110;-0.8660109646;1.4796893356
9.9110251451;-0.4688410877;-0.8782809033;1.5888917896
9.9213491296;-0.3326447687;-0.8880968542;1.6882782927
9.9316731141;-0.1804975294;-0.8844158726;1.7655789061
9.9419970986;-0.0148533577;-0.8831888787;1.8220206239
9.9523210832;0.1397478693;-0.8930048297;1.8526954706
9.9626450677;0.2894411209;-0.8930048297;1.8649654092
9.9729690522;0.4109135135;-0.8807348910;1.8514684767
9.9832930368;0.5066190350;-0.8684649524;1.8146586607
9.9936170213;0.5716497098;-0.8623299830;1.7606709307
10.0039410058;0.5925086055;-0.8537410260;1.6944132620
10.0142649903;0.5814656607;-0.8463790628;1.6220206239
10.0245889749;0.5287049245;-0.8353361180;1.5471739982
10.0349129594;0.4538582988;-0.8279741548;1.4723273724
10.0452369439;0.3507908141;-0.8267471609;1.4048427098
10.0555609284;0.2403613663;-0.8193851978;1.3471739982
10.0658849130;0.1250239430;-0.8193851978;1.3042292129
10.0762088975;0.0268644338;-0.8230661793;1.2637384154
10.0865328820;-0.0577981429;-0.8157042162;1.2428795196
10.0968568665;-0.1216018239;-0.8157042162;1.2342905626
10.1071808511;-0.1535036644;-0.8157042162;1.2330635687
10.1175048356;-0.1522766705;-0.8193851978;1.2404255319
10.1278288201;-0.1203748301;-0.8230661793;1.2490144890
10.1381528046;-0.0541171613;-0.8279741548;1.2551494583
10.1484767892;0.0403613663;-0.8292011487;1.2526954706
10.1588007737;0.1446558448;-0.8328821303;1.2441065135
10.1691247582;0.2747171945;-0.8292011487;1.2281555933
10.1794487427;0.4109135135;-0.8255201671;1.1950267589
10.1897727273;0.5397478693;-0.8181582039;1.1398120350
10.2000967118;0.6624472558;-0.8071152591;1.0686463908
10.2104206963;0.7569257834;-0.7960723143;0.9778488448
10.2207446809;0.8280914276;-0.7899373450;0.8649654092
10.2310686654;0.8612202620;-0.7813483879;0.7471739982
10.2413926499;0.8575392804;-0.7703054432;0.6146586607
10.2517166344;0.8280914276;-0.7641704738;0.4784623417
10.2620406190;0.7532448018;-0.7568085106;0.3349040595
10.2723646035;0.6526313049;-0.7519005352;0.1827568203
10.2826885880;0.5360668877;-0.7445385720;0.0502414828
10.2930125725;0.3961895871;-0.7420845843;-0.0798198669
10.3033365571;0.2440423479;-0.7408575904;-0.2098812166
10.3136605416;0.0943490963;-0.7371766088;-0.3276726276
10.3239845261;-0.0467551982;-0.7273606579;-0.4319671061
10.3343085106;-0.1817245233;-0.7249066701;-0.5239916460
10.3446324952;-0.3019699221;-0.7212256886;-0.6049732411
10.3549564797;-0.3866324988;-0.7199986947;-0.6798198669
10.3652804642;-0.4467551982;-0.7163177131;-0.7338075969
10.3756044487;-0.4774300448;-0.7150907192;-0.7828873515
10.3859284333;-0.4712950755;-0.7077287560;-0.8221511552
10.3962524178;-0.4381662411;-0.7052747683;-0.8540529957
10.4065764023;-0.3792705356;-0.7015937867;-0.8822738546
10.4169003868;-0.3056509037;-0.6991397990;-0.9166296828
10.4272243714;-0.2160803515;-0.6966858113;-0.9473045294
10.4375483559;-0.1301907810;-0.6942318235;-0.9755253883
10.4478723404;-0.0479821920;-0.6966858113;-1.0086542227
10.4581963250;0.0195024706;-0.6991397990;-1.0503720141
10.4685203095;0.0599932681;-0.7077287560;-1.0957707871
10.4788442940;0.0698092190;-0.7089557499;-1.1411695601
10.4891682785;0.0575392804;-0.7138637254;-1.1927033024
10.4994922631;0.0121405074;-0.7040477744;-1.2528260018
10.5098162476;-0.0725220693;-0.7052747683;-1.3092677196
10.5201402321;-0.1927674681;-0.7028207806;-1.3706174129
10.5304642166;-0.3400067319;-0.7015937867;-1.4282861245
10.5407882012;-0.5068778975;-0.7003667928;-1.4785928730
10.5511121857;-0.6700680816;-0.7003667928;-1.5264456337
10.5614361702;-0.8443012104;-0.6942318235;-1.5632554497
10.5717601547;-1.0062644006;-0.6856428665;-1.5841143454
10.5820841393;-1.1449147074;-0.6733729278;-1.5939302963
10.5924081238;-1.2516631736;-0.6660109646;-1.5939302963
10.6027321083;-1.3277367932;-0.6549680198;-1.5828873515
10.6130560928;-1.3584116399;-0.6426980812;-1.5546664926
10.6233800774;-1.3449147074;-0.6279741548;-1.5154026889
10.6337040619;-1.2995159343;-0.6144772223;-1.4687769221
10.6440280464;-1.2185343393;-0.6107962407;-1.4111082104
10.6543520309;-1.1081048914;-0.6046612714;-1.3436235478
10.6646760155;-0.9804975294;-0.5985263020;-1.2724579037
10.6750000000;-0.8406202288;-0.5923913327;-1.1976112779
10.6853239845;-0.7044239098;-0.5911643389;-1.1288996215
10.6956479691;-0.5829515172;-0.5911643389;-1.0565069834
10.7059719536;-0.4737490632;-0.5923913327;-0.9902493147
10.7162959381;-0.3903134804;-0.5887103511;-0.9252186399
10.7266199226;-0.3375527442;-0.5923913327;-0.8626419527
10.7369439072;-0.3191478362;-0.5911643389;-0.8098812166
10.7472678917;-0.3252828055;-0.5936183266;-0.7595744681
10.7575918762;-0.3633196153;-0.5923913327;-0.7080407258
10.7679158607;-0.4271232963;-0.5923913327;-0.6515990080
10.7782398453;-0.5044239098;-0.5936183266;-0.6049732411
10.7885638298;-0.5952214558;-0.5936183266;-0.5509855110
10.7988878143;-0.6872459957;-0.5972993082;-0.5006787626
10.8092117988;-0.7719085724;-0.5948453205;-0.4454640386
10.8195357834;-0.8418472227;-0.5936183266;-0.3841143454
10.8298597679;-0.8884729896;-0.5923913327;-0.3190836705
10.8401837524;-0.9093318853;-0.5923913327;-0.2528260018
10.8505077369;-0.9031969159;-0.5936183266;-0.1804333638
10.8608317215;-0.8602521307;-0.5997532959;-0.0994517687
10.8711557060;-0.7829515172;-0.6009802898;-0.0209241613
10.8814796905;-0.6823380202;-0.6022072836;0.0539224644
10.8918036750;-0.5412337258;-0.6058882652;0.1287690902
10.9021276596;-0.3780435417;-0.6083422530;0.2146586607
10.9124516441;-0.1976754435;-0.6157042162;0.2980942436
10.9227756286;-0.0185343393;-0.6169312100;0.3741678632
10.9330996132;0.1642877466;-0.6267471609;0.4539224644
10.9434235977;0.3495638203;-0.6292011487;0.5312230779
10.9537475822;0.5103000166;-0.6328821303;0.6036157160
10.9640715667;0.6526313049;-0.6316551364;0.6698733847
10.9743955513;0.7716497098;-0.6316551364;0.7324500718
10.9847195358;0.8599932681;-0.6279741548;0.7901187834
10.9950435203;0.9115270104;-0.6267471609;0.8428795196
11.0053675048;0.9348398939;-0.6242931732;0.8907322804
11.0156914894;0.9225699552;-0.6242931732;0.9312230779
11.0260154739;0.8857601393;-0.6193851978;0.9692598877
11.0363394584;0.8329994031;-0.6169312100;1.0036157160
11.0466634429;0.7618337589;-0.6144772223;1.0355175565
11.0569874275;0.6869871331;-0.6181582039;1.0551494583
11.0673114120;0.6170484828;-0.6181582039;1.0735543663
11.0776353965;0.5606067650;-0.6181582039;1.0919592742
11.0879593810;0.5274779307;-0.6157042162;1.1091371884
11.0982833656;0.5164349859;-0.6193851978;1.1140451638
11.1086073501;0.5311589123;-0.6157042162;1.1177261454
11.1189313346;0.5826926546;-0.6206121916;1.1201801331
11.1292553191;0.6636742497;-0.6218391855;1.1177261454
11.1395793037;0.7753306914;-0.6144772223;1.1054562068
11.1499032882;0.9078460288;-0.6071152591;1.0944132620
11.1602272727;1.0501773172;-0.5997532959;1.0784623417
11.1705512573;1.2035515503;-0.5936183266;1.0637384154
11.1808752418;1.3544717957;-0.5923913327;1.0416525258
11.1911992263;1.4894411209;-0.5838023757;1.0220206239
11.2015232108;1.5961895871;-0.5739864247;0.9974807466
11.2118471954;1.6747171945;-0.5617164861;0.9668059000
11.2221711799;1.7237969491;-0.5543545229;0.9385850411
11.2324951644;1.7299319184;-0.5469925597;0.9103641822
11.2428191489;1.7029380534;-0.5371766088;0.8735543663
11.2531431335;1.6317724092;-0.5236796763;0.8404255319
11.2634671180;1.5323859061;-0.5150907192;0.8060697037
11.2737911025;1.4133675012;-0.5089557499;0.7717138755
11.2841150870;1.2661282374;-0.5003667928;0.7373580473
11.2944390716;1.1152079920;-0.4856428665;0.7030022190
11.3047630561;0.9606067650;-0.4819618849;0.6625114215
11.3150870406;0.8145944951;-0.4819618849;0.6207936301
11.3254110251;0.6820791577;-0.4795078971;0.5778488448
11.3357350097;0.5741036976;-0.4733729278;0.5312230779
11.3460589942;0.4882141270;-0.4672379585;0.4809163295
11.3563829787;0.4256374399;-0.4684649524;0.4293825871
11.3667069632;0.3949625933;-0.4611029892;0.3680328939
11.3770309478;0.3839196485;-0.4586490014;0.3054562068
11.3873549323;0.3998705687;-0.4598759953;0.2416525258
11.3976789168;0.4317724092;-0.4488330505;0.1692598877
11.4080029014;0.4685822252;-0.4488330505;0.1005482313
11.4183268859;0.5213429614;-0.4463790628;0.0293825871
11.4286508704;0.5667417344;-0.4414710873;-0.0430100509
11.4389748549;0.6023245565;-0.4390170996;-0.1092677196
11.4492988395;0.6207294644;-0.4390170996;-0.1792063699
11.4596228240;0.6133675012;-0.4328821303;-0.2515990080
11.4699468085;0.5814656607;-0.4341091241;-0.3203106644
11.4802707930;0.5188889736;-0.4365631119;-0.3792063699
11.4905947776;0.4293184215;-0.4328821303;-0.4331941000
11.5009187621;0.3176619798;-0.4377901057;-0.4785928730
11.5112427466;0.1790116730;-0.4377901057;-0.5141756951
11.5215667311;0.0170484828;-0.4402440935;-0.5509855110
11.5318907157;-0.1559576521;-0.4365631119;-0.5853413393
11.5422147002;-0.3412337258;-0.4377901057;-0.6049732411
11.5525386847;-0.5289637871;-0.4365631119;-0.6221511552
11.5628626692;-0.7191478362;-0.4377901057;-0.6381020754
11.5731866538;-0.8884729896;-0.4353361180;-0.6528260018
11.5835106383;-1.0320312718;-0.4341091241;-0.6552799896
11.5938346228;-1.1571846460;-0.4341091241;-0.6724579037
11.6041586074;-1.2541171613;-0.4304281425;-0.6761388853
11.6144825919;-1.3191478362;-0.4279741548;-0.6859548362
11.6248065764;-1.3522766705;-0.4157042162;-0.7019057564
11.6351305609;-1.3510496767;-0.4132502284;-0.7141756951
11.6454545455;-1.3277367932;-0.4107962407;-0.7252186399
11.6557785300;-1.2774300448;-0.4071152591;-0.7448505417
11.6661025145;-1.2123993699;-0.4071152591;-0.7755253883
11.6764264990;-1.1412337258;-0.4034342775;-0.7951572902
11.6867504836;-1.0712950755;-0.4009802898;-0.8135621981
11.6970744681;-1.0136263638;-0.3936183266;-0.8381020754
11.7073984526;-0.9731355662;-0.3838023757;-0.8540529957
11.7177224371;-0.9485956889;-0.3874833573;-0.8687769221
11.7280464217;-0.9559576521;-0.3838023757;-0.8810468607
11.7383704062;-0.9866324988;-0.3850293695;-0.8798198669
11.7486943907;-1.0443012104;-0.3813483879;-0.8761388853
11.7590183752;-1.1228288178;-0.3739864247;-0.8650959405
11.7693423598;-1.2246693086;-0.3715324370;-0.8454640386
11.7796663443;-1.3338717626;-0.3653974677;-0.8111082104
11.7899903288;-1.4467551982;-0.3617164861;-0.7718444067
11.8003143133;-1.5510496767;-0.3531275290;-0.7227646521
11.8106382979;-1.6467551982;-0.3494465474;-0.6700039159
11.8209622824;-1.7277367932;-0.3469925597;-0.6123352043
11.8312862669;-1.7706815785;-0.3445385720;-0.5534394988
11.8416102515;-1.7854055049;-0.3396305965;-0.4920898055
11.8519342360;-1.7743625601;-0.3347226211;-0.4270591307
11.8622582205;-1.7252828055;-0.3310416395;-0.3730714006
11.8725822050;-1.6406202288;-0.3310416395;-0.3239916460
11.8829061896;-1.5350987564;-0.3249066701;-0.2736848975
11.8932301741;-1.4025834190;-0.3273606579;-0.2307401123
11.9035541586;-1.2504361797;-0.3224526824;-0.1976112779
11.9138781431;-1.0946079589;-0.3187717008;-0.1657094374
11.9242021277;-0.9326447687;-0.3224526824;-0.1436235478
11.9345261122;-0.7817245233;-0.3224526824;-0.1227646521
11.9448500967;-0.6320312718;-0.3175447070;-0.1080407258
11.9551740812;-0.5031969159;-0.3199986947;-0.0933167994
11.9654980658;-0.3989024374;-0.3187717008;-0.0798198669
11.9758220503;-0.3117858730;-0.3163177131;-0.0626419527
11.9861460348;-0.2455282043;-0.3187717008;-0.0442370448
11.9964700193;-0.2050374067;-0.3175447070;-0.0184701736
12.0067940039;-0.1976754435;-0.3187717008;0.0097506853
12.0171179884;-0.1964484497;-0.3212256886;0.0318365749
12.0274419729;-0.2136263638;-0.3249066701;0.0661924031
12.0377659574;-0.2271232963;-0.3249066701;0.1079101945
12.0480899420;-0.2430742166;-0.3236796763;0.1582169430
12.0584139265;-0.2504361797;-0.3285876517;0.2134316669
12.0687379110;-0.2467551982;-0.3322686333;0.2661924031
12.0790618956;-0.2295772840;-0.3359496149;0.3287690902
12.0893858801;-0.1890864865;-0.3445385720;0.3876647957
12.0997098646;-0.1265097994;-0.3457655659;0.4477874951
12.1100338491;-0.0369392472;-0.3506735413;0.5054562068
12.1203578337;0.0747171945;-0.3555815168;0.5545359614
12.1306818182;0.2047785442;-0.3604894922;0.6011617282
12.1410058027;0.3581527773;-0.3580355045;0.6318365749
12.1513297872;0.5287049245;-0.3555815168;0.6588304399
12.1616537718;0.7053920411;-0.3568085106;0.6735543663
12.1719777563;0.8833061515;-0.3592624984;0.6845973111
12.1823017408;1.0538582988;-0.3494465474;0.6772353479
12.1926257253;1.2096865196;-0.3457655659;0.6637384154
12.2029497099;1.3434288509;-0.3396305965;0.6477874951
12.2132736944;1.4514043111;-0.3347226211;0.6257016055
12.2235976789;1.5348398939;-0.3347226211;0.5937997650
12.2339216634;1.5839196485;-0.3285876517;0.5668059000
12.2442456480;1.6035515503;-0.3212256886;0.5336770657
12.2545696325;1.5986435749;-0.3150907192;0.5017752252
12.2648936170;1.5667417344;-0.3089557499;0.4747813601
12.2752176015;1.5103000166;-0.3089557499;0.4539224644
12.2855415861;1.4415883601;-0.3114097376;0.4318365749
12.2958655706;1.3667417344;-0.3089557499;0.4207936301
12.3061895551;1.2918951086;-0.3052747683;0.4097506853
12.3165135397;1.2280914276;-0.3015937867;0.4097506853
12.3268375242;1.1741036976;-0.2979128051;0.4122046730
12.3371615087;1.1409748632;-0.2954588174;0.4171126485
12.3474854932;1.1299319184;-0.2954588174;0.4293825871
12.3578094778;1.1422018571;-0.2917778358;0.4367445503
12.3681334623;1.1802386669;-0.2880968542;0.4465605012
12.3784574468;1.2403613663;-0.2819618849;0.4526954706
12.3887814313;1.3090730227;-0.2819618849;0.4539224644
12.3991054159;1.3961895871;-0.2795078971;0.4514684767
12.4094294004;1.4759441884;-0.2758269155;0.4306095810
12.4197533849;1.5483368264;-0.2684649524;0.4097506853
12.4300773694;1.6109135135;-0.2561950137;0.3852108080
12.4404013540;1.6550852926;-0.2537410260;0.3447200104
12.4507253385;1.6710362129;-0.2525140321;0.2980942436
12.4610493230;1.6624472558;-0.2451520689;0.2502414828
12.4713733075;1.6121405074;-0.2377901057;0.1888917896
12.4816972921;1.5434288509;-0.2365631119;0.1312230779
12.4920212766;1.4415883601;-0.2304281425;0.0674193969
12.5023452611;1.3188889736;-0.2242931732;0.0097506853
12.5126692456;1.1777846791;-0.2267471609;-0.0442370448
12.5229932302;1.0133675012;-0.2279741548;-0.1006787626
12.5333172147;0.8452693417;-0.2206121916;-0.1509855110
12.5436411992;0.6783981761;-0.2206121916;-0.1939302963
12.5539651838;0.5164349859;-0.2267471609;-0.2258321368
12.5642891683;0.3606067650;-0.2218391855;-0.2626419527
12.5746131528;0.2231834522;-0.2230661793;-0.2871818300
12.5849371373;0.1139809982;-0.2267471609;-0.3006787626
12.5952611219;0.0293184215;-0.2206121916;-0.3117217073
12.6055851064;-0.0369392472;-0.2181582039;-0.3203106644
12.6159090909;-0.0872459957;-0.2181582039;-0.3141756951
12.6262330754;-0.1203748301;-0.2206121916;-0.3080407258
12.6365570600;-0.1326447687;-0.2181582039;-0.3080407258
12.6468810445;-0.1314177748;-0.2206121916;-0.3019057564
12.6572050290;-0.1252828055;-0.2206121916;-0.2933167994
12.6675290135;-0.1179208423;-0.2193851978;-0.2945437932
12.6778529981;-0.1130128669;-0.2206121916;-0.2982247748
12.6881769826;-0.1240558116;-0.2218391855;-0.3031327503
12.6985009671;-0.1547306583;-0.2193851978;-0.3129487012
12.7088249516;-0.1939944620;-0.2193851978;-0.3313536092
12.7191489362;-0.2614791245;-0.2242931732;-0.3473045294
12.7294729207;-0.3535036644;-0.2230661793;-0.3718444067
12.7397969052;-0.4614791245;-0.2267471609;-0.3976112779
12.7501208897;-0.5890864865;-0.2267471609;-0.4270591307
12.7604448743;-0.7375527442;-0.2230661793;-0.4565069834
12.7707688588;-0.8884729896;-0.2193851978;-0.4835008485
12.7810928433;-1.0430742166;-0.2218391855;-0.5068137319
12.7914168279;-1.2001294313;-0.2181582039;-0.5276726276
12.8017408124;-1.3559576521;-0.2107962407;-0.5399425662
12.8120647969;-1.4909269773;-0.2058882652;-0.5522125049
12.8223887814;-1.6087183883;-0.2034342775;-0.5546664926
12.8327127660;-1.6995159343;-0.1997532959;-0.5509855110
12.8430367505;-1.7596386337;-0.1985263020;-0.5387155724
12.8533607350;-1.7927674681;-0.1960723143;-0.5154026889
12.8636847195;-1.7890864865;-0.1899373450;-0.4908628116
12.8740087041;-1.7596386337;-0.1862563634;-0.4552799896
12.8843326886;-1.7056509037;-0.1825753818;-0.4111082104
12.8946566731;-1.6308042779;-0.1776674063;-0.3718444067
12.9049806576;-1.5449147074;-0.1788944002;-0.3288996215
12.9153046422;-1.4577981429;-0.1764404125;-0.2810468607
12.9256286267;-1.3694545847;-0.1739864247;-0.2393290693
12.9359526112;-1.2946079589;-0.1752134186;-0.1939302963
12.9462765957;-1.2332582656;-0.1727594309;-0.1595744681
12.9566005803;-1.1792705356;-0.1788944002;-0.1276726276
12.9669245648;-1.1547306583;-0.1764404125;-0.1006787626
12.9772485493;-1.1510496767;-0.1776674063;-0.0773658791
12.9875725338;-1.1731355662;-0.1752134186;-0.0614149589
12.9978965184;-1.2123993699;-0.1776674063;-0.0565069834
13.0082205029;-1.2663871000;-0.1776674063;-0.0503720141
13.0185444874;-1.3216018239;-0.1764404125;-0.0503720141
13.0288684720;-1.3804975294;-0.1776674063;-0.0515990080
13.0391924565;-1.4295772840;-0.1801213941;-0.0515990080
13.0495164410;-1.4712950755;-0.1727594309;-0.0491450202
13.0598404255;-1.4958349528;-0.1764404125;-0.0442370448
13.0701644101;-1.4884729896;-0.1727594309;-0.0417830570
13.0804883946;-1.4627061184;-0.1715324370;-0.0270591307
13.0908123791;-1.4062644006;-0.1666244616;-0.0111082104
13.1011363636;-1.3130128669;-0.1715324370;0.0072966976
13.1114603482;-1.2062644006;-0.1788944002;0.0293825871
13.1217843327;-1.0676140939;-0.1776674063;0.0600574338
13.1321083172;-0.9019699221;-0.1727594309;0.0944132620
13.1424323017;-0.7301907810;-0.1764404125;0.1398120350
13.1527562863;-0.5571846460;-0.1752134186;0.1815298264
13.1630802708;-0.3817245233;-0.1838023757;0.2281555933
13.1734042553;-0.2160803515;-0.1813483879;0.2735543663
13.1837282398;-0.0663871000;-0.1813483879;0.3115911761
13.1940522244;0.0698092190;-0.1862563634;0.3520819736
13.2043762089;0.1912816117;-0.1936183266;0.3876647957
13.2147001934;0.2857601393;-0.1887103511;0.4109776792
13.2250241779;0.3556987896;-0.1911643389;0.4318365749
13.2353481625;0.4023245565;-0.1874833573;0.4490144890
13.2456721470;0.4354533908;-0.1838023757;0.4612844276
13.2559961315;0.4464963356;-0.1838023757;0.4625114215
13.2663201161;0.4501773172;-0.1862563634;0.4600574338
13.2766441006;0.4464963356;-0.1862563634;0.4526954706
13.2869680851;0.4379073785;-0.1887103511;0.4379715442
13.2972920696;0.4317724092;-0.1788944002;0.4183396423
13.3076160542;0.4342263969;-0.1788944002;0.4023887221
13.3179400387;0.4587662742;-0.1801213941;0.3827568203
13.3282640232;0.4955760902;-0.1825753818;0.3594439368
13.3385880077;0.5569257834;-0.1764404125;0.3349040595
13.3489119923;0.6391343724;-0.1813483879;0.3128181700
13.3592359768;0.7385208755;-0.1788944002;0.2944132620
13.3695599613;0.8538582988;-0.1727594309;0.2796893356
13.3798839458;0.9876006301;-0.1703054432;0.2661924031
13.3902079304;1.1287049245;-0.1690784493;0.2526954706
13.4005319149;1.2722632068;-0.1752134186;0.2490144890
13.4108558994;1.4158214890;-0.1653974677;0.2441065135
13.4211798839;1.5458828387;-0.1653974677;0.2465605012
13.4315038685;1.6575392804;-0.1604894922;0.2514684767
13.4418278530;1.7458828387;-0.1555815168;0.2563764522
13.4521518375;1.8121405074;-0.1543545229;0.2563764522
13.4624758221;1.8550852926;-0.1482195536;0.2576034460
13.4727998066;1.8599932681;-0.1482195536;0.2576034460
13.4831237911;1.8354533908;-0.1469925597;0.2539224644
13.4934477756;1.7900546178;-0.1445385720;0.2514684767
13.5037717602;1.7164349859;-0.1359496149;0.2404255319
13.5140957447;1.6268644338;-0.1334956272;0.2232476178
13.5244197292;1.5237969491;-0.1359496149;0.2060697037
13.5347437137;1.4219564583;-0.1359496149;0.1803028325
13.5450676983;1.3262509368;-0.1310416395;0.1508549798
13.5553916828;1.2329994031;-0.1236796763;0.1128181700
13.5657156673;1.1520178080;-0.1163177131;0.0772353479
13.5760396518;1.0992570718;-0.1126367315;0.0379715442
13.5863636364;1.0661282374;-0.1150907192;-0.0000652656
13.5966876209;1.0514043111;-0.1114097376;-0.0405560632
13.6070116054;1.0587662742;-0.1138637254;-0.0835008485
13.6173355899;1.0783981761;-0.1175447070;-0.1264456337
13.6276595745;1.1053920411;-0.1138637254;-0.1583474742
13.6379835590;1.1422018571;-0.1077287560;-0.1927033024
13.6483075435;1.1753306914;-0.1126367315;-0.2221511552
13.6586315280;1.2047785442;-0.1126367315;-0.2442370448
13.6689555126;1.2195024706;-0.1114097376;-0.2540529957
13.6792794971;1.2195024706;-0.1150907192;-0.2736848975
13.6896034816;1.1949625933;-0.1187717008;-0.2835008485
13.6999274662;1.1434288509;-0.1187717008;-0.2871818300
13.7102514507;1.0673552313;-0.1199986947;-0.2884088239
13.7205754352;0.9679687282;-0.1224526824;-0.2884088239
13.7308994197;0.8489503233;-0.1249066701;-0.2859548362
13.7412234043;0.7053920411;-0.1298146456;-0.2822738546
13.7515473888;0.5532448018;-0.1334956272;-0.2761388853
13.7618713733;0.3826926546;-0.1249066701;-0.2749118914
13.7721953578;0.2109135135;-0.1359496149;-0.2724579037
13.7825193424;0.0464963356;-0.1359496149;-0.2700039159
13.7928433269;-0.1130128669;-0.1261336640;-0.2712309098
13.8031673114;-0.2614791245;-0.1298146456;-0.2822738546
13.8134912959;-0.4013564251;-0.1334956272;-0.2920898055
13.8238152805;-0.5130128669;-0.1310416395;-0.3031327503
13.8341392650;-0.6123993699;-0.1261336640;-0.3190836705
13.8444632495;-0.6884729896;-0.1273606579;-0.3313536092
13.8547872340;-0.7375527442;-0.1261336640;-0.3485315233
13.8651112186;-0.7694545847;-0.1187717008;-0.3632554497
13.8754352031;-0.7817245233;-0.1187717008;-0.3779793761
13.8857591876;-0.7841785110;-0.1175447070;-0.3963842840
13.8960831721;-0.7780435417;-0.1163177131;-0.4074272288
13.9064071567;-0.7645466092;-0.1126367315;-0.4160161859
13.9167311412;-0.7584116399;-0.1138637254;-0.4209241613
13.9270551257;-0.7596386337;-0.1101827438;-0.4282861245
13.9373791103;-0.7719085724;-0.1065017622;-0.4233781491
13.9477030948;-0.8013564251;-0.1040477744;-0.4111082104
13.9580270793;-0.8467551982;-0.1003667928;-0.3963842840
13.9683510638;-0.9105588791;-0.1028207806;-0.3706174129
13.9786750484;-0.9927674681;-0.1015937867;-0.3436235478
13.9889990329;-1.0921539712;-0.1040477744;-0.3117217073
13.9993230174;-1.1964484497;-0.1040477744;-0.2736848975
14.0096470019;-1.3216018239;-0.1052747683;-0.2344210939
14.0199709865;-1.4406202288;-0.1003667928;-0.1963842840
14.0302949710;-1.5584116399;-0.0966858113;-0.1608014620
14.0406189555;-1.6651601061;-0.1003667928;-0.1166296828
14.0509429400;-1.7498226828;-0.1052747683;-0.0798198669
14.0612669246;-1.8173073454;-0.1138637254;-0.0454640386
14.0715909091;-1.8528901675;-0.1065017622;-0.0196971675
14.0819148936;-1.8712950755;-0.1052747683;-0.0000652656
14.0922388781;-1.8627061184;-0.1138637254;0.0171126485
14.1025628627;-1.8234423147;-0.1077287560;0.0257016055
14.1128868472;-1.7620926215;-0.1065017622;0.0293825871
14.1232108317;-1.6725220693;-0.1077287560;0.0330635687
14.1335348162;-1.5768165478;-0.1065017622;0.0342905626
14.1438588008;-1.4676140939;-0.1101827438;0.0293825871
14.1541827853;-1.3559576521;-0.1052747683;0.0330635687
14.1645067698;-1.2455282043;-0.1089557499;0.0330635687
14.1748307544;-1.1449147074;-0.1089557499;0.0355175565
14.1851547389;-1.0639331123;-0.1077287560;0.0391985380
14.1954787234;-0.9976754435;-0.1089557499;0.0502414828
14.2058027079;-0.9547306583;-0.1052747683;0.0588304399
14.2161266925;-0.9142398607;-0.1065017622;0.0784623417
14.2264506770;-0.9019699221;-0.1015937867;0.1017752252
14.2367746615;-0.9056509037;-0.1052747683;0.1214071270
14.2470986460;-0.9142398607;-0.1126367315;0.1508549798
14.2574226306;-0.9228288178;-0.1114097376;0.1852108080
14.2677466151;-0.9363257503;-0.1163177131;0.2281555933
14.2780705996;-0.9412337258;-0.1175447070;0.2637384154
14.2883945841;-0.9338717626;-0.1163177131;0.2956402558
14.2987185687;-0.9142398607;-0.1175447070;0.3324500718
14.3090425532;-0.8749760570;-0.1175447070;0.3618979246
14.3193665377;-0.8087183883;-0.1212256886;0.3950267589
14.3296905222;-0.7265097994;-0.1249066701;0.4171126485
14.3400145068;-0.6197613331;-0.1298146456;0.4355175565
14.3503384913;-0.4958349528;-0.1347226211;0.4490144890
14.3606624758;-0.3645466092;-0.1310416395;0.4576034460
14.3709864603;-0.2111723761;-0.1249066701;0.4539224644
14.3813104449;-0.0541171613;-0.1285876517;0.4539224644
14.3916344294;0.0968030841;-0.1334956272;0.4441065135
14.4019584139;0.2550852926;-0.1347226211;0.4220206239
14.4122823985;0.4084595258;-0.1261336640;0.4011617282
14.4226063830;0.5507908141;-0.1285876517;0.3753948571
14.4329303675;0.6710362129;-0.1212256886;0.3496279859
14.4432543520;0.7716497098;-0.1199986947;0.3226341209
14.4535783366;0.8612202620;-0.1187717008;0.2968672497
14.4639023211;0.9274779307;-0.1163177131;0.2711003785
14.4742263056;0.9765576853;-0.1126367315;0.2490144890
14.4845502901;1.0047785442;-0.1065017622;0.2293825871
14.4948742747;1.0133675012;-0.1065017622;0.2158856546
14.5051982592;1.0158214890;-0.1028207806;0.2023887221
14.5155222437;1.0084595258;-0.1065017622;0.1913457773
14.5258462282;0.9961895871;-0.1003667928;0.1901187834
14.5361702128;0.9900546178;-0.0979128051;0.1925727712
14.5464941973;0.9900546178;-0.1003667928;0.1937997650
14.5568181818;0.9912816117;-0.0991397990;0.1987077405
14.5671421663;1.0121405074;-0.0979128051;0.2036157160
14.5774661509;1.0464963356;-0.0966858113;0.2122046730
14.5877901354;1.0992570718;-0.0905508419;0.2158856546
14.5981141199;1.1667417344;-0.0893238481;0.2158856546
14.6084381044;1.2452693417;-0.0819618849;0.2085236914
14.6187620890;1.3372938816;-0.0880968542;0.1999347344
14.6290860735;1.4305454153;-0.0930048297;0.1852108080
14.6394100580;1.5237969491;-0.0831888787;0.1668059000
14.6497340426;1.6072325319;-0.0795078971;0.1349040595
14.6600580271;1.6783981761;-0.0733729278;0.1030022190
14.6703820116;1.7348398939;-0.0696919462;0.0674193969
14.6807059961;1.7704227160;-0.0611029892;0.0306095810
14.6910299807;1.7863736362;-0.0598759953;-0.0086542227
14.7013539652;1.7741036976;-0.0623299830;-0.0528260018
14.7116779497;1.7348398939;-0.0635569769;-0.0994517687
14.7220019342;1.6759441884;-0.0647839708;-0.1497585172
14.7323259188;1.5998705687;-0.0623299830;-0.1902493147
14.7426499033;1.5053920411;-0.0623299830;-0.2282861245
14.7529738878;1.3974165810;-0.0660109646;-0.2577339773
14.7632978723;1.2820791577;-0.0696919462;-0.2859548362
14.7736218569;1.1716497098;-0.0635569769;-0.3068137319
14.7839458414;1.0722632068;-0.0623299830;-0.3178566767
14.7942698259;0.9765576853;-0.0647839708;-0.3239916460
14.8045938104;0.8894411209;-0.0672379585;-0.3227646521
14.8149177950;0.8133675012;-0.0709189401;-0.3203106644
14.8252417795;0.7544717957;-0.0745999217;-0.3141756951
14.8355657640;0.7188889736;-0.0733729278;-0.3055867380
14.8458897485;0.6906681147;-0.0745999217;-0.2945437932
14.8562137331;0.6734902006;-0.0758269155;-0.2871818300
14.8665377176;0.6587662742;-0.0770539094;-0.2761388853
14.8768617021;0.6501773172;-0.0795078971;-0.2724579037
14.8871856867;0.6354533908;-0.0770539094;-0.2687769221
14.8975096712;0.6158214890;-0.0807348910;-0.2687769221
14.9078336557;0.5839196485;-0.0844158726;-0.2736848975
14.9181576402;0.5422018571;-0.0807348910;-0.2785928730
14.9284816248;0.4845331454;-0.0819618849;-0.2969977810
14.9388056093;0.4072325319;-0.0831888787;-0.3129487012
14.9491295938;0.3176619798;-0.0844158726;-0.3374885785
14.9594535783;0.2121405074;-0.0905508419;-0.3571204804
14.9697775629;0.0955760902;-0.0880968542;-0.3816603577
14.9801015474;-0.0246693086;-0.0844158726;-0.4037462472
14.9904255319;-0.1608656276;-0.0856428665;-0.4246051429
15.0007495164;-0.3044239098;-0.0831888787;-0.4405560632
15.0110735010;-0.4467551982;-0.0831888787;-0.4552799896
15.0213974855;-0.5841785110;-0.0782809033;-0.4614149589
15.0317214700;-0.7154668546;-0.0758269155;-0.4626419527
15.0420454545;-0.8320312718;-0.0733729278;-0.4589609712
15.0523694391;-0.9400067319;-0.0745999217;-0.4430100509
15.0626934236;-1.0295772840;-0.0782809033;-0.4246051429
15.0730174081;-1.1068778975;-0.0770539094;-0.4012922595
15.0833413926;-1.1608656276;-0.0733729278;-0.3706174129
15.0936653772;-1.2013564251;-0.0660109646;-0.3338075969
15.1039893617;-1.2246693086;-0.0672379585;-0.2957707871
15.1143133462;-1.2283502902;-0.0696919462;-0.2528260018
15.1246373308;-1.2258963024;-0.0660109646;-0.2086542227
15.1349613153;-1.2136263638;-0.0623299830;-0.1620284558
15.1452852998;-1.2001294313;-0.0672379585;-0.1239916460
15.1556092843;-1.1878594926;-0.0696919462;-0.0835008485
15.1659332689;-1.1817245233;-0.0709189401;-0.0528260018
15.1762572534;-1.1780435417;-0.0758269155;-0.0209241613
15.1865812379;-1.1927674681;-0.0684649524;0.0036157160
15.1969052224;-1.2258963024;-0.0733729278;0.0134316669
15.2072292070;-1.2614791245;-0.0758269155;0.0232476178
15.2175531915;-1.3093318853;-0.0721459340;0.0281555933
15.2278771760;-1.3657736031;-0.0696919462;0.0306095810
15.2382011605;-1.4308042779;-0.0696919462;0.0306095810
15.2485251451;-1.4958349528;-0.0709189401;0.0269285994
15.2588491296;-1.5547306583;-0.0721459340;0.0257016055
15.2691731141;-1.6099453822;-0.0745999217;0.0244746117
15.2794970986;-1.6553441552;-0.0660109646;0.0220206239
15.2898210832;-1.6823380202;-0.0721459340;0.0244746117
15.3001450677;-1.6896999834;-0.0770539094;0.0306095810
15.3104690522;-1.6712950755;-0.0745999217;0.0453335074
15.3207930368;-1.6393932350;-0.0733729278;0.0649654092
15.3311170213;-1.5878594926;-0.0758269155;0.0919592742
15.3414410058;-1.5142398607;-0.0795078971;0.1226341209
15.3517649903;-1.4258963024;-0.0819618849;0.1569899491
15.3620889749;-1.3252828055;-0.0831888787;0.1913457773
15.3724129594;-1.2136263638;-0.0831888787;0.2367445503
15.3827369439;-1.0970619466;-0.0905508419;0.2784623417
15.3930609284;-0.9829515172;-0.0893238481;0.3189531393
15.4033849130;-0.8700680816;-0.0942318235;0.3618979246
15.4137088975;-0.7694545847;-0.0942318235;0.3974807466
15.4240328820;-0.6823380202;-0.0954588174;0.4257016055
15.4343568665;-0.6038104129;-0.0991397990;0.4477874951
15.4446808511;-0.5412337258;-0.1015937867;0.4637384154
15.4550048356;-0.4921539712;-0.1028207806;0.4747813601
15.4653288201;-0.4553441552;-0.1052747683;0.4784623417
15.4756528046;-0.4148533577;-0.1052747683;0.4723273724
15.4859767892;-0.3878594926;-0.1040477744;0.4698733847
15.4963007737;-0.3584116399;-0.1040477744;0.4539224644
15.5066247582;-0.3301907810;-0.1052747683;0.4342905626
15.5169487427;-0.3019699221;-0.1101827438;0.4146586607
15.5272727273;-0.2627061184;-0.1040477744;0.3925727712
15.5375967118;-0.2185343393;-0.1028207806;0.3692598877
15.5479206963;-0.1547306583;-0.1028207806;0.3508549798
15.5582446809;-0.0786570386;-0.1003667928;0.3299960841
15.5685686654;0.0072325319;-0.0991397990;0.3079101945
15.5788926499;0.1004840657;-0.1101827438;0.2907322804
15.5892166344;0.2084595258;-0.1052747683;0.2796893356
15.5995406190;0.3299319184;-0.1077287560;0.2723273724
15.6098646035;0.4599932681;-0.1040477744;0.2649654092
15.6201885880;0.5949625933;-0.1015937867;0.2600574338
15.6305125725;0.7262509368;-0.0966858113;0.2637384154
15.6408365571;0.8526313049;-0.0905508419;0.2674193969
15.6511605416;0.9704227160;-0.0880968542;0.2711003785
15.6614845261;1.0796251699;-0.0868698603;0.2760083540
15.6718085106;1.1704227160;-0.0844158726;0.2772353479
15.6821324952;1.2415883601;-0.0844158726;0.2735543663
15.6924564797;1.2980300779;-0.0819618849;0.2747813601
15.7027804642;1.3336129000;-0.0819618849;0.2686463908
15.7131044487;1.3642877466;-0.0770539094;0.2600574338
15.7234284333;1.3679687282;-0.0745999217;0.2465605012
15.7337524178;1.3630607528;-0.0696919462;0.2232476178
15.7440764023;1.3458828387;-0.0684649524;0.2023887221
15.7544003868;1.3201159675;-0.0635569769;0.1668059000
15.7647243714;1.2931221025;-0.0598759953;0.1250881086
15.7750483559;1.2710362129;-0.0537410260;0.0882782927
15.7853723404;1.2514043111;-0.0488330505;0.0453335074
15.7956963250;1.2440423479;-0.0500600444;0.0097506853
15.8060203095;1.2477233295;-0.0476060567;-0.0319671061
15.8163442940;1.2624472558;-0.0463790628;-0.0761388853
15.8266682785;1.2869871331;-0.0414710873;-0.1264456337
15.8369922631;1.3201159675;-0.0451520689;-0.1657094374
15.8473162476;1.3581527773;-0.0488330505;-0.1939302963
15.8576402321;1.4035515503;-0.0414710873;-0.2246051429
15.8679642166;1.4489503233;-0.0426980812;-0.2528260018
15.8782882012;1.4857601393;-0.0476060567;-0.2712309098
15.8886121857;1.5127540043;-0.0488330505;-0.2871818300
15.8989361702;1.5311589123;-0.0488330505;-0.2957707871
15.9092601547;1.5311589123;-0.0525140321;-0.2994517687
15.9195841393;1.5188889736;-0.0586490014;-0.2994517687
15.9299081238;1.4820791577;-0.0598759953;-0.2969977810
15.9402321083;1.4329994031;-0.0574220076;-0.2969977810
15.9505560928;1.3606067650;-0.0611029892;-0.2908628116
15.9608800774;1.2734902006;-0.0623299830;-0.2847278423
15.9712040619;1.1753306914;-0.0611029892;-0.2822738546
15.9815280464;1.0612202620;-0.0647839708;-0.2847278423
15.9918520309;0.9507908141;-0.0696919462;-0.2835008485
16.0021760155;0.8329994031;-0.0696919462;-0.2933167994
16.0125000000;0.7164349859;-0.0660109646;-0.3031327503
16.0228239845;0.6084595258;-0.0721459340;-0.3178566767
16.0331479691;0.5029380534;-0.0696919462;-0.3362615846
16.0434719536;0.4060055380;-0.0684649524;-0.3571204804
16.0537959381;0.3213429614;-0.0733729278;-0.3865683331
16.0641199226;0.2464963356;-0.0696919462;-0.4049732411
16.0744439072;0.1839196485;-0.0733729278;-0.4270591307
16.0847678917;0.1336129000;-0.0745999217;-0.4528260018
16.0950918762;0.0894411209;-0.0721459340;-0.4712309098
16.1054158607;0.0575392804;-0.0709189401;-0.4896358178
16.1157398453;0.0280914276;-0.0672379585;-0.5031327503
16.1260638298;-0.0050374067;-0.0660109646;-0.5080407258
16.1363878143;-0.0406202288;-0.0696919462;-0.5031327503
16.1467117988;-0.0835650141;-0.0635569769;-0.5031327503
16.1570357834;-0.1314177748;-0.0647839708;-0.4969977810
16.1673597679;-0.1903134804;-0.0647839708;-0.4785928730
16.1776837524;-0.2590251368;-0.0672379585;-0.4540529957
16.1880077369;-0.3375527442;-0.0598759953;-0.4295131184
16.1983317215;-0.4320312718;-0.0623299830;-0.3976112779
16.2086557060;-0.5301907810;-0.0611029892;-0.3595744681
16.2189796905;-0.6369392472;-0.0623299830;-0.3227646521
16.2293036750;-0.7559576521;-0.0623299830;-0.2859548362
16.2396276596;-0.8712950755;-0.0635569769;-0.2454640386
16.2499516441;-0.9854055049;-0.0611029892;-0.2062002350
16.2602756286;-1.0958349528;-0.0635569769;-0.1730714006
16.2705996132;-1.2050374067;-0.0660109646;-0.1374885785
16.2809235977;-1.2958349528;-0.0611029892;-0.1129487012
16.2912475822;-1.3706815785;-0.0635569769;-0.0835008485
16.3015715667;-1.4332582656;-0.0647839708;-0.0638689466
16.3118955513;-1.4725220693;-0.0684649524;-0.0491450202
16.3222195358;-1.4958349528;-0.0672379585;-0.0405560632
16.3325435203;-1.5019699221;-0.0696919462;-0.0307401123
16.3428675048;-1.4946079589;-0.0696919462;-0.0221511552
16.3531914894;-1.4737490632;-0.0721459340;-0.0270591307
16.3635154739;-1.4455282043;-0.0647839708;-0.0221511552
16.3738394584;-1.4111723761;-0.0647839708;-0.0209241613
16.3841634429;-1.3743625601;-0.0586490014;-0.0098812166
16.3944874275;-1.3363257503;-0.0574220076;-0.0025192534
16.4048114120;-1.3068778975;-0.0623299830;0.0072966976
16.4151353965;-1.2884729896;-0.0660109646;0.0257016055
16.4254593810;-1.2786570386;-0.0623299830;0.0391985380
16.4357833656;-1.2700680816;-0.0647839708;0.0649654092
16.4461073501;-1.2712950755;-0.0672379585;0.0919592742
16.4564313346;-1.2896999834;-0.0623299830;0.1250881086
16.4667553191;-1.3031969159;-0.0684649524;0.1680328939
16.4770793037;-1.3277367932;-0.0721459340;0.2109776792
16.4874032882;-1.3485956889;-0.0758269155;0.2526954706
16.4977272727;-1.3694545847;-0.0782809033;0.2956402558
16.5080512573;-1.3731355662;-0.0819618849;0.3324500718
16.5183752418;-1.3719085724;-0.0831888787;0.3680328939
16.5286992263;-1.3633196153;-0.0917778358;0.4048427098
16.5390232108;-1.3289637871;-0.0966858113;0.4367445503
16.5493471954;-1.2762030509;-0.1028207806;0.4588304399
16.5596711799;-1.2111723761;-0.1040477744;0.4747813601
16.5699951644;-1.1277367932;-0.1126367315;0.4845973111
16.5803191489;-1.0381662411;-0.1175447070;0.4858243049
16.5906431335;-0.9277367932;-0.1163177131;0.4870512988
16.6009671180;-0.8148533577;-0.1175447070;0.4833703172
16.6112911025;-0.6933809650;-0.1212256886;0.4747813601
16.6216150870;-0.5719085724;-0.1199986947;0.4576034460
16.6319390716;-0.4528901675;-0.1187717008;0.4404255319
16.6422630561;-0.3387797380;-0.1187717008;0.4232476178
16.6525870406;-0.2320312718;-0.1187717008;0.4097506853
16.6629110251;-0.1326447687;-0.1175447070;0.3913457773
16.6732350097;-0.0443012104;-0.1175447070;0.3766218509
16.6835589942;0.0305454153;-0.1187717008;0.3606709307
16.6938829787;0.0906681147;-0.1212256886;0.3459470043
16.7042069632;0.1446558448;-0.1199986947;0.3410390288
16.7145309478;0.1925086055;-0.1199986947;0.3398120350
16.7248549323;0.2379073785;-0.1175447070;0.3385850411
16.7351789168;0.2722632068;-0.1187717008;0.3373580473
16.7455029014;0.3041650472;-0.1126367315;0.3434930166
16.7558268859;0.3385208755;-0.1114097376;0.3508549798
16.7661508704;0.3802386669;-0.1101827438;0.3557629552
16.7764748549;0.4219564583;-0.1114097376;0.3606709307
16.7867988395;0.4722632068;-0.1077287560;0.3631249184
16.7971228240;0.5385208755;-0.1028207806;0.3655789061
16.8074468085;0.6145944951;-0.0979128051;0.3594439368
16.8177707930;0.6943490963;-0.1003667928;0.3520819736
16.8280947776;0.7802386669;-0.0966858113;0.3361310534
16.8384187621;0.8747171945;-0.0942318235;0.3189531393
16.8487427466;0.9765576853;-0.0868698603;0.2956402558
16.8590667311;1.0722632068;-0.0831888787;0.2637384154
16.8693907157;1.1691957221;-0.0819618849;0.2244746117
16.8797147002;1.2624472558;-0.0758269155;0.1803028325
16.8900386847;1.3434288509;-0.0733729278;0.1361310534
16.9003626692;1.4145944951;-0.0696919462;0.0907322804
16.9106866538;1.4747171945;-0.0684649524;0.0416525258
16.9210106383;1.5188889736;-0.0611029892;0.0023887221
16.9313346228;1.5409748632;-0.0598759953;-0.0491450202
16.9416586074;1.5446558448;-0.0623299830;-0.0933167994
16.9519825919;1.5360668877;-0.0647839708;-0.1362615846
16.9623065764;1.5164349859;-0.0635569769;-0.1706174129
16.9726305609;1.4833061515;-0.0611029892;-0.2049732411
16.9829545455;1.4403613663;-0.0611029892;-0.2282861245
16.9932785300;1.3949625933;-0.0635569769;-0.2515990080
17.0036025145;1.3483368264;-0.0635569769;-0.2614149589
17.0139264990;1.3004840657;-0.0586490014;-0.2773658791
17.0242504836;1.2587662742;-0.0611029892;-0.2761388853
17.0345744681;1.2293184215;-0.0611029892;-0.2749118914
17.0448984526;1.2023245565;-0.0635569769;-0.2761388853
17.0552224371;1.1851466423;-0.0623299830;-0.2773658791
17.0655464217;1.1691957221;-0.0598759953;-0.2736848975
17.0758704062;1.1667417344;-0.0623299830;-0.2749118914
17.0861943907;1.1704227160;-0.0672379585;-0.2736848975
17.0965183752;1.1753306914;-0.0696919462;-0.2847278423
17.1068423598;1.1691957221;-0.0672379585;-0.2957707871
17.1171663443;1.1630607528;-0.0660109646;-0.3117217073
17.1274903288;1.1507908141;-0.0696919462;-0.3276726276
17.1378143133;1.1250239430;-0.0709189401;-0.3497585172
17.1481382979;1.0894411209;-0.0696919462;-0.3755253883
17.1584622824;1.0391343724;-0.0721459340;-0.4062002350
17.1687862669;0.9753306914;-0.0721459340;-0.4356480877
17.1791102515;0.8943490963;-0.0758269155;-0.4675499282
17.1894342360;0.8060055380;-0.0770539094;-0.4982247748
17.1997582205;0.7078460288;-0.0782809033;-0.5276726276
17.2100822050;0.5998705687;-0.0819618849;-0.5485315233
17.2204061896;0.4820791577;-0.0831888787;-0.5681634251
17.2307301741;0.3630607528;-0.0844158726;-0.5804333638
17.2410541586;0.2415883601;-0.0893238481;-0.5877953270
17.2513781431;0.1250239430;-0.0942318235;-0.5877953270
17.2617021277;0.0268644338;-0.0880968542;-0.5816603577
17.2720261122;-0.0786570386;-0.0844158726;-0.5669364313
17.2823500967;-0.1719085724;-0.0831888787;-0.5448505417
17.2926740812;-0.2553441552;-0.0844158726;-0.5190836705
17.3029980658;-0.3289637871;-0.0856428665;-0.4859548362
17.3133220503;-0.3903134804;-0.0856428665;-0.4491450202
17.3236460348;-0.4443012104;-0.0819618849;-0.4123352043
17.3339700193;-0.4872459957;-0.0844158726;-0.3730714006
17.3442940039;-0.5289637871;-0.0819618849;-0.3313536092
17.3546179884;-0.5633196153;-0.0782809033;-0.2957707871
17.3649419729;-0.5939944620;-0.0807348910;-0.2601879650
17.3752659574;-0.6271232963;-0.0819618849;-0.2307401123
17.3855899420;-0.6663871000;-0.0831888787;-0.2012922595
17.3959139265;-0.7093318853;-0.0831888787;-0.1779793761
17.4062379110;-0.7571846460;-0.0819618849;-0.1558934865
17.4165618956;-0.8123993699;-0.0819618849;-0.1460775356
17.4268858801;-0.8774300448;-0.0807348910;-0.1313536092
17.4372098646;-0.9461417012;-0.0758269155;-0.1239916460
17.4475338491;-1.0246693086;-0.0782809033;-0.1190836705
17.4578578337;-1.1056509037;-0.0807348910;-0.1117217073
17.4681818182;-1.1915404742;-0.0795078971;-0.1080407258
17.4785058027;-1.2700680816;-0.0745999217;-0.1019057564
17.4888297872;-1.3436877135;-0.0782809033;-0.0945437932
17.4991537718;-1.4136263638;-0.0770539094;-0.0810468607
17.5094777563;-1.4737490632;-0.0782809033;-0.0626419527
17.5198017408;-1.5166938485;-0.0745999217;-0.0405560632
17.5301257253;-1.5436877135;-0.0721459340;-0.0184701736
17.5404497099;-1.5633196153;-0.0758269155;0.0146586607
17.5507736944;-1.5694545847;-0.0807348910;0.0453335074
17.5610976789;-1.5547306583;-0.0819618849;0.0882782927
17.5714216634;-1.5265097994;-0.0819618849;0.1312230779
17.5817456480;-1.4884729896;-0.0819618849;0.1790758387
17.5920696325;-1.4381662411;-0.0856428665;0.2220206239
17.6023936170;-1.3866324988;-0.0868698603;0.2747813601
17.6127176015;-1.3301907810;-0.0942318235;0.3226341209
17.6230415861;-1.2774300448;-0.0954588174;0.3643519123
17.6333655706;-1.2209883270;-0.1015937867;0.4048427098
17.6436895551;-1.1645466092;-0.1052747683;0.4391985380
17.6540135397;-1.1240558116;-0.1126367315;0.4637384154
17.6643375242;-1.0884729896;-0.1175447070;0.4821433233
17.6746615087;-1.0651601061;-0.1199986947;0.4968672497
17.6849854932;-1.0455282043;-0.1224526824;0.5054562068
17.6953094778;-1.0246693086;-0.1249066701;0.5042292129
17.7056334623;-1.0087183883;-0.1298146456;0.5017752252
17.7159574468;-0.9952214558;-0.1322686333;0.4944132620
17.7262814313;-0.9780435417;-0.1322686333;0.4809163295
17.7366054159;-0.9522766705;-0.1371766088;0.4686463908
17.7469294004;-0.9216018239;-0.1371766088;0.4576034460
17.7572533849;-0.8811110264;-0.1347226211;0.4416525258
17.7675773694;-0.8283502902;-0.1384036027;0.4330635687
17.7779013540;-0.7645466092;-0.1384036027;0.4281555933
17.7882253385;-0.6909269773;-0.1420845843;0.4171126485
17.7985493230;-0.5976754435;-0.1408575904;0.4171126485
17.8088733075;-0.4982889405;-0.1420845843;0.4195666362
17.8191972921;-0.3989024374;-0.1420845843;0.4257016055
17.8295212766;-0.2847920080;-0.1433115781;0.4318365749
17.8398452611;-0.1706815785;-0.1433115781;0.4404255319
17.8501692456;-0.0492091859;-0.1433115781;0.4477874951
17.8604932302;0.0636742497;-0.1420845843;0.4563764522
17.8708172147;0.1691957221;-0.1494465474;0.4661924031
17.8811411992;0.2747171945;-0.1469925597;0.4747813601
17.8914651838;0.3704227160;-0.1396305965;0.4735543663
17.9017891683;0.4587662742;-0.1347226211;0.4747813601
17.9121131528;0.5323859061;-0.1359496149;0.4735543663
17.9224371373;0.6023245565;-0.1322686333;0.4649654092
17.9327611219;0.6526313049;-0.1347226211;0.4453335074
17.9430851064;0.6968030841;-0.1261336640;0.4207936301
17.9534090909;0.7348398939;-0.1199986947;0.3937997650
17.9637330754;0.7679687282;-0.1150907192;0.3594439368
17.9740570600;0.7925086055;-0.1052747683;0.3189531393
17.9843810445;0.8182754767;-0.1028207806;0.2735543663
17.9947050290;0.8415883601;-0.1015937867;0.2232476178
18.0050290135;0.8771711822;-0.0917778358;0.1741678632
18.0153529981;0.9053920411;-0.0930048297;0.1263151025
18.0256769826;0.9409748632;-0.0930048297;0.0796893356
18.0360009671;0.9876006301;-0.0917778358;0.0293825871
18.0463249516;1.0440423479;-0.0880968542;-0.0147891920
18.0566489362;1.1066190350;-0.0831888787;-0.0577339773
18.0669729207;1.1655147405;-0.0819618849;-0.0994517687
18.0772969052;1.2305454153;-0.0831888787;-0.1325806031
18.0876208897;1.2943490963;-0.0807348910;-0.1644824435
18.0979448743;1.3606067650;-0.0831888787;-0.1841143454
18.1082688588;1.4195024706;-0.0819618849;-0.1988382718
18.1185928433;1.4661282374;-0.0795078971;-0.2135621981
18.1289168279;1.5004840657;-0.0807348910;-0.2258321368
18.1392408124;1.5274779307;-0.0795078971;-0.2344210939
18.1495647969;1.5311589123;-0.0795078971;-0.2368750816
18.1598887814;1.5274779307;-0.0795078971;-0.2430100509
18.1702127660;1.5066190350;-0.0819618849;-0.2540529957
18.1805367505;1.4747171945;-0.0856428665;-0.2577339773
18.1908607350;1.4317724092;-0.0880968542;-0.2650959405
18.2011847195;1.3777846791;-0.0868698603;-0.2847278423
18.2115087041;1.3139809982;-0.0819618849;-0.2994517687
18.2218326886;1.2415883601;-0.0856428665;-0.3252186399
18.2321566731;1.1753306914;-0.0868698603;-0.3509855110
18.2424806576;1.1053920411;-0.0831888787;-0.3792063699
18.2528046422;1.0403613663;-0.0819618849;-0.4049732411
18.2631286267;0.9802386669;-0.0831888787;-0.4454640386
18.2734526112;0.9274779307;-0.0868698603;-0.4773658791
18.2837765957;0.8833061515;-0.0856428665;-0.5141756951
18.2941005803;0.8379073785;-0.0880968542;-0.5460775356
18.3044245648;0.8023245565;-0.0905508419;-0.5755253883
18.3147485493;0.7753306914;-0.0930048297;-0.6025192534
18.3250725338;0.7495638203;-0.0930048297;-0.6209241613
18.3353965184;0.7201159675;-0.1003667928;-0.6381020754
18.3457205029;0.6882141270;-0.0930048297;-0.6466910325
18.3560444874;0.6514043111;-0.1028207806;-0.6491450202
18.3663684720;0.6096865196;-0.1028207806;-0.6466910325
18.3766924565;0.5593797712;-0.1040477744;-0.6344210939
18.3870164410;0.4980300779;-0.1126367315;-0.6221511552
18.3973404255;0.4280914276;-0.1163177131;-0.6012922595
18.4076644101;0.3471098325;-0.1150907192;-0.5779793761
18.4179883946;0.2538582988;-0.1199986947;-0.5522125049
18.4283123791;0.1569257834;-0.1187717008;-0.5203106644
18.4386363636;0.0612202620;-0.1187717008;-0.4859548362
18.4489603482;-0.0455282043;-0.1187717008;-0.4515990080
18.4592843327;-0.1596386337;-0.1199986947;-0.4135621981
18.4696083172;-0.2762030509;-0.1199986947;-0.3890223208
18.4799323017;-0.3804975294;-0.1199986947;-0.3534394988
18.4902562863;-0.4811110264;-0.1199986947;-0.3252186399
18.5005802708;-0.5841785110;-0.1187717008;-0.3019057564
18.5109042553;-0.6688410877;-0.1199986947;-0.2785928730
18.5212282398;-0.7436877135;-0.1212256886;-0.2614149589
18.5315522244;-0.8160803515;-0.1199986947;-0.2479180264
18.5418762089;-0.8725220693;-0.1199986947;-0.2344210939
18.5522001934;-0.9154668546;-0.1163177131;-0.2209241613
18.5625241779;-0.9522766705;-0.1126367315;-0.2123352043
18.5728481625;-0.9792705356;-0.1150907192;-0.2049732411
18.5831721470;-0.9989024374;-0.1163177131;-0.1927033024
18.5934961315;-1.0160803515;-0.1150907192;-0.1755253883
18.6038201161;-1.0308042779;-0.1126367315;-0.1595744681
18.6141441006;-1.0455282043;-0.1126367315;-0.1399425662
18.6244680851;-1.0614791245;-0.1163177131;-0.1141756951
18.6347920696;-1.0786570386;-0.1150907192;-0.0822738546
18.6451160542;-1.1068778975;-0.1150907192;-0.0466910325
18.6554400387;-1.1400067319;-0.1138637254;-0.0037462472
18.6657640232;-1.1829515172;-0.1126367315;0.0342905626
18.6760880077;-1.2271232963;-0.1175447070;0.0760083540
18.6864119923;-1.2651601061;-0.1150907192;0.1287690902
18.6967359768;-1.3117858730;-0.1199986947;0.1790758387
18.7070599613;-1.3559576521;-0.1236796763;0.2379715442
18.7173839458;-1.3939944620;-0.1261336640;0.2870512988
18.7277079304;-1.4295772840;-0.1310416395;0.3385850411
18.7380319149;-1.4565711491;-0.1347226211;0.3815298264
18.7483558994;-1.4663871000;-0.1371766088;0.4195666362
18.7586798839;-1.4712950755;-0.1469925597;0.4539224644
18.7690038685;-1.4627061184;-0.1494465474;0.4845973111
18.7793278530;-1.4381662411;-0.1506735413;0.5030022190
18.7896518375;-1.3989024374;-0.1543545229;0.5177261454
18.7999758221;-1.3535036644;-0.1580355045;0.5287690902
18.8102998066;-1.2946079589;-0.1653974677;0.5336770657
18.8206237911;-1.2258963024;-0.1690784493;0.5312230779
18.8309477756;-1.1485956889;-0.1739864247;0.5299960841
18.8412717602;-1.0712950755;-0.1690784493;0.5238611147
18.8515957447;-0.9964484497;-0.1752134186;0.5177261454
18.8619197292;-0.9166938485;-0.1776674063;0.5103641822
18.8722437137;-0.8418472227;-0.1801213941;0.5103641822
18.8825676983;-0.7780435417;-0.1776674063;0.5066832006
18.8928916828;-0.7130128669;-0.1801213941;0.5079101945
18.9032156673;-0.6565711491;-0.1813483879;0.5079101945
18.9135396518;-0.6074913945;-0.1825753818;0.5115911761
18.9238636364;-0.5620926215;-0.1874833573;0.5164991515
18.9341876209;-0.5203748301;-0.1838023757;0.5275420963
18.9445116054;-0.4762030509;-0.1850293695;0.5385850411
18.9548355899;-0.4369392472;-0.1887103511;0.5533089675
18.9651595745;-0.3927674681;-0.1899373450;0.5631249184
18.9754835590;-0.3449147074;-0.1960723143;0.5704868816
18.9858075435;-0.2958349528;-0.1948453205;0.5815298264
18.9961315280;-0.2406202288;-0.1887103511;0.5888917896
19.0064555126;-0.1755895540;-0.1923913327;0.5925727712
19.0167794971;-0.1044239098;-0.1936183266;0.5901187834
19.0271034816;-0.0222153209;-0.1874833573;0.5803028325
19.0374274662;0.0599932681;-0.1923913327;0.5643519123
19.0477514507;0.1495638203;-0.1899373450;0.5447200104
19.0580754352;0.2489503233;-0.1899373450;0.5164991515
19.0683994197;0.3520178080;-0.1862563634;0.4870512988
19.0787234043;0.4526313049;-0.1813483879;0.4453335074
19.0890473888;0.5556987896;-0.1727594309;0.3999347344
19.0993713733;0.6440423479;-0.1678514554;0.3496279859
19.1096953578;0.7360668877;-0.1604894922;0.2956402558
19.1200193424;0.8182754767;-0.1580355045;0.2416525258
19.1303433269;0.8943490963;-0.1543545229;0.1852108080
19.1406673114;0.9569257834;-0.1482195536;0.1324500718
19.1509912959;1.0047785442;-0.1433115781;0.0784623417
19.1613152805;1.0477233295;-0.1408575904;0.0318365749
19.1716392650;1.0869871331;-0.1408575904;-0.0098812166
19.1819632495;1.1115270104;-0.1359496149;-0.0540529957
19.1922872340;1.1299319184;-0.1384036027;-0.0896358178
19.2026112186;1.1348398939;-0.1384036027;-0.1227646521
19.2129352031;1.1422018571;-0.1359496149;-0.1522125049
19.2232591876;1.1422018571;-0.1322686333;-0.1730714006
19.2335831721;1.1434288509;-0.1285876517;-0.1927033024
19.2439071567;1.1520178080;-0.1322686333;-0.2062002350
19.2542311412;1.1593797712;-0.1285876517;-0.2160161859
19.2645551257;1.1741036976;-0.1298146456;-0.2295131184
19.2748791103;1.1912816117;-0.1334956272;-0.2417830570
19.2852030948;1.2096865196;-0.1298146456;-0.2565069834
19.2955270793;1.2342263969;-0.1310416395;-0.2712309098
19.3058510638;1.2587662742;-0.1261336640;-0.2945437932
19.3161750484;1.2833061515;-0.1285876517;-0.3190836705
19.3264990329;1.3066190350;-0.1285876517;-0.3460775356
19.3368230174;1.3225699552;-0.1310416395;-0.3730714006
19.3471470019;1.3336129000;-0.1334956272;-0.4074272288
19.3574709865;1.3372938816;-0.1359496149;-0.4466910325
19.3677949710;1.3250239430;-0.1334956272;-0.4871818300
19.3781189555;1.3017110595;-0.1359496149;-0.5362615846
19.3884429400;1.2710362129;-0.1371766088;-0.5693904190
19.3987669246;1.2268644338;-0.1359496149;-0.6074272288
19.4090909091;1.1716497098;-0.1408575904;-0.6491450202
19.4194148936;1.1078460288;-0.1420845843;-0.6835008485
19.4297388781;1.0329994031;-0.1494465474;-0.7129487012
19.4400628627;0.9606067650;-0.1555815168;-0.7374885785
19.4503868472;0.8820791577;-0.1568085106;-0.7558934865
19.4607108317;0.8010975626;-0.1580355045;-0.7620284558
19.4710348162;0.7139809982;-0.1653974677;-0.7657094374
19.4813588008;0.6354533908;-0.1629434800;-0.7620284558
19.4916827853;0.5556987896;-0.1653974677;-0.7460775356
19.5020067698;0.4796251699;-0.1788944002;-0.7288996215
19.5123307544;0.4182754767;-0.1764404125;-0.7019057564
19.5226547389;0.3630607528;-0.1801213941;-0.6736848975
19.5329787234;0.3066190350;-0.1788944002;-0.6405560632
19.5433027079;0.2538582988;-0.1838023757;-0.6074272288
19.5536266925;0.2047785442;-0.1813483879;-0.5755253883
19.5639506770;0.1593797712;-0.1862563634;-0.5423965540
19.5742746615;0.1139809982;-0.1887103511;-0.5068137319
19.5845986460;0.0685822252;-0.1899373450;-0.4810468607
19.5949226306;0.0231834522;-0.1862563634;-0.4565069834
19.6052466151;-0.0332582656;-0.1838023757;-0.4295131184
19.6155705996;-0.0946079589;-0.1911643389;-0.4098812166
19.6258945841;-0.1620926215;-0.1899373450;-0.3914763086
19.6362185687;-0.2320312718;-0.1874833573;-0.3804333638
19.6465425532;-0.3105588791;-0.1825753818;-0.3632554497
19.6568665377;-0.3927674681;-0.1813483879;-0.3558934865
19.6671905222;-0.4798840325;-0.1899373450;-0.3460775356
19.6775145068;-0.5694545847;-0.1862563634;-0.3264456337
19.6878384913;-0.6577981429;-0.1813483879;-0.3080407258
19.6981624758;-0.7498226828;-0.1887103511;-0.2920898055
19.7084864603;-0.8357122534;-0.1862563634;-0.2687769221
19.7188104449;-0.9154668546;-0.1887103511;-0.2442370448
19.7291344294;-0.9854055049;-0.1899373450;-0.2098812166
19.7394584139;-1.0455282043;-0.1887103511;-0.1681634251
19.7497823985;-1.0970619466;-0.1825753818;-0.1227646521
19.7601063830;-1.1412337258;-0.1862563634;-0.0687769221
19.7704303675;-1.1731355662;-0.1923913327;-0.0123352043
19.7807543520;-1.1976754435;-0.1911643389;0.0355175565
19.7910783366;-1.2123993699;-0.1874833573;0.0956402558
19.8014023211;-1.2173073454;-0.1911643389;0.1545359614
19.8117263056;-1.2136263638;-0.1936183266;0.2183396423
19.8220502901;-1.2062644006;-0.1972993082;0.2784623417
19.8323742747;-1.1952214558;-0.2046612714;0.3398120350
19.8426982592;-1.1878594926;-0.2095692468;0.3913457773
19.8530222437;-1.1792705356;-0.2058882652;0.4367445503
19.8633462282;-1.1706815785;-0.2120232346;0.4833703172
19.8736702128;-1.1645466092;-0.2206121916;0.5226341209
19.8839941973;-1.1682275908;-0.2206121916;0.5484009920
19.8943181818;-1.1731355662;-0.2267471609;0.5680328939
19.9046421663;-1.1731355662;-0.2255201671;0.5852108080
19.9149661509;-1.1817245233;-0.2267471609;0.5962537528
19.9252901354;-1.1915404742;-0.2341091241;0.5999347344
19.9356141199;-1.1976754435;-0.2353361180;0.6023887221
19.9459381044;-1.2025834190;-0.2377901057;0.6036157160
19.9562620890;-1.1964484497;-0.2439250751;0.6023887221
19.9665860735;-1.1841785110;-0.2463790628;0.6072966976
19.9769100580;-1.1645466092;-0.2476060567;0.6085236914
19.9872340426;-1.1350987564;-0.2500600444;0.6122046730
19.9975580271;-1.0909269773;-0.2574220076;0.6232476178
20.0078820116;-1.0381662411;-0.2611029892;0.6330635687
20.0182059961;-0.9755895540;-0.2635569769;0.6391985380
20.0285299807;-0.9105588791;-0.2660109646;0.6539224644
20.0388539652;-0.8320312718;-0.2721459340;0.6747813601
20.0491779497;-0.7498226828;-0.2745999217;0.6907322804
20.0595019342;-0.6651601061;-0.2758269155;0.7079101945
20.0698259188;-0.5706815785;-0.2795078971;0.7226341209
20.0801499033;-0.4847920080;-0.2831888787;0.7422660227
20.0904738878;-0.4050374067;-0.2844158726;0.7496279859
20.1007978723;-0.3166938485;-0.2807348910;0.7569899491
20.1111218569;-0.2393932350;-0.2807348910;0.7594439368
20.1214458414;-0.1719085724;-0.2844158726;0.7557629552
20.1317698259;-0.1007429282;-0.2831888787;0.7447200104
20.1420938104;-0.0430742166;-0.2782809033;0.7214071270
20.1524177950;0.0072325319;-0.2770539094;0.6944132620
20.1627417795;0.0526313049;-0.2819618849;0.6637384154
20.1730657640;0.0955760902;-0.2819618849;0.6281555933
20.1833897485;0.1372938816;-0.2770539094;0.5839838141
20.1937137331;0.1839196485;-0.2745999217;0.5336770657
20.2040377176;0.2293184215;-0.2733729278;0.4821433233
20.2143617021;0.2771711822;-0.2623299830;0.4281555933
20.2246856867;0.3225699552;-0.2611029892;0.3680328939
20.2350096712;0.3839196485;-0.2561950137;0.3079101945
20.2453336557;0.4379073785;-0.2512870382;0.2477874951
20.2556576402;0.4992570718;-0.2463790628;0.1925727712
20.2659816248;0.5741036976;-0.2402440935;0.1349040595
20.2763056093;0.6452693417;-0.2365631119;0.0821433233
20.2866295938;0.7188889736;-0.2328821303;0.0404255319
20.2969535783;0.7998705687;-0.2292011487;0.0011617282
20.3072775629;0.8747171945;-0.2218391855;-0.0381020754
20.3176015474;0.9471098325;-0.2206121916;-0.0724579037
20.3279255319;1.0158214890;-0.2193851978;-0.1031327503
20.3382495164;1.0747171945;-0.2181582039;-0.1350345908
20.3485735010;1.1250239430;-0.2144772223;-0.1608014620
20.3588974855;1.1655147405;-0.2132502284;-0.1890223208
20.3692214700;1.1925086055;-0.2144772223;-0.2209241613
20.3795454545;1.2158214890;-0.2144772223;-0.2430100509
20.3898694391;1.2256374399;-0.2132502284;-0.2724579037
20.4001934236;1.2280914276;-0.2120232346;-0.3043597442
20.4105174081;1.2170484828;-0.2083422530;-0.3399425662
20.4208413926;1.2023245565;-0.2107962407;-0.3755253883
20.4311653772;1.1765576853;-0.2144772223;-0.4135621981
20.4414893617;1.1556987896;-0.2144772223;-0.4601879650
20.4518133462;1.1213429614;-0.2107962407;-0.5019057564
20.4621373308;1.0943490963;-0.2095692468;-0.5448505417
20.4724613153;1.0710362129;-0.2132502284;-0.5927033024
20.4827852998;1.0452693417;-0.2169312100;-0.6381020754
20.4931092843;1.0268644338;-0.2181582039;-0.6884088239
20.5034332689;1.0096865196;-0.2193851978;-0.7362615846
20.5137572534;1.0023245565;-0.2193851978;-0.7767523822
20.5240812379;0.9925086055;-0.2230661793;-0.8123352043
20.5344052224;0.9839196485;-0.2242931732;-0.8503720141
20.5447292070;0.9716497098;-0.2279741548;-0.8761388853
20.5550531915;0.9483368264;-0.2341091241;-0.9104947135
20.5653771760;0.9483368264;-0.2341091241;-0.9104947135
20.5757011605;0.9029380534;-0.2439250751;-0.9166296828
20.5860251451;0.9029380534;-0.2439250751;-0.9166296828
20.5963491296;0.8710362129;-0.2512870382;-0.9104947135
20.6066731141;0.8231834522;-0.2549680198;-0.9019057564
20.6169970986;0.7691957221;-0.2598759953;-0.8822738546
20.6273210832;0.7066190350;-0.2684649524;-0.8552799896
20.6376450677;0.6366803847;-0.2733729278;-0.8331941000
20.6479690522;0.5655147405;-0.2758269155;-0.8049732411
20.6582930368;0.4771711822;-0.2795078971;-0.7730714006
20.6686170213;0.3888276239;-0.2819618849;-0.7448505417
20.6789410058;0.3004840657;-0.2856428665;-0.7092677196
20.6892649903;0.2121405074;-0.2942318235;-0.6859548362
20.6995889749;0.1225699552;-0.2930048297;-0.6577339773
20.7099129594;0.0379073785;-0.2905508419;-0.6319671061
20.7202369439;-0.0381662411;-0.2905508419;-0.6086542227
20.7305609284;-0.1105588791;-0.2905508419;-0.5816603577
20.7408849130;-0.1804975294;-0.2893238481;-0.5558934865
20.7512088975;-0.2393932350;-0.2893238481;-0.5387155724
20.7615328820;-0.2921539712;-0.2905508419;-0.5190836705
20.7718568665;-0.3424607196;-0.2856428665;-0.4957707871
20.7821808511;-0.3854055049;-0.2844158726;-0.4712309098
20.7925048356;-0.4234423147;-0.2868698603;-0.4466910325
20.8028288201;-0.4577981429;-0.2868698603;-0.4160161859
20.8131528046;-0.4933809650;-0.2856428665;-0.3816603577
20.8234767892;-0.5252828055;-0.2893238481;-0.3473045294
20.8338007737;-0.5620926215;-0.2893238481;-0.3043597442
20.8441247582;-0.6013564251;-0.2917778358;-0.2552799896
20.8544487427;-0.6381662411;-0.2905508419;-0.2037462472
20.8647727273;-0.6823380202;-0.2893238481;-0.1436235478
20.8750967118;-0.7350987564;-0.2905508419;-0.0785928730
20.8854206963;-0.7841785110;-0.2893238481;-0.0123352043
20.8957446809;-0.8443012104;-0.2868698603;0.0490144890
20.9060686654;-0.9007429282;-0.2930048297;0.1201801331
20.9163926499;-0.9522766705;-0.2942318235;0.1925727712
20.9267166344;-1.0038104129;-0.2966858113;0.2649654092
20.9370406190;-1.0516631736;-0.3015937867;0.3336770657
20.9473646035;-1.0909269773;-0.3065017622;0.3974807466
20.9576885880;-1.1301907810;-0.3114097376;0.4625114215
20.9680125725;-1.1596386337;-0.3126367315;0.5177261454
20.9783365571;-1.1694545847;-0.3187717008;0.5680328939
20.9886605416;-1.1841785110;-0.3212256886;0.6085236914
20.9989845261;-1.1792705356;-0.3236796763;0.6465605012
21.0093085106;-1.1682275908;-0.3298146456;0.6772353479
21.0196324952;-1.1510496767;-0.3347226211;0.7017752252
21.0299564797;-1.1240558116;-0.3359496149;0.7189531393
21.0402804642;-1.0933809650;-0.3420845843;0.7349040595
21.0506044487;-1.0516631736;-0.3420845843;0.7508549798
21.0609284333;-1.0111723761;-0.3457655659;0.7618979246
21.0712524178;-0.9731355662;-0.3482195536;0.7680328939
21.0815764023;-0.9301907810;-0.3531275290;0.7815298264
21.0919003868;-0.8958349528;-0.3555815168;0.7950267589
21.1022243714;-0.8516631736;-0.3568085106;0.8036157160
21.1125483559;-0.8185343393;-0.3617164861;0.8171126485
21.1228723404;-0.7854055049;-0.3653974677;0.8342905626
21.1331963250;-0.7547306583;-0.3703054432;0.8514684767
21.1435203095;-0.7277367932;-0.3727594309;0.8735543663
21.1538442940;-0.6995159343;-0.3739864247;0.8931862681
21.1641682785;-0.6737490632;-0.3788944002;0.9115911761
21.1744922631;-0.6443012104;-0.3788944002;0.9275420963
21.1848162476;-0.6185343393;-0.3838023757;0.9422660227
21.1951402321;-0.5854055049;-0.3899373450;0.9594439368
21.2054642166;-0.5400067319;-0.3923913327;0.9668059000
21.2157882012;-0.4946079589;-0.3960723143;0.9741678632
21.2261121857;-0.4455282043;-0.3960723143;0.9680328939
21.2364361702;-0.3866324988;-0.3960723143;0.9631249184
21.2467601547;-0.3191478362;-0.3985263020;0.9434930166
21.2570841393;-0.2467551982;-0.3985263020;0.9177261454
21.2674081238;-0.1743625601;-0.3985263020;0.8870512988
21.2777321083;-0.0982889405;-0.4034342775;0.8428795196
21.2880560928;-0.0148533577;-0.3948453205;0.7974807466
21.2983800774;0.0636742497;-0.3985263020;0.7398120350
21.3087040619;0.1348398939;-0.3997532959;0.6821433233
21.3190280464;0.2109135135;-0.3948453205;0.6146586607
21.3293520309;0.2820791577;-0.3874833573;0.5508549798
21.3396760155;NaN;NaN;NaN